,user_id,name,email_address,username,date_of_birth,gender,location,membership_start_date,membership_end_date,subscription_plan,predicted_churn,churn_probability,churn_risk_percent,leave_probability_percent,risk_level,outcome,loyalty_score,engagement_vs_support,monthly_user,new_customer,high_support,low_engagement,days_to_expiry,feedback_ratings,churn,predicted_churn,retention_strategy,cross_recommendation
0,1,Ronald Murphy,williamholland@example.com,williamholland,1953-06-03,Male,Rebeccachester,2024-01-15,2025-01-14,Annual,0,0.3009708048805031,30.1,30.1,Low,About to Leave,0.7172,0.16933333333333334,0,0,0,0,-91,3.6,0,0,Send renewal reminder | Recommend personalized content,
1,2,Scott Allen,scott22@example.org,scott22,1978-07-08,Male,Mcphersonview,2024-01-07,2025-01-06,Monthly,0,0.5929883907169322,59.3,59.3,Medium,About to Leave,0.6876000000000001,0.08566666666666667,1,0,1,0,-99,3.8,1,0,Send renewal reminder | Offer Annual Plan discount | Assign priority support | Recommend personalized content,
2,3,Jonathan Parrish,brooke16@example.org,brooke16,1994-12-06,Female,Youngfort,2024-04-13,2025-04-13,Monthly,0,0.6354049709770655,63.54,63.54,Medium,About to Leave,0.6115999999999999,0.059111111111111114,1,0,1,0,-2,3.3,1,0,Send renewal reminder | Offer Annual Plan discount | Assign priority support | Collect feedback and offer service recovery | Recommend personalized content,
3,4,Megan Williams,elizabeth31@example.net,elizabeth31,1964-12-22,Female,Feliciashire,2024-01-24,2025-01-23,Monthly,0,0.5958016559518612,59.58,59.58,Medium,About to Leave,0.7016000000000001,0.09983333333333334,1,0,1,0,-82,3.3,1,0,Send renewal reminder | Offer Annual Plan discount | Assign priority support | Collect feedback and offer service recovery | Recommend personalized content,
4,5,Kathryn Brown,pattersonalexandra@example.org,pattersonalexandra,1961-06-04,Male,Port Deborah,2024-02-14,2025-02-13,Annual,0,0.25226185466269524,25.23,25.23,Low,Loyal,0.7736000000000001,0.3526666666666667,0,0,0,0,-61,4.3,0,0,Send renewal reminder | Recommend personalized content,Recommend premium Drama bundle | Recommend lifestyle and family content pack | Recommend family multi-screen plan | Offer loyalty reward / premium upsell
5,6,Sandra Cox,gparks@example.org,gparks,1954-09-19,Female,Lake Johnathan,2024-01-15,2025-01-14,Monthly,0,0.6335716217797441,63.36,63.36,Medium,About to Leave,0.6576000000000001,0.13955555555555557,1,0,0,1,-91,3.8,1,0,Send renewal reminder | Offer Annual Plan discount | Trigger engagement campaign | Recommend personalized content,
6,7,Benjamin Marshall,michaellewis@example.net,michaellewis,2003-02-09,Male,Carlsonchester,2024-04-08,2025-04-08,Monthly,0,0.5717398768370976,57.17,57.17,Medium,About to Leave,0.7288000000000001,0.07660606060606062,1,0,1,0,-7,4.4,1,0,Send renewal reminder | Offer Annual Plan discount | Assign priority support | Recommend personalized content,
7,8,James Smith,adrienne49@example.org,adrienne49,1946-10-04,Male,West Matthewborough,2024-02-16,2025-02-15,Monthly,0,0.6072218697113322,60.72,60.72,Medium,About to Leave,0.6872,0.09676190476190476,1,0,1,0,-59,3.6,1,0,Send renewal reminder | Offer Annual Plan discount | Assign priority support | Recommend personalized content,
8,9,Bradley Green,brittany02@example.net,brittany02,1950-12-24,Female,Karenshire,2024-04-09,2025-04-09,Annual,0,0.41858399247659045,41.86,41.86,Medium,About to Leave,0.728,0.09185185185185187,0,0,1,0,-6,4.0,0,0,Send renewal reminder | Assign priority support | Recommend personalized content,
9,10,Kayla Hernandez,jessica53@example.net,jessica53,1963-06-16,Male,West Stephen,2024-03-10,2025-03-10,Monthly,0,0.5278103012688473,52.78,52.78,Medium,About to Leave,0.8348000000000002,0.1422857142857143,1,0,1,0,-36,4.9,1,0,Send renewal reminder | Offer Annual Plan discount | Assign priority support | Recommend personalized content,
10,11,Douglas Hampton,tonya16@example.com,tonya16,1997-11-28,Female,Cynthiaport,2024-03-24,2025-03-24,Monthly,0,0.4289671645859144,42.9,42.9,Medium,About to Leave,0.7180000000000001,0.28,1,0,0,0,-22,4.0,0,0,Send renewal reminder | Offer Annual Plan discount | Recommend personalized content,
11,12,Andrew Gomez,brian80@example.org,brian80,1952-09-08,Female,Hillberg,2024-03-07,2025-03-07,Annual,0,0.45676157622228025,45.68,45.68,Medium,About to Leave,0.6888000000000001,0.0822857142857143,0,0,1,0,-39,4.4,0,0,Send renewal reminder | Assign priority support | Recommend personalized content,
12,13,Kevin Mayo,hochoa@example.net,hochoa,1981-11-18,Female,Michaeltown,2024-01-10,2025-01-09,Monthly,0,0.40591675848582426,40.59,40.59,Medium,About to Leave,0.8044000000000001,0.7213333333333334,1,0,0,0,-96,4.7,0,0,Send renewal reminder | Offer Annual Plan discount | Recommend personalized content,
13,14,Gregory Thomas,egriffin@example.com,egriffin,1989-08-17,Female,Harrisport,2024-01-07,2025-01-06,Annual,0,0.25180418741345617,25.18,25.18,Low,Loyal,0.7976000000000001,0.8186666666666668,0,0,0,0,-99,3.8,0,0,Send renewal reminder | Recommend personalized content,Recommend reading/documentary combo | Recommend mobile premium pack | Offer loyalty reward / premium upsell
14,15,Melanie Burns,meyerstacy@example.net,meyerstacy,2003-04-07,Male,East Janetfurt,2024-02-23,2025-02-22,Annual,0,0.4169869374680426,41.7,41.7,Medium,About to Leave,0.7148000000000001,0.06630303030303031,0,0,1,0,-52,4.9,0,0,Send renewal reminder | Assign priority support | Recommend personalized content,
15,16,Brittany Crane,jasonbowers@example.org,jasonbowers,1993-03-19,Female,Port Jeremyfurt,2024-01-03,2025-01-02,Annual,0,0.4179634774853667,41.8,41.8,Medium,About to Leave,0.74,0.4666666666666667,0,0,0,1,-103,5.0,0,0,Send renewal reminder | Trigger engagement campaign | Recommend personalized content,
16,17,Robert Gonzalez,cday@example.com,cday,1952-05-02,Female,Quinnberg,2024-03-25,2025-03-25,Annual,0,0.35208645687394696,35.21,35.21,Medium,About to Leave,0.6616,0.133,0,0,0,0,-21,3.3,0,0,Send renewal reminder | Collect feedback and offer service recovery | Recommend personalized content,
17,18,Mindy Baxter,phumphrey@example.net,phumphrey,1978-11-16,Female,New Brandon,2024-01-23,2025-01-22,Annual,0,0.410774834953092,41.08,41.08,Medium,About to Leave,0.7428000000000001,0.11752380952380954,0,0,1,0,-83,3.9,0,0,Send renewal reminder | Assign priority support | Recommend personalized content,
18,19,Michael Smith,paige55@example.org,paige55,1945-08-30,Female,South Michaelhaven,2024-01-27,2025-01-26,Annual,0,0.5973640066628166,59.74,59.74,Medium,About to Leave,0.6488,0.06323809523809525,0,0,1,1,-79,4.4,1,0,Send renewal reminder | Assign priority support | Trigger engagement campaign | Recommend personalized content,
19,20,Joseph Owens,christopher25@example.org,christopher25,1979-09-29,Female,Port Derekton,2024-03-15,2025-03-15,Annual,0,0.26779859407168494,26.78,26.78,Low,Loyal,0.7392000000000001,0.19466666666666668,0,0,0,0,-31,4.6,0,0,Send renewal reminder | Recommend personalized content,Recommend premium Sci-Fi bundle | Recommend reading/documentary combo | Recommend mobile premium pack
20,21,Devin Wolf,jacobrobinson@example.com,jacobrobinson,1956-07-05,Male,New Matthewbury,2024-03-15,2025-03-15,Monthly,0,0.611091282180284,61.11,61.11,Medium,About to Leave,0.6784000000000001,0.08114285714285716,1,0,1,0,-31,4.2,1,0,Send renewal reminder | Offer Annual Plan discount | Assign priority support | Recommend personalized content,
21,22,Heidi Brock,karen47@example.org,karen47,1967-02-17,Male,Lake Gloriaport,2024-01-15,2025-01-14,Monthly,0,0.4493008508660496,44.93,44.93,Medium,About to Leave,0.7028,0.18533333333333335,1,0,0,0,-91,3.9,0,0,Send renewal reminder | Offer Annual Plan discount | Recommend personalized content,
22,23,Tracy Hardin,ronald82@example.net,ronald82,1996-02-13,Female,North Audrey,2024-04-14,2025-04-14,Monthly,0,0.5463198123803854,54.63,54.63,Medium,About to Leave,0.7536000000000002,0.10483333333333335,1,0,1,0,-1,4.3,1,0,Send renewal reminder | Offer Annual Plan discount | Assign priority support | Recommend personalized content,
23,24,Maria White,castillokatie@example.com,castillokatie,1968-06-19,Male,West Raymond,2024-03-26,2025-03-26,Annual,0,0.2555374878070047,25.55,25.55,Low,Loyal,0.8495999999999999,0.8586666666666667,0,0,0,0,-20,4.8,0,0,Send renewal reminder | Recommend personalized content,Recommend premium Drama bundle | Recommend premium device streaming bundle | Recommend family multi-screen plan | Offer loyalty reward / premium upsell
24,25,Eric Johnson,lgreer@example.org,lgreer,1994-10-02,Female,North Jacob,2024-01-18,2025-01-17,Monthly,0,0.3997100092793731,39.97,39.97,Medium,About to Leave,0.8392,0.1968,1,0,0,0,-88,4.6,0,0,Send renewal reminder | Offer Annual Plan discount | Recommend personalized content,
25,26,Kenneth Jones,glen97@example.net,glen97,1986-09-22,Female,Shafferland,2024-02-12,2025-02-11,Monthly,0,0.6120505122167126,61.21,61.21,Medium,About to Leave,0.6876000000000001,0.08566666666666667,1,0,1,0,-63,3.8,1,0,Send renewal reminder | Offer Annual Plan discount | Assign priority support | Recommend personalized content,
26,27,Joel Cole,nyates@example.com,nyates,2005-03-29,Male,West Richardbury,2024-02-19,2025-02-18,Monthly,0,0.43046733675355603,43.05,43.05,Medium,About to Leave,0.7472,0.6773333333333333,1,0,0,0,-56,3.6,0,0,Send renewal reminder | Offer Annual Plan discount | Recommend personalized content,
27,28,Brittany Noble,carol56@example.com,carol56,1976-11-05,Male,New John,2024-01-26,2025-01-25,Monthly,0,0.6674424018240159,66.74,66.74,High,About to Leave,0.5860000000000001,0.052000000000000005,1,0,1,0,-80,3.0,1,0,Send renewal reminder | Offer Annual Plan discount | Assign priority support | Collect feedback and offer service recovery | Recommend personalized content,
28,29,Shelley Lopez,rodneyroberts@example.com,rodneyroberts,1967-07-05,Female,North Marymouth,2024-01-07,2025-01-06,Annual,0,0.41786059209607135,41.79,41.79,Medium,About to Leave,0.7796,0.10733333333333334,0,0,1,0,-99,4.8,0,0,Send renewal reminder | Assign priority support | Recommend personalized content,
29,30,Stephen Perkins,julie52@example.com,julie52,1976-09-16,Female,West James,2024-01-31,2025-01-30,Monthly,0,0.5811953937715202,58.12,58.12,Medium,About to Leave,0.7196000000000001,0.07253333333333334,1,0,1,0,-75,4.8,1,0,Send renewal reminder | Offer Annual Plan discount | Assign priority support | Recommend personalized content,
30,31,Christopher Davis,urobinson@example.net,urobinson,1955-09-19,Male,Randallton,2024-02-25,2025-02-24,Annual,0,0.4209345189962387,42.09,42.09,Medium,About to Leave,0.6991999999999999,0.06521212121212122,0,0,1,0,-50,4.6,0,0,Send renewal reminder | Assign priority support | Recommend personalized content,
31,32,Rodney Jones,zfrost@example.net,zfrost,1967-10-14,Female,Port Kimberly,2024-01-03,2025-01-02,Monthly,1,0.7771241264513961,77.71,77.71,High,About to Leave,0.6084,0.04346666666666667,1,0,1,1,-103,4.2,1,1,Send renewal reminder | Offer Annual Plan discount | Assign priority support | Trigger engagement campaign | Recommend personalized content,
32,33,Cheryl Johnson,louis25@example.com,louis25,1995-03-28,Male,Lisaton,2024-01-22,2025-01-21,Monthly,0,0.4715239930015489,47.15,47.15,Medium,About to Leave,0.7436,0.14106666666666667,1,0,0,0,-84,4.3,0,0,Send renewal reminder | Offer Annual Plan discount | Recommend personalized content,
33,34,Whitney Underwood,ujones@example.com,ujones,2002-07-23,Female,New Jenniferport,2024-03-30,2025-03-30,Annual,0,0.44108011571899575,44.11,44.11,Medium,About to Leave,0.6540000000000001,0.052727272727272734,0,0,1,0,-16,4.5,0,0,Send renewal reminder | Assign priority support | Recommend personalized content,
34,35,Cheryl Bradley,jesseforbes@example.org,jesseforbes,1933-05-11,Male,New Jason,2024-04-05,2025-04-05,Annual,0,0.6134755483718867,61.35,61.35,Medium,About to Leave,0.6176000000000001,0.05980952380952381,0,0,1,1,-10,3.8,1,0,Send renewal reminder | Assign priority support | Trigger engagement campaign | Recommend personalized content,
35,36,Carrie Smith,scottjohn@example.com,scottjohn,1991-07-03,Female,Clineshire,2024-01-17,2025-01-16,Monthly,0,0.6009453342454224,60.09,60.09,Medium,About to Leave,0.7096000000000001,0.06593939393939395,1,0,1,0,-89,4.8,1,0,Send renewal reminder | Offer Annual Plan discount | Assign priority support | Recommend personalized content,
36,37,Ryan Nunez,silvamichael@example.org,silvamichael,1944-10-26,Female,Jacquelinefurt,2024-02-16,2025-02-15,Monthly,0,0.5358243098430935,53.58,53.58,Medium,About to Leave,0.7532000000000001,0.11866666666666668,1,0,1,0,-59,4.1,1,0,Send renewal reminder | Offer Annual Plan discount | Assign priority support | Recommend personalized content,
37,38,John Wood,maxwellanthony@example.net,maxwellanthony,1975-07-23,Female,North Jerry,2024-01-23,2025-01-22,Annual,0,0.42779730518594505,42.78,42.78,Medium,About to Leave,0.7640000000000001,0.10583333333333335,0,0,1,0,-83,4.5,0,0,Send renewal reminder | Assign priority support | Recommend personalized content,
38,39,Rachel Holmes,maryjones@example.com,maryjones,1955-07-06,Female,Port Benjaminfort,2024-03-25,2025-03-25,Monthly,0,0.6007679490998755,60.08,60.08,Medium,About to Leave,0.6464000000000001,0.07348148148148148,1,0,1,0,-21,3.2,1,0,Send renewal reminder | Offer Annual Plan discount | Assign priority support | Collect feedback and offer service recovery | Recommend personalized content,
39,40,Terry Powell,reyesjennifer@example.com,reyesjennifer,1981-03-19,Female,Port Danielle,2024-02-04,2025-02-03,Annual,0,0.4792474325263772,47.92,47.92,Medium,About to Leave,0.6484,0.07244444444444445,0,0,0,1,-71,4.2,1,0,Send renewal reminder | Trigger engagement campaign | Recommend personalized content,
40,41,Mark Hernandez,william81@example.com,william81,1975-03-07,Male,Port Jillianbury,2024-03-18,2025-03-18,Monthly,0,0.5422292539557746,54.22,54.22,Medium,About to Leave,0.7591999999999999,0.09451851851851852,1,0,1,0,-28,4.6,1,0,Send renewal reminder | Offer Annual Plan discount | Assign priority support | Recommend personalized content,
41,42,Angela Hall,laura84@example.org,laura84,1962-06-14,Female,Sherrybury,2024-03-21,2025-03-21,Monthly,0,0.4507823499162028,45.08,45.08,Medium,About to Leave,0.7688,0.23644444444444446,1,0,0,0,-25,4.4,0,0,Send renewal reminder | Offer Annual Plan discount | Recommend personalized content,
42,43,Laura Griffith,michelle48@example.net,michelle48,2001-01-09,Female,Port Charleschester,2024-03-19,2025-03-19,Annual,0,0.43814996885901714,43.81,43.81,Medium,About to Leave,0.6572,0.06773333333333334,0,0,1,0,-27,3.6,0,0,Send renewal reminder | Assign priority support | Recommend personalized content,
43,44,Anita Calhoun MD,ashley86@example.com,ashley86,1945-08-27,Male,New Brandy,2024-03-14,2025-03-14,Annual,0,0.40323463420787353,40.32,40.32,Medium,About to Leave,0.7895999999999999,0.12266666666666667,0,0,1,0,-32,4.8,0,0,Send renewal reminder | Assign priority support | Recommend personalized content,
44,45,Shannon Clark,traci17@example.net,traci17,1943-08-20,Male,East Aaronburgh,2024-03-14,2025-03-14,Monthly,0,0.5332727158981883,53.33,53.33,Medium,About to Leave,0.76,0.10476190476190476,1,0,1,0,-32,5.0,1,0,Send renewal reminder | Offer Annual Plan discount | Assign priority support | Recommend personalized content,
45,46,Geoffrey Garcia,benjamin76@example.org,benjamin76,1993-10-31,Male,Jamesview,2024-02-03,2025-02-02,Annual,0,0.2986660393886911,29.87,29.87,Low,Loyal,0.7128,0.11488888888888889,0,0,0,0,-72,3.9,0,0,Send renewal reminder | Recommend personalized content,Recommend premium Sci-Fi bundle | Recommend lifestyle and family content pack | Recommend family multi-screen plan
46,47,Jeffery Maxwell,debra51@example.org,debra51,1953-04-13,Female,Davisfort,2024-02-21,2025-02-20,Annual,0,0.4443465786854554,44.43,44.43,Medium,About to Leave,0.6772,0.08466666666666667,0,0,1,0,-54,3.6,0,0,Send renewal reminder | Assign priority support | Recommend personalized content,
47,48,Robert Lloyd,bradleypatrick@example.org,bradleypatrick,1985-03-15,Male,West Tanya,2024-03-09,2025-03-09,Monthly,0,0.6004893148993257,60.05,60.05,Medium,About to Leave,0.6836000000000001,0.14622222222222223,1,0,0,1,-37,4.3,1,0,Send renewal reminder | Offer Annual Plan discount | Trigger engagement campaign | Recommend personalized content,
48,49,Melissa Wells,luis09@example.net,luis09,1950-07-27,Female,South Kylestad,2024-03-09,2025-03-09,Monthly,1,0.7805653408452944,78.06,78.06,High,About to Leave,0.5611999999999999,0.04340740740740741,1,0,1,1,-37,3.1,1,1,Send renewal reminder | Offer Annual Plan discount | Assign priority support | Trigger engagement campaign | Collect feedback and offer service recovery | Recommend personalized content,
49,50,Antonio Jackson,jrandall@example.org,jrandall,1965-07-23,Female,East Marcusberg,2024-03-24,2025-03-24,Annual,0,0.4414686143666515,44.15,44.15,Medium,About to Leave,0.7040000000000001,0.07133333333333333,0,0,1,0,-22,4.5,0,0,Send renewal reminder | Assign priority support | Recommend personalized content,
50,51,John Smith,dhuffman@example.net,dhuffman,1990-12-21,Male,New Nicoleport,2024-01-28,2025-01-27,Monthly,0,0.6142020806468311,61.42,61.42,Medium,About to Leave,0.6828000000000001,0.0765925925925926,1,0,1,0,-78,3.9,1,0,Send renewal reminder | Offer Annual Plan discount | Assign priority support | Recommend personalized content,
51,52,Jeremy Lyons,richardsmicheal@example.com,richardsmicheal,1976-11-05,Male,North Stephen,2024-02-02,2025-02-01,Annual,0,0.2386837524686261,23.87,23.87,Low,Loyal,0.8428000000000001,0.9560000000000001,0,0,0,0,-73,3.9,0,0,Send renewal reminder | Recommend personalized content,Recommend lifestyle and family content pack | Recommend offline mobile viewing pack | Offer loyalty reward / premium upsell
52,53,Cathy Harrington,kellygibson@example.org,kellygibson,1942-03-21,Male,Lake Wendyland,2024-04-14,2025-04-14,Monthly,1,0.7615374700961731,76.15,76.15,High,About to Leave,0.6548,0.05140740740740741,1,0,1,1,-1,4.9,1,1,Send renewal reminder | Offer Annual Plan discount | Assign priority support | Trigger engagement campaign | Recommend personalized content,
53,54,Lisa Bauer,allison13@example.org,allison13,1964-10-26,Male,Michaelfort,2024-01-28,2025-01-27,Annual,0,0.33593122773949896,33.59,33.59,Low,About to Leave,0.6971999999999999,0.11288888888888889,0,0,0,0,-78,3.6,0,0,Send renewal reminder | Recommend personalized content,
54,55,Margaret Cooper,fbradley@example.org,fbradley,1964-02-19,Female,Lake Samantha,2024-03-13,2025-03-13,Annual,0,0.2990852942083209,29.91,29.91,Low,Loyal,0.7848,0.18233333333333335,0,0,0,0,-33,4.9,0,0,Send renewal reminder | Recommend personalized content,Recommend premium Action bundle | Recommend lifestyle and family content pack | Recommend mobile premium pack | Offer loyalty reward / premium upsell
55,56,Robert Browning,lorettashelton@example.net,lorettashelton,1973-11-09,Female,East Charles,2024-02-03,2025-02-02,Annual,0,0.4143375261503474,41.43,41.43,Medium,About to Leave,0.7272000000000001,0.11580952380952382,0,0,1,0,-72,3.6,0,0,Send renewal reminder | Assign priority support | Recommend personalized content,
56,57,Amanda Williams DVM,reginald05@example.org,reginald05,1953-03-27,Female,Bowmanland,2024-01-02,2025-01-01,Monthly,0,0.4741248100769848,47.41,47.41,Medium,About to Leave,0.656,0.17333333333333334,1,0,0,0,-104,3.0,1,0,Send renewal reminder | Offer Annual Plan discount | Collect feedback and offer service recovery | Recommend personalized content,
57,58,William Clark,michael86@example.com,michael86,1961-05-19,Male,New Thomasville,2024-04-01,2025-04-01,Monthly,1,0.7696540977561801,76.97,76.97,High,About to Leave,0.6140000000000001,0.040606060606060604,1,0,1,1,-14,4.5,1,1,Send renewal reminder | Offer Annual Plan discount | Assign priority support | Trigger engagement campaign | Recommend personalized content,
58,59,Julie Dean,hduffy@example.org,hduffy,2003-03-09,Female,Port Olivia,2024-04-07,2025-04-07,Monthly,0,0.5624909147213731,56.25,56.25,Medium,About to Leave,0.7220000000000001,0.08545454545454546,1,0,1,0,-8,3.5,1,0,Send renewal reminder | Offer Annual Plan discount | Assign priority support | Recommend personalized content,
59,60,Neil Allen,hamiltonkeith@example.org,hamiltonkeith,1968-09-05,Female,Port Lauramouth,2024-04-11,2025-04-11,Annual,0,0.6520515114978462,65.21,65.21,High,About to Leave,0.5824,0.041466666666666666,0,0,1,1,-4,3.7,1,0,Send renewal reminder | Assign priority support | Trigger engagement campaign | Recommend personalized content,
60,61,Nicole Hunter,wendy13@example.com,wendy13,1953-09-24,Female,Smithborough,2024-02-15,2025-02-14,Monthly,0,0.4579274555587259,45.79,45.79,Medium,About to Leave,0.6828,0.11120000000000001,1,0,0,0,-60,3.9,0,0,Send renewal reminder | Offer Annual Plan discount | Recommend personalized content,
61,62,Susan Hurst,jessicaespinoza@example.com,jessicaespinoza,1991-10-15,Female,Phillipsfurt,2024-03-06,2025-03-06,Annual,0,0.4411182937952046,44.11,44.11,Medium,About to Leave,0.6991999999999999,0.06521212121212122,0,0,1,0,-40,4.6,0,0,Send renewal reminder | Assign priority support | Recommend personalized content,
62,63,Megan Bates,douglas02@example.net,douglas02,1981-08-17,Female,Harrisshire,2024-01-09,2025-01-08,Monthly,0,0.4285187360219169,42.85,42.85,Medium,About to Leave,0.7676000000000001,0.2046666666666667,1,0,0,0,-97,3.8,0,0,Send renewal reminder | Offer Annual Plan discount | Recommend personalized content,
63,64,Kristen Rowe,bcollins@example.org,bcollins,1974-06-10,Male,South Williammouth,2024-03-09,2025-03-09,Monthly,0,0.4902550907946756,49.03,49.03,Medium,About to Leave,0.7071999999999999,0.13546666666666668,1,0,0,0,-37,3.6,1,0,Send renewal reminder | Offer Annual Plan discount | Recommend personalized content,
64,65,Jessica Flores,aguilarjohn@example.net,aguilarjohn,1948-06-30,Female,New Jonathan,2024-01-17,2025-01-16,Monthly,0,0.5701261373694848,57.01,57.01,Medium,About to Leave,0.734,0.10190476190476191,1,0,1,0,-89,4.5,1,0,Send renewal reminder | Offer Annual Plan discount | Assign priority support | Recommend personalized content,
65,66,Elizabeth Taylor,desiree88@example.com,desiree88,1973-07-13,Female,Jennaburgh,2024-03-29,2025-03-29,Monthly,0,0.5798583490821069,57.99,57.99,Medium,About to Leave,0.6872,0.0736969696969697,1,0,1,0,-17,3.6,1,0,Send renewal reminder | Offer Annual Plan discount | Assign priority support | Recommend personalized content,
66,67,Ronald Brooks MD,arodriguez@example.net,arodriguez,2004-04-07,Female,Jonathanburgh,2024-02-01,2025-01-31,Annual,0,0.42157209784285093,42.16,42.16,Medium,About to Leave,0.7060000000000001,0.092,0,0,1,0,-74,3.0,0,0,Send renewal reminder | Assign priority support | Collect feedback and offer service recovery | Recommend personalized content,
67,68,Sonya Obrien,larry78@example.org,larry78,1946-02-17,Female,Jessicaborough,2024-03-19,2025-03-19,Annual,0,0.31046385690844075,31.05,31.05,Low,About to Leave,0.7368,0.6693333333333333,0,0,0,0,-27,3.4,0,0,Send renewal reminder | Collect feedback and offer service recovery | Recommend personalized content,
68,69,Tracy Koch,timothy25@example.net,timothy25,1947-08-03,Female,Kristenton,2024-04-09,2025-04-09,Monthly,0,0.5548498006576166,55.48,55.48,Medium,About to Leave,0.7944000000000001,0.09880000000000001,1,0,1,0,-6,4.7,1,0,Send renewal reminder | Offer Annual Plan discount | Assign priority support | Recommend personalized content,
69,70,Kendra Brooks DVM,obray@example.net,obray,1937-01-29,Male,Garzafort,2024-01-21,2025-01-20,Monthly,0,0.48517541989049146,48.52,48.52,Medium,About to Leave,0.6664,0.17600000000000002,1,0,0,0,-85,3.2,1,0,Send renewal reminder | Offer Annual Plan discount | Collect feedback and offer service recovery | Recommend personalized content,
70,71,Janice Oliver,bethany83@example.net,bethany83,1988-12-02,Male,South Leslie,2024-02-27,2025-02-26,Monthly,0,0.46110817461072107,46.11,46.11,Medium,About to Leave,0.7232,0.11622222222222223,1,0,0,0,-48,4.1,0,0,Send renewal reminder | Offer Annual Plan discount | Recommend personalized content,
71,72,Jennifer Shields,aanderson@example.org,aanderson,2004-10-07,Male,Williamport,2024-03-03,2025-03-03,Annual,0,0.4352876452335287,43.53,43.53,Medium,About to Leave,0.6912,0.09883333333333334,0,0,1,0,-43,3.1,0,0,Send renewal reminder | Assign priority support | Collect feedback and offer service recovery | Recommend personalized content,
72,73,Diana Dillon,diane28@example.com,diane28,1981-04-21,Male,South Beverlyton,2024-01-30,2025-01-29,Monthly,0,0.49312818082895665,49.31,49.31,Medium,About to Leave,0.702,0.13466666666666666,1,0,0,0,-76,3.5,1,0,Send renewal reminder | Offer Annual Plan discount | Recommend personalized content,
73,74,David Mata,cheyennewilson@example.net,cheyennewilson,1967-08-12,Male,Lake Rebecca,2024-04-08,2025-04-08,Annual,0,0.43541136179813505,43.54,43.54,Medium,About to Leave,0.7196000000000001,0.07253333333333334,0,0,1,0,-7,4.8,0,0,Send renewal reminder | Assign priority support | Recommend personalized content,
74,75,Megan Vaughan,walkersusan@example.net,walkersusan,1938-02-23,Female,Tinaberg,2024-02-03,2025-02-02,Annual,0,0.25882062277224355,25.88,25.88,Low,Loyal,0.7716000000000001,0.7986666666666667,0,0,0,0,-72,3.3,0,0,Send renewal reminder | Collect feedback and offer service recovery | Recommend personalized content,Recommend reading/documentary combo | Recommend mobile premium pack | Offer loyalty reward / premium upsell
75,76,Kelsey Diaz,jamesstevens@example.com,jamesstevens,1992-06-29,Female,Wongview,2024-02-07,2025-02-06,Annual,0,0.47270115136724017,47.27,47.27,Medium,About to Leave,0.6588,0.07377777777777779,0,0,0,1,-68,4.4,0,0,Send renewal reminder | Trigger engagement campaign | Recommend personalized content,
76,77,Jimmy Parker,shannon08@example.org,shannon08,1967-05-15,Female,Ramseymouth,2024-02-18,2025-02-17,Monthly,0,0.5681080130963729,56.81,56.81,Medium,About to Leave,0.7148000000000001,0.06630303030303031,1,0,1,0,-57,4.9,1,0,Send renewal reminder | Offer Annual Plan discount | Assign priority support | Recommend personalized content,
77,78,Perry Fry,lucas69@example.com,lucas69,1993-12-10,Female,Port Jasonville,2024-03-10,2025-03-10,Monthly,0,0.6479544717561547,64.8,64.8,Medium,About to Leave,0.6176,0.05018181818181819,1,0,1,0,-36,3.8,1,0,Send renewal reminder | Offer Annual Plan discount | Assign priority support | Recommend personalized content,
78,79,Evelyn Williams,john77@example.org,john77,1942-08-03,Male,Port Nicholas,2024-03-18,2025-03-18,Monthly,1,0.8130346702575482,81.3,81.3,High,About to Leave,0.5932000000000001,0.03915151515151515,1,0,1,1,-28,4.1,1,1,Send renewal reminder | Offer Annual Plan discount | Assign priority support | Trigger engagement campaign | Recommend personalized content,
79,80,Julie Sanchez,bakerzachary@example.net,bakerzachary,1994-12-11,Female,Michaelberg,2024-01-29,2025-01-28,Annual,0,0.4766638720592017,47.67,47.67,Medium,About to Leave,0.6368,0.07657142857142858,0,0,1,0,-77,3.4,1,0,Send renewal reminder | Assign priority support | Collect feedback and offer service recovery | Recommend personalized content,
80,81,Joseph Davis,greenelisa@example.com,greenelisa,1933-10-12,Male,Martinezfort,2024-01-07,2025-01-06,Monthly,0,0.48498465756059794,48.5,48.5,Medium,About to Leave,0.7016,0.16633333333333333,1,0,0,0,-99,3.3,1,0,Send renewal reminder | Offer Annual Plan discount | Collect feedback and offer service recovery | Recommend personalized content,
81,82,Monique Rodriguez,rrhodes@example.com,rrhodes,1940-05-03,Male,West Connorport,2024-03-20,2025-03-20,Monthly,0,0.5636486227683666,56.36,56.36,Medium,About to Leave,0.7372000000000001,0.09440000000000001,1,0,1,0,-26,3.6,1,0,Send renewal reminder | Offer Annual Plan discount | Assign priority support | Recommend personalized content,
82,83,Thomas Davis,brendasmith@example.com,brendasmith,1938-12-01,Female,Carsonhaven,2024-02-29,2025-02-28,Annual,0,0.33525803495010204,33.53,33.53,Low,About to Leave,0.7111999999999999,0.1317777777777778,0,0,0,0,-46,3.1,0,0,Send renewal reminder | Collect feedback and offer service recovery | Recommend personalized content,
83,84,Christopher Dickerson,wgregory@example.com,wgregory,1992-05-05,Female,Troytown,2024-01-15,2025-01-14,Monthly,0,0.49181338891098436,49.18,49.18,Medium,About to Leave,0.6864,0.13226666666666667,1,0,0,0,-91,3.2,1,0,Send renewal reminder | Offer Annual Plan discount | Collect feedback and offer service recovery | Recommend personalized content,
84,85,Keith Baker,ujones@example.com,ujones,1972-07-11,Female,Langton,2024-02-03,2025-02-02,Annual,0,0.3085395488390914,30.85,30.85,Low,About to Leave,0.666,0.26,0,0,0,0,-72,3.0,0,0,Send renewal reminder | Collect feedback and offer service recovery | Recommend personalized content,
85,86,Ashley Cortez,lisa59@example.net,lisa59,1948-06-13,Female,Charlesfurt,2024-02-23,2025-02-22,Annual,0,0.2867140055191173,28.67,28.67,Low,Loyal,0.7328,0.17233333333333334,0,0,0,0,-52,3.9,0,0,Send renewal reminder | Recommend personalized content,Recommend premium Action bundle | Recommend reading/documentary combo | Recommend family multi-screen plan
86,87,Tammy Ward,shannon33@example.com,shannon33,1974-03-16,Female,Lake Stephanieside,2024-01-28,2025-01-27,Annual,0,0.3101457748033604,31.01,31.01,Low,About to Leave,0.7696000000000001,0.14506666666666668,0,0,0,0,-78,4.8,0,0,Send renewal reminder | Recommend personalized content,
87,88,Mary Fernandez,richardsjimmy@example.com,richardsjimmy,1990-04-27,Male,Melissamouth,2024-02-10,2025-02-09,Monthly,0,0.42933701561692444,42.93,42.93,Medium,About to Leave,0.7288,0.19200000000000003,1,0,0,0,-65,4.4,0,0,Send renewal reminder | Offer Annual Plan discount | Recommend personalized content,
88,89,Gilbert Brown,ashleytate@example.net,ashleytate,1984-03-24,Male,Amyborough,2024-02-27,2025-02-26,Annual,0,0.2941654245485476,29.42,29.42,Low,Loyal,0.748,0.23111111111111113,0,0,0,0,-48,4.0,0,0,Send renewal reminder | Recommend personalized content,Recommend premium device streaming bundle | Recommend family multi-screen plan
89,90,Vanessa Lutz,harriscameron@example.org,harriscameron,1951-11-13,Female,North Michelleburgh,2024-02-11,2025-02-10,Monthly,0,0.4426771306392484,44.27,44.27,Medium,About to Leave,0.7744000000000001,0.18033333333333335,1,0,0,0,-64,4.7,0,0,Send renewal reminder | Offer Annual Plan discount | Recommend personalized content,
90,91,Jenna Pham,marybeltran@example.org,marybeltran,1937-08-15,Male,Harryland,2024-01-13,2025-01-12,Monthly,0,0.5995247149689091,59.95,59.95,Medium,About to Leave,0.6468,0.06693333333333333,1,0,1,0,-93,3.4,1,0,Send renewal reminder | Offer Annual Plan discount | Assign priority support | Collect feedback and offer service recovery | Recommend personalized content,
91,92,Alicia Williams,xpierce@example.org,xpierce,1991-06-20,Male,Lindseyland,2024-02-22,2025-02-21,Monthly,0,0.4383799707490015,43.84,43.84,Medium,About to Leave,0.7984000000000001,0.27822222222222226,1,0,0,0,-53,4.2,0,0,Send renewal reminder | Offer Annual Plan discount | Recommend personalized content,
92,93,Laura Saunders,sara71@example.net,sara71,1945-02-21,Male,Kevinchester,2024-02-13,2025-02-12,Annual,0,0.29345663342668693,29.35,29.35,Low,Loyal,0.6928,0.139,0,0,0,0,-62,3.9,0,0,Send renewal reminder | Recommend personalized content,Recommend premium Drama bundle | Recommend reading/documentary combo | Recommend mobile premium pack
93,94,Connor Morris,umiller@example.org,umiller,1981-03-04,Female,North Melissaville,2024-02-08,2025-02-07,Annual,0,0.26236232811391447,26.24,26.24,Low,Loyal,0.8028000000000001,0.1912,0,0,0,0,-67,3.9,0,0,Send renewal reminder | Recommend personalized content,Recommend premium Drama bundle | Recommend lifestyle and family content pack | Recommend offline mobile viewing pack | Offer loyalty reward / premium upsell
94,95,Shannon Farmer,coffeyparker@example.org,coffeyparker,1958-12-15,Female,Justinchester,2024-02-03,2025-02-02,Annual,0,0.3623895878861274,36.24,36.24,Medium,About to Leave,0.8191999999999999,0.14057142857142857,0,0,1,0,-72,4.6,0,0,Send renewal reminder | Assign priority support | Recommend personalized content,
95,96,Mackenzie Harris,andersonemily@example.net,andersonemily,1963-11-06,Female,Lake Barryland,2024-03-01,2025-03-01,Annual,0,0.4767022619512957,47.67,47.67,Medium,About to Leave,0.6364000000000001,0.06613333333333334,0,0,1,0,-45,3.2,1,0,Send renewal reminder | Assign priority support | Collect feedback and offer service recovery | Recommend personalized content,
96,97,Stephanie Potter,heather10@example.org,heather10,1958-05-05,Female,New Teresaburgh,2024-03-25,2025-03-25,Monthly,0,0.4645097199493968,46.45,46.45,Medium,About to Leave,0.7624000000000001,0.2036666666666667,1,0,0,0,-21,3.7,0,0,Send renewal reminder | Offer Annual Plan discount | Recommend personalized content,
97,98,Mitchell Potter,fsanchez@example.net,fsanchez,1979-08-27,Male,South Katieburgh,2024-01-27,2025-01-26,Annual,0,0.29051836638031026,29.05,29.05,Low,Loyal,0.8044000000000001,0.17093333333333335,0,0,0,0,-79,4.7,0,0,Send renewal reminder | Recommend personalized content,Recommend premium Documentary bundle | Recommend reading/documentary combo | Recommend mobile premium pack | Offer loyalty reward / premium upsell
98,99,Jonathan Rodriguez,nichole85@example.net,nichole85,1967-12-20,Male,East Shannonhaven,2024-02-29,2025-02-28,Monthly,0,0.592030074069417,59.2,59.2,Medium,About to Leave,0.6944000000000001,0.07350000000000001,1,0,1,0,-46,4.7,1,0,Send renewal reminder | Offer Annual Plan discount | Assign priority support | Recommend personalized content,
99,100,Jennifer Davis,zunigashelly@example.org,zunigashelly,1950-01-15,Female,West Nathanielton,2024-02-14,2025-02-13,Annual,0,0.30500000677639716,30.5,30.5,Low,About to Leave,0.7040000000000001,0.09666666666666668,0,0,0,0,-61,4.5,0,0,Send renewal reminder | Recommend personalized content,
100,101,Darlene Gutierrez,perkinsmary@example.org,perkinsmary,1956-09-20,Male,North Kristenbury,2024-01-19,2025-01-18,Monthly,0,0.4387980825668128,43.88,43.88,Medium,About to Leave,0.7944000000000001,0.3606666666666667,1,0,0,0,-87,4.7,0,0,Send renewal reminder | Offer Annual Plan discount | Recommend personalized content,
101,102,Paula Perez,trevorwelch@example.net,trevorwelch,2003-03-12,Female,Dicksonmouth,2024-04-12,2025-04-12,Annual,0,0.3084749481247995,30.85,30.85,Low,About to Leave,0.672,0.135,0,0,0,0,-3,3.5,0,0,Send renewal reminder | Recommend personalized content,
102,103,Jaime Edwards,aguirrejoshua@example.com,aguirrejoshua,1990-11-27,Male,Bennettmouth,2024-04-08,2025-04-08,Annual,0,0.5058995986418658,50.59,50.59,Medium,About to Leave,0.616,0.1288888888888889,0,0,0,1,-7,3.0,1,0,Send renewal reminder | Trigger engagement campaign | Collect feedback and offer service recovery | Recommend personalized content,
103,104,Sherry Salinas,roachmegan@example.org,roachmegan,1998-03-27,Male,New Markview,2024-04-04,2025-04-04,Annual,0,0.44356644032624065,44.36,44.36,Medium,About to Leave,0.6412,0.07303703703703704,0,0,1,0,-11,3.1,0,0,Send renewal reminder | Assign priority support | Collect feedback and offer service recovery | Recommend personalized content,
104,105,Paul Harris,ashley27@example.com,ashley27,1958-05-09,Male,West Robinborough,2024-01-07,2025-01-06,Monthly,0,0.44644131001414694,44.64,44.64,Medium,About to Leave,0.7316,0.6653333333333333,1,0,0,0,-99,3.3,0,0,Send renewal reminder | Offer Annual Plan discount | Collect feedback and offer service recovery | Recommend personalized content,
105,106,James Williams,rlove@example.org,rlove,1973-10-14,Male,West Robert,2024-02-13,2025-02-12,Annual,0,0.4548208545063518,45.48,45.48,Medium,About to Leave,0.6368,0.060848484848484846,0,0,1,0,-62,3.4,0,0,Send renewal reminder | Assign priority support | Collect feedback and offer service recovery | Recommend personalized content,
106,107,Alan Oneal,mbarker@example.net,mbarker,1949-02-23,Female,South Amy,2024-02-14,2025-02-13,Annual,0,0.4545122454344049,45.45,45.45,Medium,About to Leave,0.6616000000000001,0.08316666666666667,0,0,1,0,-61,3.3,0,0,Send renewal reminder | Assign priority support | Collect feedback and offer service recovery | Recommend personalized content,
107,108,Grant Jensen,tyler29@example.com,tyler29,1944-07-10,Female,East Mark,2024-04-11,2025-04-11,Monthly,0,0.6239130768564207,62.39,62.39,Medium,About to Leave,0.6564000000000001,0.08266666666666667,1,0,1,0,-4,3.2,1,0,Send renewal reminder | Offer Annual Plan discount | Assign priority support | Collect feedback and offer service recovery | Recommend personalized content,
108,109,Traci Arellano,uwolfe@example.org,uwolfe,1974-02-15,Male,Leeshire,2024-01-24,2025-01-23,Annual,0,0.3224097320326297,32.24,32.24,Low,About to Leave,0.6664,0.17600000000000002,0,0,0,0,-82,3.2,0,0,Send renewal reminder | Collect feedback and offer service recovery | Recommend personalized content,
109,110,Richard Ramsey,akemp@example.org,akemp,1982-01-12,Male,West Joan,2024-01-15,2025-01-14,Monthly,0,0.43942324982345293,43.94,43.94,Medium,About to Leave,0.7748,0.5960000000000001,1,0,0,0,-91,4.9,0,0,Send renewal reminder | Offer Annual Plan discount | Recommend personalized content,
110,111,Maria Lawrence,foxshelia@example.org,foxshelia,1953-10-24,Male,Johnton,2024-02-27,2025-02-26,Annual,0,0.40685846047679664,40.69,40.69,Medium,About to Leave,0.7068000000000001,0.10033333333333334,0,0,1,0,-48,3.4,0,0,Send renewal reminder | Assign priority support | Collect feedback and offer service recovery | Recommend personalized content,
111,112,Regina Ramsey,susan84@example.com,susan84,1982-05-29,Female,Clarkville,2024-02-17,2025-02-16,Annual,0,0.2989409493023966,29.89,29.89,Low,Loyal,0.7932,0.2768888888888889,0,0,0,0,-58,4.1,0,0,Send renewal reminder | Recommend personalized content,Recommend lifestyle and family content pack | Recommend mobile premium pack | Offer loyalty reward / premium upsell
112,113,Lisa Reese,nataliereynolds@example.org,nataliereynolds,1989-01-13,Male,Collinsmouth,2024-01-22,2025-01-21,Monthly,0,0.415585277594246,41.56,41.56,Medium,About to Leave,0.8248000000000001,0.2156666666666667,1,0,0,0,-84,4.9,0,0,Send renewal reminder | Offer Annual Plan discount | Recommend personalized content,
113,114,Bruce Pennington,angela32@example.com,angela32,1967-12-01,Male,South Sharonhaven,2024-02-06,2025-02-05,Annual,0,0.42157827145563853,42.16,42.16,Medium,About to Leave,0.7268000000000001,0.0936,0,0,1,0,-69,3.4,0,0,Send renewal reminder | Assign priority support | Collect feedback and offer service recovery | Recommend personalized content,
114,115,Jessica Barker,henryjennifer@example.org,henryjennifer,1981-08-03,Female,New Robert,2024-04-12,2025-04-12,Monthly,0,0.4739369214175886,47.39,47.39,Medium,About to Leave,0.7088,0.11520000000000001,1,0,0,0,-3,4.4,0,0,Send renewal reminder | Offer Annual Plan discount | Recommend personalized content,
115,116,Alexis Vasquez,griffinbarbara@example.com,griffinbarbara,1980-07-20,Female,Wellsstad,2024-04-07,2025-04-07,Monthly,0,0.4619982695637752,46.2,46.2,Medium,About to Leave,0.6876,0.138,1,0,0,0,-8,3.8,0,0,Send renewal reminder | Offer Annual Plan discount | Recommend personalized content,
116,117,Rebecca Lucero,martindakota@example.com,martindakota,1979-02-15,Female,Sullivantown,2024-03-29,2025-03-29,Annual,0,0.41923304979811155,41.92,41.92,Medium,About to Leave,0.734,0.10190476190476191,0,0,1,0,-17,4.5,0,0,Send renewal reminder | Assign priority support | Recommend personalized content,
117,118,Mary Phillips,gregorymills@example.org,gregorymills,1945-02-08,Female,Hortonview,2024-01-31,2025-01-30,Monthly,0,0.4035185976769904,40.35,40.35,Medium,About to Leave,0.7872,0.8106666666666668,1,0,0,0,-75,3.6,0,0,Send renewal reminder | Offer Annual Plan discount | Recommend personalized content,
118,119,Dustin James,tiffany46@example.org,tiffany46,1937-10-13,Female,Johnsonmouth,2024-01-14,2025-01-13,Annual,0,0.39610366667632796,39.61,39.61,Medium,About to Leave,0.7240000000000001,0.08916666666666667,0,0,1,0,-92,4.5,0,0,Send renewal reminder | Assign priority support | Recommend personalized content,
119,120,Robert Williams,tstephens@example.com,tstephens,1990-09-22,Female,North Margaret,2024-01-07,2025-01-06,Annual,0,0.25115879927213997,25.12,25.12,Low,Loyal,0.8232,0.24100000000000002,0,0,0,0,-99,4.1,0,0,Send renewal reminder | Recommend personalized content,Recommend premium Action bundle | Recommend premium device streaming bundle | Recommend family multi-screen plan | Offer loyalty reward / premium upsell
120,121,Lisa Washington,dbailey@example.net,dbailey,1991-11-03,Male,East Charlotte,2024-03-02,2025-03-02,Annual,0,0.24575506914977022,24.58,24.58,Low,Loyal,0.8384,0.3226666666666667,0,0,0,0,-44,4.2,0,0,Send renewal reminder | Recommend personalized content,Recommend premium Drama bundle | Recommend reading/documentary combo | Recommend offline mobile viewing pack | Offer loyalty reward / premium upsell
121,122,Brian French,stephenwilliams@example.net,stephenwilliams,1968-06-19,Male,Alisonfort,2024-03-15,2025-03-15,Monthly,1,0.7911188163983098,79.11,79.11,High,About to Leave,0.5816000000000001,0.04983333333333333,1,0,1,1,-31,3.3,1,1,Send renewal reminder | Offer Annual Plan discount | Assign priority support | Trigger engagement campaign | Collect feedback and offer service recovery | Recommend personalized content,
122,123,Elizabeth Flores,zstewart@example.net,zstewart,1936-03-11,Female,Brandifurt,2024-01-12,2025-01-11,Annual,0,0.29622756779858156,29.62,29.62,Low,Loyal,0.7464000000000001,0.2648888888888889,0,0,0,0,-94,3.2,0,0,Send renewal reminder | Collect feedback and offer service recovery | Recommend personalized content,Recommend premium Drama bundle | Recommend reading/documentary combo | Recommend family multi-screen plan
123,124,Melissa Crawford,kelleybenjamin@example.org,kelleybenjamin,1947-05-19,Male,Garciaview,2024-01-02,2025-01-01,Annual,0,0.4654142792183071,46.54,46.54,Medium,About to Leave,0.6844000000000001,0.06533333333333334,0,0,1,0,-104,4.7,0,0,Send renewal reminder | Assign priority support | Recommend personalized content,
124,125,Antonio Juarez,christopherjones@example.org,christopherjones,1990-06-24,Male,Byrdside,2024-01-25,2025-01-24,Annual,0,0.24755016484763312,24.76,24.76,Low,Loyal,0.8191999999999999,0.28355555555555556,0,0,0,0,-81,4.6,0,0,Send renewal reminder | Recommend personalized content,Recommend premium Drama bundle | Recommend premium device streaming bundle | Recommend mobile premium pack | Offer loyalty reward / premium upsell
125,126,Robert Wilson DDS,tiffany69@example.net,tiffany69,1985-05-09,Male,New Cherylhaven,2024-04-05,2025-04-05,Annual,0,0.41158615159376416,41.16,41.16,Medium,About to Leave,0.7048000000000001,0.07450000000000001,0,0,1,0,-10,4.9,0,0,Send renewal reminder | Assign priority support | Recommend personalized content,
126,127,Christopher Clay,stanleynathan@example.org,stanleynathan,2005-07-10,Female,East Christophertown,2024-03-26,2025-03-26,Annual,0,0.4657881190817726,46.58,46.58,Medium,About to Leave,0.6264000000000001,0.060121212121212124,0,0,1,0,-20,3.2,0,0,Send renewal reminder | Assign priority support | Collect feedback and offer service recovery | Recommend personalized content,
127,128,Ashley Jenkins,apope@example.com,apope,1985-06-19,Male,Lake Jacobport,2024-04-09,2025-04-09,Monthly,0,0.5913260778972406,59.13,59.13,Medium,About to Leave,0.7388000000000001,0.08426666666666668,1,0,1,0,-6,4.4,1,0,Send renewal reminder | Offer Annual Plan discount | Assign priority support | Recommend personalized content,
128,129,Charles Stafford,scott67@example.net,scott67,1991-10-05,Male,Michaelmouth,2024-04-14,2025-04-14,Monthly,0,0.5522949138447358,55.23,55.23,Medium,About to Leave,0.7791999999999999,0.12152380952380952,1,0,1,0,-1,4.6,1,0,Send renewal reminder | Offer Annual Plan discount | Assign priority support | Recommend personalized content,
129,130,Jordan Jackson,ubrown@example.org,ubrown,1953-09-28,Female,Lake Amystad,2024-01-05,2025-01-04,Annual,0,0.3209857753379257,32.1,32.1,Low,About to Leave,0.7188,0.14400000000000002,0,0,0,0,-101,4.4,0,0,Send renewal reminder | Recommend personalized content,
130,131,Christine Wright,gmoore@example.com,gmoore,1972-02-04,Male,Lunahaven,2024-01-20,2025-01-19,Monthly,0,0.6070329203872338,60.7,60.7,Medium,About to Leave,0.6212,0.05975757575757576,1,0,1,0,-86,3.1,1,0,Send renewal reminder | Offer Annual Plan discount | Assign priority support | Collect feedback and offer service recovery | Recommend personalized content,
131,132,Penny Jones,kgreen@example.com,kgreen,1969-08-15,Female,Port Deanland,2024-01-22,2025-01-21,Annual,0,0.3047432792736411,30.47,30.47,Low,About to Leave,0.6868,0.268,0,0,0,0,-84,3.4,0,0,Send renewal reminder | Collect feedback and offer service recovery | Recommend personalized content,
132,133,Thomas Simon,kelliolson@example.org,kelliolson,1947-08-17,Male,East Lawrenceburgh,2024-03-21,2025-03-21,Monthly,0,0.45035610943417154,45.04,45.04,Medium,About to Leave,0.7448,0.14900000000000002,1,0,0,0,-25,4.9,0,0,Send renewal reminder | Offer Annual Plan discount | Recommend personalized content,
133,134,Jamie Mitchell,gamblejulie@example.net,gamblejulie,1986-02-23,Female,Nicholashaven,2024-01-05,2025-01-04,Monthly,0,0.5266970669524735,52.67,52.67,Medium,About to Leave,0.774,0.12095238095238096,1,0,1,0,-101,4.5,1,0,Send renewal reminder | Offer Annual Plan discount | Assign priority support | Recommend personalized content,
134,135,Lauren Harris,tbriggs@example.org,tbriggs,2004-06-18,Male,Nicholasburgh,2024-01-09,2025-01-08,Monthly,0,0.5634691233130766,56.35,56.35,Medium,About to Leave,0.7536000000000002,0.10483333333333335,1,0,1,0,-97,4.3,1,0,Send renewal reminder | Offer Annual Plan discount | Assign priority support | Recommend personalized content,
135,136,Laura Martin,colelong@example.com,colelong,1964-01-01,Female,Adamfort,2024-04-08,2025-04-08,Annual,0,0.3247854973805946,32.48,32.48,Low,About to Leave,0.722,0.22444444444444445,0,0,0,0,-7,3.5,0,0,Send renewal reminder | Recommend personalized content,
136,137,Mark Snyder,deanwiley@example.org,deanwiley,1954-03-08,Male,Brianview,2024-04-11,2025-04-11,Monthly,0,0.4807112835255499,48.07,48.07,Medium,About to Leave,0.702,0.13466666666666666,1,0,0,0,-4,3.5,1,0,Send renewal reminder | Offer Annual Plan discount | Recommend personalized content,
137,138,Jesus Brown,zlee@example.net,zlee,1958-12-03,Female,South Dave,2024-03-24,2025-03-24,Annual,0,0.36443592363528865,36.44,36.44,Medium,About to Leave,0.636,0.10400000000000001,0,0,0,0,-22,3.0,0,0,Send renewal reminder | Collect feedback and offer service recovery | Recommend personalized content,
138,139,Katherine Jackson,grahammelissa@example.org,grahammelissa,1991-05-06,Female,East Mary,2024-04-14,2025-04-14,Annual,0,0.44683555301140326,44.68,44.68,Medium,About to Leave,0.6692000000000001,0.05840000000000001,0,0,1,0,-1,4.6,0,0,Send renewal reminder | Assign priority support | Recommend personalized content,
139,140,Amy Serrano,weaverrobert@example.com,weaverrobert,1974-12-28,Male,Maryside,2024-02-13,2025-02-12,Annual,0,0.3112439769651302,31.12,31.12,Low,About to Leave,0.7876,0.15866666666666668,0,0,0,0,-62,3.8,0,0,Send renewal reminder | Recommend personalized content,
140,141,Rachel Little,smatthews@example.com,smatthews,2003-12-29,Male,Carlbury,2024-01-20,2025-01-19,Annual,0,0.2673208760406027,26.73,26.73,Low,Loyal,0.7748,0.5960000000000001,0,0,0,0,-86,4.9,0,0,Send renewal reminder | Recommend personalized content,Recommend premium Action bundle | Recommend lifestyle and family content pack | Recommend mobile premium pack | Offer loyalty reward / premium upsell
141,142,Chris Atkins,davidbell@example.org,davidbell,1950-04-10,Female,East Jameschester,2024-04-05,2025-04-05,Monthly,0,0.4589555114266341,45.9,45.9,Medium,About to Leave,0.7224,0.17033333333333334,1,0,0,0,-10,3.7,0,0,Send renewal reminder | Offer Annual Plan discount | Recommend personalized content,
142,143,Matthew Compton,heatherpacheco@example.org,heatherpacheco,1938-03-29,Female,Myersburgh,2024-03-09,2025-03-09,Annual,0,0.2600353163207004,26.0,26.0,Low,Loyal,0.7492000000000001,0.29200000000000004,0,0,0,0,-37,4.6,0,0,Send renewal reminder | Recommend personalized content,Recommend reading/documentary combo | Recommend offline mobile viewing pack
143,144,John Martinez,castillosarah@example.net,castillosarah,1995-12-15,Male,Cunninghamchester,2024-02-20,2025-02-19,Monthly,0,0.56897120647476,56.9,56.9,Medium,About to Leave,0.7640000000000001,0.10583333333333335,1,0,1,0,-55,4.5,1,0,Send renewal reminder | Offer Annual Plan discount | Assign priority support | Recommend personalized content,
144,145,Virginia Gomez,tonypace@example.com,tonypace,1947-05-08,Male,Jacksonburgh,2024-01-31,2025-01-30,Annual,0,0.2817181493332972,28.17,28.17,Low,Loyal,0.8084000000000001,0.4173333333333334,0,0,0,0,-75,4.2,0,0,Send renewal reminder | Recommend personalized content,Recommend premium Drama bundle | Recommend lifestyle and family content pack | Recommend offline mobile viewing pack | Offer loyalty reward / premium upsell
145,146,Carolyn Hale,andreawalker@example.org,andreawalker,1981-03-25,Male,Collinschester,2024-02-22,2025-02-21,Monthly,0,0.4481869228446757,44.82,44.82,Medium,About to Leave,0.7488,0.5760000000000001,1,0,0,0,-53,4.4,0,0,Send renewal reminder | Offer Annual Plan discount | Recommend personalized content,
146,147,Kathleen Carter,alexreese@example.org,alexreese,1992-08-13,Male,South Triciaburgh,2024-02-10,2025-02-09,Monthly,0,0.6208057786991875,62.08,62.08,Medium,About to Leave,0.6584,0.08693333333333333,1,0,0,1,-65,4.2,1,0,Send renewal reminder | Offer Annual Plan discount | Trigger engagement campaign | Recommend personalized content,
147,148,Troy Smith,john96@example.net,john96,1980-06-26,Male,West Jennifer,2024-03-27,2025-03-27,Monthly,0,0.45395057136236866,45.4,45.4,Medium,About to Leave,0.7436,0.5720000000000001,1,0,0,0,-19,4.3,0,0,Send renewal reminder | Offer Annual Plan discount | Recommend personalized content,
148,149,Alexander Hernandez,kellicook@example.com,kellicook,1971-11-12,Male,West Paulaport,2024-02-20,2025-02-19,Annual,0,0.40120955054597096,40.12,40.12,Medium,About to Leave,0.7384000000000002,0.09274074074074075,0,0,1,0,-55,4.2,0,0,Send renewal reminder | Assign priority support | Recommend personalized content,
149,150,Elizabeth Duncan,dbell@example.org,dbell,1995-03-24,Female,Rodriguezshire,2024-04-02,2025-04-02,Annual,0,0.4550255279996389,45.5,45.5,Medium,About to Leave,0.6928000000000001,0.08616666666666667,0,0,1,0,-13,3.9,0,0,Send renewal reminder | Assign priority support | Recommend personalized content,
150,151,Jeremy Fernandez,donaldstephenson@example.org,donaldstephenson,1988-11-29,Male,South Kristentown,2024-02-21,2025-02-20,Annual,0,0.252369026458176,25.24,25.24,Low,Loyal,0.8395999999999999,0.16533333333333333,0,0,0,0,-54,4.8,0,0,Send renewal reminder | Recommend personalized content,Recommend premium Drama bundle | Recommend reading/documentary combo | Recommend family multi-screen plan | Offer loyalty reward / premium upsell
151,152,Phillip Jones,valenzuelaadrienne@example.com,valenzuelaadrienne,1985-01-26,Female,North Sherryshire,2024-01-22,2025-01-21,Annual,0,0.44659805042652334,44.66,44.66,Medium,About to Leave,0.7216,0.0932,0,0,1,0,-84,3.3,0,0,Send renewal reminder | Assign priority support | Collect feedback and offer service recovery | Recommend personalized content,
152,153,Thomas Woods,ttapia@example.org,ttapia,1990-08-09,Female,East Stevenfort,2024-03-31,2025-03-31,Monthly,0,0.5933899817234578,59.34,59.34,Medium,About to Leave,0.7424000000000001,0.09480000000000001,1,0,1,0,-15,3.7,1,0,Send renewal reminder | Offer Annual Plan discount | Assign priority support | Recommend personalized content,
153,154,Sara Doyle,odoyle@example.net,odoyle,1948-06-24,Male,Robertbury,2024-01-09,2025-01-08,Monthly,0,0.4247663699347432,42.48,42.48,Medium,About to Leave,0.8236000000000001,0.8386666666666668,1,0,0,0,-97,4.3,0,0,Send renewal reminder | Offer Annual Plan discount | Recommend personalized content,
154,155,Joel Green,jamesbecker@example.com,jamesbecker,2000-06-08,Male,North Misty,2024-03-19,2025-03-19,Monthly,0,0.4253471478245669,42.53,42.53,Medium,About to Leave,0.7891999999999999,0.14177777777777778,1,0,0,0,-27,4.6,0,0,Send renewal reminder | Offer Annual Plan discount | Recommend personalized content,
155,156,Pamela Wagner,justinsmith@example.org,justinsmith,1989-02-10,Male,Lake Phillip,2024-04-10,2025-04-10,Annual,0,0.3195424623156604,31.95,31.95,Low,About to Leave,0.6832,0.09400000000000001,0,0,0,0,-5,4.1,0,0,Send renewal reminder | Recommend personalized content,
156,157,Grant Carlson,loritate@example.org,loritate,1977-08-18,Male,Calebstad,2024-03-19,2025-03-19,Annual,0,0.3687322183772481,36.87,36.87,Medium,About to Leave,0.8040000000000002,0.12250000000000001,0,0,1,0,-27,4.5,0,0,Send renewal reminder | Assign priority support | Recommend personalized content,
157,158,Dr. Desiree Mitchell,heidi61@example.net,heidi61,1982-10-07,Male,Philipshire,2024-03-26,2025-03-26,Monthly,0,0.5646800040137953,56.47,56.47,Medium,About to Leave,0.7388000000000001,0.08426666666666668,1,0,1,0,-20,4.4,1,0,Send renewal reminder | Offer Annual Plan discount | Assign priority support | Recommend personalized content,
158,159,Scott Hall,christianlove@example.net,christianlove,1973-09-15,Female,Port Anthony,2024-01-23,2025-01-22,Monthly,0,0.4035437921675079,40.35,40.35,Medium,About to Leave,0.7896000000000001,0.24177777777777779,1,0,0,0,-83,4.8,0,0,Send renewal reminder | Offer Annual Plan discount | Recommend personalized content,
159,160,Veronica Barr,emosley@example.com,emosley,1934-10-16,Female,East Johnland,2024-01-29,2025-01-28,Monthly,0,0.5907063511146737,59.07,59.07,Medium,About to Leave,0.6676000000000001,0.06853333333333333,1,0,1,0,-77,3.8,1,0,Send renewal reminder | Offer Annual Plan discount | Assign priority support | Recommend personalized content,
160,161,Katherine Andrews,jareddavies@example.com,jareddavies,1992-11-30,Female,West Kennethchester,2024-02-29,2025-02-28,Monthly,0,0.4778452761082115,47.78,47.78,Medium,About to Leave,0.6412,0.1048,1,0,0,0,-46,3.1,1,0,Send renewal reminder | Offer Annual Plan discount | Collect feedback and offer service recovery | Recommend personalized content,
161,162,Eric Hernandez,robertmcdaniel@example.com,robertmcdaniel,1965-08-21,Male,South Scottview,2024-03-16,2025-03-16,Annual,0,0.48937054958788284,48.94,48.94,Medium,About to Leave,0.6280000000000001,0.05090909090909091,0,0,1,0,-30,4.0,1,0,Send renewal reminder | Assign priority support | Recommend personalized content,
162,163,Kenneth Baldwin,jorgelowe@example.com,jorgelowe,1986-06-10,Male,Port Mariahton,2024-01-16,2025-01-15,Monthly,0,0.4339390987557881,43.39,43.39,Medium,About to Leave,0.7368,0.6693333333333333,1,0,0,0,-90,3.4,0,0,Send renewal reminder | Offer Annual Plan discount | Collect feedback and offer service recovery | Recommend personalized content,
163,164,Linda Warren,adamsnicole@example.net,adamsnicole,2001-10-18,Female,Mortonmouth,2024-03-04,2025-03-04,Monthly,0,0.4625774111070885,46.26,46.26,Medium,About to Leave,0.7076,0.276,1,0,0,0,-42,3.8,0,0,Send renewal reminder | Offer Annual Plan discount | Recommend personalized content,
164,165,Earl Griffin,jenniferwalker@example.com,jenniferwalker,1953-01-02,Male,Fowlerborough,2024-01-13,2025-01-12,Annual,0,0.44427359061618643,44.43,44.43,Medium,About to Leave,0.6216,0.0665,0,0,1,0,-93,3.3,0,0,Send renewal reminder | Assign priority support | Collect feedback and offer service recovery | Recommend personalized content,
165,166,Matthew Greer,juarezanthony@example.com,juarezanthony,1983-01-27,Female,North Benjamin,2024-03-30,2025-03-30,Monthly,0,0.45898343076581816,45.9,45.9,Medium,About to Leave,0.7536,0.17633333333333334,1,0,0,0,-16,4.3,0,0,Send renewal reminder | Offer Annual Plan discount | Recommend personalized content,
166,167,Kimberly Murray,jbeasley@example.com,jbeasley,1941-01-15,Male,New Shannonmouth,2024-02-26,2025-02-25,Monthly,0,0.4475511563382216,44.76,44.76,Medium,About to Leave,0.7116,0.22177777777777777,1,0,0,0,-49,3.3,0,0,Send renewal reminder | Offer Annual Plan discount | Collect feedback and offer service recovery | Recommend personalized content,
167,168,Patricia Long,paullara@example.net,paullara,1976-05-22,Female,Port Tracyville,2024-01-08,2025-01-07,Annual,0,0.27022679441796926,27.02,27.02,Low,Loyal,0.7896000000000001,0.24177777777777779,0,0,0,0,-98,4.8,0,0,Send renewal reminder | Recommend personalized content,Recommend premium Comedy bundle | Recommend lifestyle and family content pack | Recommend mobile premium pack | Offer loyalty reward / premium upsell
168,169,Peter Harper,lindamoore@example.com,lindamoore,1969-10-22,Male,Lake Joshua,2024-04-09,2025-04-09,Annual,0,0.4456743671520086,44.57,44.57,Medium,About to Leave,0.6728000000000001,0.21133333333333335,0,0,0,1,-6,3.9,0,0,Send renewal reminder | Trigger engagement campaign | Recommend personalized content,
169,170,Natalie Bartlett,kendragriffin@example.org,kendragriffin,1976-12-11,Male,Andrewview,2024-02-03,2025-02-02,Annual,0,0.44741619708361324,44.74,44.74,Medium,About to Leave,0.6716000000000001,0.07260606060606062,0,0,1,0,-72,3.3,0,0,Send renewal reminder | Assign priority support | Collect feedback and offer service recovery | Recommend personalized content,
170,171,David Mccarty,kimberly44@example.net,kimberly44,1944-05-08,Male,Gibsonburgh,2024-04-08,2025-04-08,Monthly,0,0.5632641589632483,56.33,56.33,Medium,About to Leave,0.7176,0.09096296296296297,1,0,1,0,-7,3.8,1,0,Send renewal reminder | Offer Annual Plan discount | Assign priority support | Recommend personalized content,
171,172,Sarah Thomas,everettbethany@example.net,everettbethany,1964-09-15,Female,Lake Jorgemouth,2024-02-20,2025-02-19,Monthly,0,0.5819715339757311,58.2,58.2,Medium,About to Leave,0.6744000000000001,0.058800000000000005,1,0,1,0,-55,4.7,1,0,Send renewal reminder | Offer Annual Plan discount | Assign priority support | Recommend personalized content,
172,173,Heather Holloway,brandymccullough@example.org,brandymccullough,1970-07-30,Male,Cortezborough,2024-04-12,2025-04-12,Monthly,0,0.4652219830787943,46.52,46.52,Medium,About to Leave,0.7024,0.11355555555555556,1,0,0,0,-3,3.7,0,0,Send renewal reminder | Offer Annual Plan discount | Recommend personalized content,
173,174,Allison Mata,youngashley@example.com,youngashley,1988-10-10,Female,East Michaelmouth,2024-03-14,2025-03-14,Annual,0,0.45444077525877813,45.44,45.44,Medium,About to Leave,0.6984,0.4346666666666667,0,0,0,1,-32,4.2,0,0,Send renewal reminder | Trigger engagement campaign | Recommend personalized content,
174,175,William Gonzalez,jonesheather@example.org,jonesheather,1950-04-06,Female,East Erin,2024-02-04,2025-02-03,Annual,0,0.4092024959203696,40.92,40.92,Medium,About to Leave,0.6996000000000001,0.07400000000000001,0,0,1,0,-71,4.8,0,0,Send renewal reminder | Assign priority support | Recommend personalized content,
175,176,Alexandra James,twilliams@example.com,twilliams,1986-07-07,Female,Lake Codymouth,2024-02-13,2025-02-12,Monthly,0,0.5629852312231238,56.3,56.3,Medium,About to Leave,0.7316,0.10355555555555557,1,0,1,0,-62,3.3,1,0,Send renewal reminder | Offer Annual Plan discount | Assign priority support | Collect feedback and offer service recovery | Recommend personalized content,
176,177,Anthony Ellis,jenniferking@example.org,jenniferking,1972-03-06,Female,Michaelaport,2024-02-16,2025-02-15,Monthly,0,0.4265406777202878,42.65,42.65,Medium,About to Leave,0.7368,0.6693333333333333,1,0,0,0,-59,3.4,0,0,Send renewal reminder | Offer Annual Plan discount | Collect feedback and offer service recovery | Recommend personalized content,
177,178,Autumn Hoffman,timothymercado@example.net,timothymercado,1990-06-20,Male,Lake Bobby,2024-03-24,2025-03-24,Monthly,0,0.4636123735959554,46.36,46.36,Medium,About to Leave,0.7564000000000001,0.39733333333333337,1,0,0,0,-22,3.2,0,0,Send renewal reminder | Offer Annual Plan discount | Collect feedback and offer service recovery | Recommend personalized content,
178,179,Travis Jenkins,mason12@example.net,mason12,1949-03-31,Female,Williamland,2024-03-24,2025-03-24,Annual,0,0.3722620559057387,37.23,37.23,Medium,About to Leave,0.774,0.12095238095238096,0,0,1,0,-22,4.5,0,0,Send renewal reminder | Assign priority support | Recommend personalized content,
179,180,Victoria Patel,sarah63@example.net,sarah63,1944-06-09,Female,Drakemouth,2024-04-13,2025-04-13,Monthly,0,0.6438835933816929,64.39,64.39,Medium,About to Leave,0.6368,0.060848484848484846,1,0,1,0,-2,3.4,1,0,Send renewal reminder | Offer Annual Plan discount | Assign priority support | Collect feedback and offer service recovery | Recommend personalized content,
180,181,Kevin Lopez,mbrady@example.com,mbrady,1995-12-17,Male,Bentonfort,2024-03-23,2025-03-23,Monthly,0,0.5508668060740707,55.09,55.09,Medium,About to Leave,0.8248000000000002,0.12450000000000001,1,0,1,0,-23,4.9,1,0,Send renewal reminder | Offer Annual Plan discount | Assign priority support | Recommend personalized content,
181,182,Jessica Villanueva,burkedustin@example.org,burkedustin,2000-03-18,Male,Lake Douglasside,2024-03-16,2025-03-16,Annual,0,0.28806178344551375,28.81,28.81,Low,Loyal,0.7836000000000001,0.7053333333333334,0,0,0,0,-30,4.3,0,0,Send renewal reminder | Recommend personalized content,Recommend premium Documentary bundle | Recommend premium device streaming bundle | Recommend family multi-screen plan | Offer loyalty reward / premium upsell
182,183,Jason Murphy,jessicaglass@example.net,jessicaglass,1941-08-11,Female,North Ernest,2024-01-02,2025-01-01,Monthly,0,0.5964394356647903,59.64,59.64,Medium,About to Leave,0.7212000000000001,0.10266666666666667,1,0,1,0,-104,3.1,1,0,Send renewal reminder | Offer Annual Plan discount | Assign priority support | Collect feedback and offer service recovery | Recommend personalized content,
183,184,Cindy Adkins,christine45@example.net,christine45,1951-11-29,Male,New Brookestad,2024-04-05,2025-04-05,Annual,0,0.4071474290922011,40.71,40.71,Medium,About to Leave,0.7196000000000001,0.07253333333333334,0,0,1,0,-10,4.8,0,0,Send renewal reminder | Assign priority support | Recommend personalized content,
184,185,Reginald Perez,nicole19@example.net,nicole19,1993-03-04,Female,Aprilberg,2024-01-30,2025-01-29,Annual,0,0.38268393542545825,38.27,38.27,Medium,About to Leave,0.7736000000000001,0.09720000000000001,0,0,1,0,-76,4.3,0,0,Send renewal reminder | Assign priority support | Recommend personalized content,
185,186,Michelle Williams,samanthapowell@example.com,samanthapowell,1954-06-05,Male,Mejiaburgh,2024-02-22,2025-02-21,Monthly,0,0.6110593463604951,61.11,61.11,Medium,About to Leave,0.6428,0.061777777777777786,1,0,1,0,-53,3.9,1,0,Send renewal reminder | Offer Annual Plan discount | Assign priority support | Recommend personalized content,
186,187,Leslie West,jackmiller@example.com,jackmiller,2002-12-09,Female,Munozville,2024-02-20,2025-02-19,Annual,0,0.45750783386070665,45.75,45.75,Medium,About to Leave,0.6796000000000001,0.05920000000000001,0,0,1,0,-55,4.8,0,0,Send renewal reminder | Assign priority support | Recommend personalized content,
187,188,Michael Delgado,maria52@example.org,maria52,1996-07-21,Male,Lewisberg,2024-04-13,2025-04-13,Annual,0,0.44921807926525514,44.92,44.92,Medium,About to Leave,0.7132000000000001,0.07551515151515152,0,0,1,0,-2,4.1,0,0,Send renewal reminder | Assign priority support | Recommend personalized content,
188,189,Janice Erickson,natalie75@example.org,natalie75,1940-02-11,Female,North April,2024-02-01,2025-01-31,Annual,0,0.262674276955525,26.27,26.27,Low,Loyal,0.8144000000000001,0.2136666666666667,0,0,0,0,-74,4.7,0,0,Send renewal reminder | Recommend personalized content,Recommend reading/documentary combo | Recommend offline mobile viewing pack | Offer loyalty reward / premium upsell
189,190,Benjamin Stewart,dustinsmith@example.net,dustinsmith,1976-10-01,Male,South Angelaland,2024-01-06,2025-01-05,Monthly,0,0.6517841751865734,65.18,65.18,High,About to Leave,0.5916,0.048363636363636366,1,0,1,0,-100,3.3,1,0,Send renewal reminder | Offer Annual Plan discount | Assign priority support | Collect feedback and offer service recovery | Recommend personalized content,
190,191,Keith Townsend,danielclark@example.net,danielclark,1993-12-20,Male,Lake Kelseychester,2024-03-21,2025-03-21,Monthly,0,0.456581709268883,45.66,45.66,Medium,About to Leave,0.73,0.10000000000000002,1,0,0,0,-25,5.0,0,0,Send renewal reminder | Offer Annual Plan discount | Recommend personalized content,
191,192,Juan Ramos,brent46@example.org,brent46,1946-12-02,Female,Vargasshire,2024-03-21,2025-03-21,Annual,0,0.2929243973553111,29.29,29.29,Low,Loyal,0.732,0.13444444444444445,0,0,0,0,-25,3.5,0,0,Send renewal reminder | Recommend personalized content,Recommend premium Sci-Fi bundle | Recommend reading/documentary combo | Recommend family multi-screen plan
192,193,Shawn Stevens,angelawhite@example.org,angelawhite,1938-10-03,Female,Port Markland,2024-02-07,2025-02-06,Monthly,0,0.47299946275270516,47.3,47.3,Medium,About to Leave,0.7384000000000001,0.14026666666666668,1,0,0,0,-68,4.2,0,0,Send renewal reminder | Offer Annual Plan discount | Recommend personalized content,
193,194,Tracy Page,nicholsmia@example.com,nicholsmia,1975-05-19,Female,Dianachester,2024-01-25,2025-01-24,Monthly,0,0.49356802086321167,49.36,49.36,Medium,About to Leave,0.6832,0.09400000000000001,1,0,0,0,-81,4.1,1,0,Send renewal reminder | Offer Annual Plan discount | Recommend personalized content,
194,195,Elizabeth Sellers,johnsonjohn@example.org,johnsonjohn,1946-09-25,Female,West Michaelside,2024-03-20,2025-03-20,Monthly,0,0.5817134230465061,58.17,58.17,Medium,About to Leave,0.6736000000000001,0.07150000000000001,1,0,1,0,-26,4.3,1,0,Send renewal reminder | Offer Annual Plan discount | Assign priority support | Recommend personalized content,
195,196,Kevin Spence,christophermontgomery@example.net,christophermontgomery,1991-06-27,Male,Karenside,2024-01-25,2025-01-24,Annual,0,0.6446825232296196,64.47,64.47,Medium,About to Leave,0.5776000000000001,0.038060606060606066,0,0,1,1,-81,3.8,1,0,Send renewal reminder | Assign priority support | Trigger engagement campaign | Recommend personalized content,
196,197,Courtney Tucker,andersoncassandra@example.net,andersoncassandra,1966-09-13,Male,Millerbury,2024-04-07,2025-04-07,Annual,0,0.46072847672088013,46.07,46.07,Medium,About to Leave,0.6364000000000001,0.06613333333333334,0,0,1,0,-8,3.2,0,0,Send renewal reminder | Assign priority support | Collect feedback and offer service recovery | Recommend personalized content,
197,198,Jesse Bailey,angela14@example.com,angela14,2000-08-20,Male,Lake Brianaborough,2024-04-05,2025-04-05,Monthly,0,0.5833351643495799,58.33,58.33,Medium,About to Leave,0.6564000000000001,0.08266666666666667,1,0,1,0,-10,3.2,1,0,Send renewal reminder | Offer Annual Plan discount | Assign priority support | Collect feedback and offer service recovery | Recommend personalized content,
198,199,Autumn Brooks,dominicburns@example.com,dominicburns,1967-05-01,Male,New Emma,2024-04-01,2025-04-01,Monthly,0,0.39222143012271093,39.22,39.22,Medium,About to Leave,0.8344,0.16466666666666668,1,0,0,0,-14,4.7,0,0,Send renewal reminder | Offer Annual Plan discount | Recommend personalized content,
199,200,David Elliott,davismelissa@example.net,davismelissa,1936-12-27,Female,Lindaside,2024-01-05,2025-01-04,Annual,0,0.4241928225580276,42.42,42.42,Medium,About to Leave,0.7332000000000001,0.0922962962962963,0,0,1,0,-101,4.1,0,0,Send renewal reminder | Assign priority support | Recommend personalized content,
200,201,Vanessa Harris,nicholas23@example.org,nicholas23,1982-02-03,Female,New Robertborough,2024-03-12,2025-03-12,Annual,0,0.4218253499903435,42.18,42.18,Medium,About to Leave,0.7588000000000001,0.10533333333333335,0,0,1,0,-34,4.4,0,0,Send renewal reminder | Assign priority support | Recommend personalized content,
201,202,Thomas Keller,kellyterrance@example.com,kellyterrance,1990-03-13,Male,Rogerchester,2024-02-25,2025-02-24,Annual,0,0.47336759043391147,47.34,47.34,Medium,About to Leave,0.6644000000000001,0.05345454545454546,0,0,1,0,-50,4.7,0,0,Send renewal reminder | Assign priority support | Recommend personalized content,
202,203,Joan Phillips,garycoffey@example.org,garycoffey,1990-05-06,Male,South Ericmouth,2024-01-13,2025-01-12,Monthly,0,0.6290857827155738,62.91,62.91,Medium,About to Leave,0.6536000000000001,0.05720000000000001,1,0,1,0,-93,4.3,1,0,Send renewal reminder | Offer Annual Plan discount | Assign priority support | Recommend personalized content,
203,204,Joseph Owens,lukewilcox@example.org,lukewilcox,1980-07-10,Female,West Barbarahaven,2024-02-27,2025-02-26,Monthly,0,0.423486571172166,42.35,42.35,Medium,About to Leave,0.7995999999999999,0.1431111111111111,1,0,0,0,-48,4.8,0,0,Send renewal reminder | Offer Annual Plan discount | Recommend personalized content,
204,205,Susan Pace,kenneth18@example.org,kenneth18,1938-09-05,Male,Williamland,2024-02-11,2025-02-10,Annual,0,0.427993412982151,42.8,42.8,Medium,About to Leave,0.6824000000000001,0.08516666666666667,0,0,1,0,-64,3.7,0,0,Send renewal reminder | Assign priority support | Recommend personalized content,
205,206,Jennifer Anderson,mfrench@example.net,mfrench,1961-12-04,Female,Jamesstad,2024-01-12,2025-01-11,Annual,0,0.26077916762648257,26.08,26.08,Low,Loyal,0.8044000000000001,0.17093333333333335,0,0,0,0,-94,4.7,0,0,Send renewal reminder | Recommend personalized content,Recommend premium device streaming bundle | Recommend mobile premium pack | Offer loyalty reward / premium upsell
206,207,Theresa Gibson,jesse00@example.org,jesse00,1976-12-11,Female,Lake Jamie,2024-04-12,2025-04-12,Annual,0,0.27109578686626884,27.11,27.11,Low,Loyal,0.7796000000000001,0.18133333333333335,0,0,0,0,-3,4.8,0,0,Send renewal reminder | Recommend personalized content,Recommend premium Documentary bundle | Recommend reading/documentary combo | Recommend family multi-screen plan | Offer loyalty reward / premium upsell
207,208,Alejandro Bryant,gonzalezdavid@example.com,gonzalezdavid,1960-10-05,Female,South Ryanville,2024-01-24,2025-01-23,Annual,0,0.3197260558235363,31.97,31.97,Low,About to Leave,0.6884,0.09466666666666668,0,0,0,0,-82,4.2,0,0,Send renewal reminder | Recommend personalized content,
208,209,Diana Green,carsonlauren@example.com,carsonlauren,1949-08-05,Male,Lake Jessicaside,2024-02-25,2025-02-24,Annual,0,0.46237075725816296,46.24,46.24,Medium,About to Leave,0.6420000000000001,0.07714285714285715,0,0,1,0,-50,3.5,0,0,Send renewal reminder | Assign priority support | Recommend personalized content,
209,210,Brian Boyd,keithjones@example.com,keithjones,1997-03-04,Male,Leviport,2024-03-21,2025-03-21,Annual,0,0.4760745806679179,47.61,47.61,Medium,About to Leave,0.6120000000000001,0.054000000000000006,0,0,1,0,-25,3.5,1,0,Send renewal reminder | Assign priority support | Recommend personalized content,
210,211,Jennifer Perez,millervalerie@example.net,millervalerie,1937-12-21,Male,Meyerberg,2024-02-04,2025-02-03,Monthly,0,0.566461767951103,56.65,56.65,Medium,About to Leave,0.7532000000000001,0.11866666666666668,1,0,1,0,-71,4.1,1,0,Send renewal reminder | Offer Annual Plan discount | Assign priority support | Recommend personalized content,
211,212,Eric Bryant,bryan67@example.net,bryan67,1959-07-01,Female,West Gary,2024-03-10,2025-03-10,Annual,0,0.4426338185692198,44.26,44.26,Medium,About to Leave,0.7495999999999999,0.07806060606060607,0,0,1,0,-36,4.8,0,0,Send renewal reminder | Assign priority support | Recommend personalized content,
212,213,Tracey Mullins,mellis@example.net,mellis,1941-05-20,Male,Jacobsfort,2024-01-26,2025-01-25,Annual,0,0.6858438468871004,68.58,68.58,High,About to Leave,0.536,0.03515151515151515,0,0,1,1,-80,3.0,1,0,Send renewal reminder | Assign priority support | Trigger engagement campaign | Collect feedback and offer service recovery | Recommend personalized content,
213,214,Robert Bryant,ywilson@example.org,ywilson,1983-09-22,Male,Nicholsburgh,2024-01-17,2025-01-16,Monthly,0,0.4222230803363091,42.22,42.22,Medium,About to Leave,0.8012,0.924,1,0,0,0,-89,3.1,0,0,Send renewal reminder | Offer Annual Plan discount | Collect feedback and offer service recovery | Recommend personalized content,
214,215,Jonathan George,hendersonaaron@example.com,hendersonaaron,1968-12-01,Female,East Ashley,2024-02-20,2025-02-19,Monthly,0,0.6063628005610244,60.64,60.64,Medium,About to Leave,0.6936000000000001,0.07053333333333334,1,0,1,0,-55,4.3,1,0,Send renewal reminder | Offer Annual Plan discount | Assign priority support | Recommend personalized content,
215,216,Deanna Richardson,robert14@example.com,robert14,1992-06-22,Male,Joyburgh,2024-01-16,2025-01-15,Monthly,0,0.5594995146740324,55.95,55.95,Medium,About to Leave,0.7172000000000001,0.10133333333333334,1,0,1,0,-90,3.6,1,0,Send renewal reminder | Offer Annual Plan discount | Assign priority support | Recommend personalized content,
216,217,Philip Chavez,christopherphillips@example.org,christopherphillips,1935-08-19,Female,Lake Jose,2024-03-11,2025-03-11,Monthly,0,0.59268357147682,59.27,59.27,Medium,About to Leave,0.6892000000000001,0.07300000000000001,1,0,1,0,-35,4.6,1,0,Send renewal reminder | Offer Annual Plan discount | Assign priority support | Recommend personalized content,
217,218,David Murphy,rayveronica@example.org,rayveronica,1955-02-12,Female,South Sarah,2024-01-09,2025-01-08,Monthly,0,0.4472522637368859,44.73,44.73,Medium,About to Leave,0.7212,0.6573333333333333,1,0,0,0,-97,3.1,0,0,Send renewal reminder | Offer Annual Plan discount | Collect feedback and offer service recovery | Recommend personalized content,
218,219,Carolyn Delgado,gmorris@example.org,gmorris,1963-02-12,Male,Huynhland,2024-01-22,2025-01-21,Monthly,0,0.4255015280040657,42.55,42.55,Medium,About to Leave,0.8091999999999999,0.21266666666666667,1,0,0,0,-84,4.6,0,0,Send renewal reminder | Offer Annual Plan discount | Recommend personalized content,
219,220,William Douglas,mphelps@example.org,mphelps,2003-12-15,Female,Herreraberg,2024-02-01,2025-01-31,Monthly,0,0.47080928514597953,47.08,47.08,Medium,About to Leave,0.7076,0.11422222222222222,1,0,0,0,-74,3.8,0,0,Send renewal reminder | Offer Annual Plan discount | Recommend personalized content,
220,221,Evan Thomas,marygarcia@example.com,marygarcia,1973-07-31,Male,South Thomashaven,2024-03-26,2025-03-26,Annual,0,0.28980741614277994,28.98,28.98,Low,Loyal,0.7928000000000001,0.4113333333333334,0,0,0,0,-20,3.9,0,0,Send renewal reminder | Recommend personalized content,Recommend premium Documentary bundle | Recommend reading/documentary combo | Recommend mobile premium pack | Offer loyalty reward / premium upsell
221,222,Kimberly Young,anthony39@example.org,anthony39,1984-12-06,Male,Jeremyton,2024-03-16,2025-03-16,Annual,0,0.6249104744273302,62.49,62.49,Medium,About to Leave,0.6232000000000001,0.05383333333333333,0,0,1,1,-30,4.1,1,0,Send renewal reminder | Assign priority support | Trigger engagement campaign | Recommend personalized content,
222,223,Heather Allen,benjamin60@example.net,benjamin60,1987-06-14,Male,Nelsonton,2024-04-10,2025-04-10,Annual,0,0.28280583601878484,28.28,28.28,Low,Loyal,0.7384000000000001,0.14026666666666668,0,0,0,0,-5,4.2,0,0,Send renewal reminder | Recommend personalized content,Recommend premium Sci-Fi bundle | Recommend premium device streaming bundle | Recommend offline mobile viewing pack
223,224,Lawrence Rogers,alan38@example.org,alan38,1933-09-14,Male,Port Mark,2024-01-25,2025-01-24,Annual,0,0.27505119797614697,27.51,27.51,Low,Loyal,0.7824,0.158,0,0,0,0,-81,3.7,0,0,Send renewal reminder | Recommend personalized content,Recommend premium Action bundle | Recommend reading/documentary combo | Recommend mobile premium pack | Offer loyalty reward / premium upsell
224,225,Ariel Patterson,oneillhannah@example.com,oneillhannah,1994-07-05,Male,New Richardstad,2024-03-24,2025-03-24,Annual,0,0.6147058103255142,61.47,61.47,Medium,About to Leave,0.6184000000000001,0.0482962962962963,0,0,1,1,-22,4.2,1,0,Send renewal reminder | Assign priority support | Trigger engagement campaign | Recommend personalized content,
225,226,Nicholas Leonard,johnbanks@example.org,johnbanks,1980-06-06,Male,Maynardview,2024-04-05,2025-04-05,Monthly,0,0.44648509263067404,44.65,44.65,Medium,About to Leave,0.7664000000000001,0.7946666666666667,1,0,0,0,-10,3.2,0,0,Send renewal reminder | Offer Annual Plan discount | Collect feedback and offer service recovery | Recommend personalized content,
226,227,Michelle Lane,nschwartz@example.org,nschwartz,1994-10-14,Female,Montgomeryview,2024-01-07,2025-01-06,Annual,0,0.36126295617365833,36.13,36.13,Medium,About to Leave,0.8092,0.123,0,0,1,0,-99,4.6,0,0,Send renewal reminder | Assign priority support | Recommend personalized content,
227,228,John White,gibsonlinda@example.net,gibsonlinda,1992-11-30,Male,Scottbury,2024-03-06,2025-03-06,Annual,0,0.2710898449741943,27.11,27.11,Low,Loyal,0.7176,0.552,0,0,0,0,-40,3.8,0,0,Send renewal reminder | Recommend personalized content,Recommend premium Comedy bundle | Recommend lifestyle and family content pack | Recommend offline mobile viewing pack
228,229,Colin Lambert,sherrybell@example.net,sherrybell,1965-10-08,Male,New Jacobmouth,2024-01-13,2025-01-12,Annual,0,0.48301034895393863,48.3,48.3,Medium,About to Leave,0.606,0.09666666666666666,0,0,0,1,-93,3.0,1,0,Send renewal reminder | Trigger engagement campaign | Collect feedback and offer service recovery | Recommend personalized content,
229,230,Justin Porter,pperkins@example.com,pperkins,1951-12-20,Male,Jensenside,2024-04-09,2025-04-09,Monthly,0,0.5636077301697907,56.36,56.36,Medium,About to Leave,0.7172000000000001,0.10133333333333334,1,0,1,0,-6,3.6,1,0,Send renewal reminder | Offer Annual Plan discount | Assign priority support | Recommend personalized content,
230,231,James Cuevas,alishasmall@example.com,alishasmall,1988-02-12,Male,New Jonathan,2024-03-17,2025-03-17,Annual,0,0.3100580061845962,31.01,31.01,Low,About to Leave,0.754,0.14266666666666666,0,0,0,0,-29,4.5,0,0,Send renewal reminder | Recommend personalized content,
231,232,Glenn Webb,jonesisabella@example.com,jonesisabella,1961-01-18,Female,South Stephen,2024-03-04,2025-03-04,Annual,0,0.4508595328367362,45.09,45.09,Medium,About to Leave,0.7064000000000001,0.11352380952380954,0,0,1,0,-42,3.2,0,0,Send renewal reminder | Assign priority support | Collect feedback and offer service recovery | Recommend personalized content,
232,233,James Robinson,maureenschneider@example.org,maureenschneider,2001-02-15,Male,West Sherrishire,2024-02-03,2025-02-02,Annual,0,0.30810276752123533,30.81,30.81,Low,About to Leave,0.6864,0.528,0,0,0,0,-72,3.2,0,0,Send renewal reminder | Collect feedback and offer service recovery | Recommend personalized content,
233,234,Deborah Campbell,gwilliams@example.org,gwilliams,1995-07-10,Male,Brianton,2024-01-06,2025-01-05,Monthly,0,0.3829181777258531,38.29,38.29,Medium,About to Leave,0.8340000000000001,0.8466666666666668,1,0,0,0,-100,4.5,0,0,Send renewal reminder | Offer Annual Plan discount | Recommend personalized content,
234,235,Lauren Newman,qayala@example.com,qayala,2002-09-17,Male,Meadowsland,2024-01-23,2025-01-22,Annual,0,0.27336583209146315,27.34,27.34,Low,Loyal,0.8340000000000001,0.196,0,0,0,0,-83,4.5,0,0,Send renewal reminder | Recommend personalized content,Recommend premium Documentary bundle | Recommend reading/documentary combo | Recommend offline mobile viewing pack | Offer loyalty reward / premium upsell
235,236,Geoffrey Green,austin17@example.net,austin17,1943-08-21,Male,Andrewside,2024-03-16,2025-03-16,Monthly,0,0.42692308568855436,42.69,42.69,Medium,About to Leave,0.7632,0.3486666666666667,1,0,0,0,-30,4.1,0,0,Send renewal reminder | Offer Annual Plan discount | Recommend personalized content,
236,237,Dominique Goodwin,robertsmichael@example.net,robertsmichael,1985-02-01,Female,South Veronicaland,2024-04-03,2025-04-03,Monthly,0,0.41387252813946124,41.39,41.39,Medium,About to Leave,0.7948000000000001,0.24311111111111114,1,0,0,0,-12,4.9,0,0,Send renewal reminder | Offer Annual Plan discount | Recommend personalized content,
237,238,Melissa Davis,jenniferhaley@example.org,jenniferhaley,1966-11-09,Female,Johnburgh,2024-01-20,2025-01-19,Annual,0,0.28484480450884575,28.48,28.48,Low,Loyal,0.7616,0.3993333333333334,0,0,0,0,-86,3.3,0,0,Send renewal reminder | Collect feedback and offer service recovery | Recommend personalized content,Recommend premium Drama bundle | Recommend lifestyle and family content pack | Recommend offline mobile viewing pack
238,239,Brian Howard,wernertony@example.org,wernertony,1967-12-03,Male,Hallfort,2024-03-03,2025-03-03,Monthly,0,0.5574363496845643,55.74,55.74,Medium,About to Leave,0.7120000000000001,0.10083333333333334,1,0,1,0,-43,3.5,1,0,Send renewal reminder | Offer Annual Plan discount | Assign priority support | Recommend personalized content,
239,240,Elizabeth Marsh,lauren25@example.net,lauren25,1990-07-18,Female,Adamburgh,2024-01-23,2025-01-22,Annual,0,0.2439571020397954,24.4,24.4,Low,Loyal,0.7888000000000001,0.7093333333333334,0,0,0,0,-83,4.4,0,0,Send renewal reminder | Recommend personalized content,Recommend lifestyle and family content pack | Recommend family multi-screen plan | Offer loyalty reward / premium upsell
240,241,Tiffany Patterson,cordovaanthony@example.org,cordovaanthony,1990-01-21,Female,Lake Jason,2024-01-03,2025-01-02,Annual,0,0.29486207464234915,29.49,29.49,Low,Loyal,0.784,0.3566666666666667,0,0,0,0,-103,4.5,0,0,Send renewal reminder | Recommend personalized content,Recommend premium device streaming bundle | Recommend offline mobile viewing pack | Offer loyalty reward / premium upsell
241,242,John Owen DDS,gina51@example.org,gina51,1965-08-19,Male,East Devinmouth,2024-01-29,2025-01-28,Monthly,0,0.5698530260632411,56.99,56.99,Medium,About to Leave,0.7780000000000001,0.12000000000000001,1,0,1,0,-77,4.0,1,0,Send renewal reminder | Offer Annual Plan discount | Assign priority support | Recommend personalized content,
242,243,Crystal Bennett,christianhawkins@example.net,christianhawkins,1999-10-09,Female,Franklinview,2024-03-30,2025-03-30,Annual,0,0.4496725956378299,44.97,44.97,Medium,About to Leave,0.6732,0.14355555555555555,0,0,0,1,-16,4.1,0,0,Send renewal reminder | Trigger engagement campaign | Recommend personalized content,
243,244,Jeremiah Black,cassandra86@example.org,cassandra86,1934-01-16,Female,Louisview,2024-02-26,2025-02-25,Monthly,0,0.42437878909172244,42.44,42.44,Medium,About to Leave,0.7888000000000001,0.16853333333333337,1,0,0,0,-49,4.4,0,0,Send renewal reminder | Offer Annual Plan discount | Recommend personalized content,
244,245,Richard Smith,hollypeterson@example.com,hollypeterson,1965-03-04,Female,Cheryltown,2024-03-09,2025-03-09,Monthly,0,0.6283163057073107,62.83,62.83,Medium,About to Leave,0.6372000000000001,0.068,1,0,1,0,-37,3.6,1,0,Send renewal reminder | Offer Annual Plan discount | Assign priority support | Recommend personalized content,
245,246,Amanda Ali,scott11@example.org,scott11,1948-03-09,Male,Leonardmouth,2024-04-04,2025-04-04,Monthly,0,0.5914790920912824,59.15,59.15,Medium,About to Leave,0.7480000000000001,0.08727272727272728,1,0,1,0,-11,4.0,1,0,Send renewal reminder | Offer Annual Plan discount | Assign priority support | Recommend personalized content,
246,247,John Owen,tonya54@example.org,tonya54,1999-03-17,Male,Dannyview,2024-03-23,2025-03-23,Annual,0,0.4550726655871874,45.51,45.51,Medium,About to Leave,0.672,0.08416666666666667,0,0,1,0,-23,3.5,0,0,Send renewal reminder | Assign priority support | Recommend personalized content,
247,248,Ronnie Jackson,mercadolydia@example.net,mercadolydia,1970-12-02,Female,North Nicole,2024-02-06,2025-02-05,Annual,0,0.27611180480570674,27.61,27.61,Low,Loyal,0.752,0.2016666666666667,0,0,0,0,-69,3.5,0,0,Send renewal reminder | Recommend personalized content,Recommend premium Drama bundle | Recommend premium device streaming bundle | Recommend family multi-screen plan
248,249,Katherine Ford,annaknight@example.com,annaknight,1994-06-16,Male,South Miranda,2024-01-06,2025-01-05,Monthly,0,0.4401661442418011,44.02,44.02,Medium,About to Leave,0.6968,0.536,1,0,0,0,-100,3.4,0,0,Send renewal reminder | Offer Annual Plan discount | Collect feedback and offer service recovery | Recommend personalized content,
249,250,Janet Robinson,alane@example.com,alane,1936-03-04,Male,Garyland,2024-04-12,2025-04-12,Monthly,0,0.41327350908769184,41.33,41.33,Medium,About to Leave,0.8091999999999999,0.21266666666666667,1,0,0,0,-3,4.6,0,0,Send renewal reminder | Offer Annual Plan discount | Recommend personalized content,
250,251,Charles Garcia,bradleygutierrez@example.org,bradleygutierrez,1940-05-09,Male,West Sarahchester,2024-01-08,2025-01-07,Annual,0,0.2514246820891345,25.14,25.14,Low,Loyal,0.8140000000000001,0.28222222222222226,0,0,0,0,-98,4.5,0,0,Send renewal reminder | Recommend personalized content,Recommend premium Drama bundle | Recommend premium device streaming bundle | Recommend mobile premium pack | Offer loyalty reward / premium upsell
251,252,Christopher Reed,john08@example.com,john08,1988-01-12,Male,Torrestown,2024-01-03,2025-01-02,Monthly,0,0.4329700914172251,43.3,43.3,Medium,About to Leave,0.7996000000000001,0.3626666666666667,1,0,0,0,-103,4.8,0,0,Send renewal reminder | Offer Annual Plan discount | Recommend personalized content,
252,253,Denise Morse,anthonyjames@example.net,anthonyjames,1934-02-24,Male,Port Margaret,2024-02-08,2025-02-07,Annual,0,0.25476092159011426,25.48,25.48,Low,Loyal,0.8272,0.9440000000000001,0,0,0,0,-67,3.6,0,0,Send renewal reminder | Recommend personalized content,Recommend premium Sci-Fi bundle | Recommend lifestyle and family content pack | Recommend offline mobile viewing pack | Offer loyalty reward / premium upsell
253,254,George Conway,egreen@example.net,egreen,1965-05-29,Female,South Suzanne,2024-03-19,2025-03-19,Annual,0,0.30682780336521476,30.68,30.68,Low,About to Leave,0.7536,0.17633333333333334,0,0,0,0,-27,4.3,0,0,Send renewal reminder | Recommend personalized content,
254,255,Bryan Larsen,cbutler@example.net,cbutler,1936-05-09,Male,South Jeremyshire,2024-02-29,2025-02-28,Annual,0,0.4453756395643899,44.54,44.54,Medium,About to Leave,0.7120000000000001,0.10083333333333334,0,0,1,0,-46,3.5,0,0,Send renewal reminder | Assign priority support | Recommend personalized content,
255,256,Melanie Hawkins,grace37@example.org,grace37,2004-07-05,Female,East Anne,2024-01-26,2025-01-25,Monthly,0,0.6752656132661456,67.53,67.53,High,About to Leave,0.6168,0.08053333333333332,1,0,0,1,-80,3.4,1,0,Send renewal reminder | Offer Annual Plan discount | Trigger engagement campaign | Collect feedback and offer service recovery | Recommend personalized content,
256,257,Christina Schwartz,morachristina@example.org,morachristina,2002-04-10,Male,Campbellborough,2024-01-20,2025-01-19,Annual,0,0.40707463589807014,40.71,40.71,Medium,About to Leave,0.7048000000000001,0.07450000000000001,0,0,1,0,-86,4.9,0,0,Send renewal reminder | Assign priority support | Recommend personalized content,
257,258,Christopher Walker,jonesnicole@example.net,jonesnicole,1946-11-16,Female,Gutierrezstad,2024-04-10,2025-04-10,Annual,0,0.27211939656345274,27.21,27.21,Low,Loyal,0.7448,0.14900000000000002,0,0,0,0,-5,4.9,0,0,Send renewal reminder | Recommend personalized content,Recommend premium Sci-Fi bundle | Recommend lifestyle and family content pack | Recommend family multi-screen plan
258,259,James Young,scottyork@example.org,scottyork,2005-05-14,Female,Cynthialand,2024-02-10,2025-02-09,Annual,0,0.2831704502556764,28.32,28.32,Low,Loyal,0.8332,0.32133333333333336,0,0,0,0,-65,4.1,0,0,Send renewal reminder | Recommend personalized content,Recommend premium Action bundle | Recommend premium device streaming bundle | Recommend family multi-screen plan | Offer loyalty reward / premium upsell
259,260,Jennifer Simmons,matthewvance@example.com,matthewvance,1939-01-22,Female,New Maryshire,2024-01-14,2025-01-13,Monthly,0,0.4080671814776756,40.81,40.81,Medium,About to Leave,0.8032,0.16066666666666668,1,0,0,0,-92,4.1,0,0,Send renewal reminder | Offer Annual Plan discount | Recommend personalized content,
260,261,Daryl Conner,carlmartin@example.org,carlmartin,1935-01-11,Male,Kennethview,2024-02-19,2025-02-18,Annual,0,0.23834458734656047,23.83,23.83,Low,Loyal,0.8348000000000001,0.2875555555555556,0,0,0,0,-56,4.9,0,0,Send renewal reminder | Recommend personalized content,Recommend premium Documentary bundle | Recommend lifestyle and family content pack | Recommend offline mobile viewing pack | Offer loyalty reward / premium upsell
261,262,Mary Lee,stephenortiz@example.net,stephenortiz,1961-07-10,Female,East Kyleberg,2024-03-13,2025-03-13,Monthly,0,0.5479472983977223,54.79,54.79,Medium,About to Leave,0.8044,0.1097777777777778,1,0,1,0,-33,4.7,1,0,Send renewal reminder | Offer Annual Plan discount | Assign priority support | Recommend personalized content,
262,263,Manuel Ramos,robertingram@example.org,robertingram,1958-02-03,Male,South Joseph,2024-02-08,2025-02-07,Monthly,0,0.43780710617992685,43.78,43.78,Medium,About to Leave,0.7664000000000001,0.7946666666666667,1,0,0,0,-67,3.2,0,0,Send renewal reminder | Offer Annual Plan discount | Collect feedback and offer service recovery | Recommend personalized content,
263,264,Melissa Perez,kgomez@example.com,kgomez,1976-07-31,Female,New Patricia,2024-02-25,2025-02-24,Monthly,0,0.6223746920662852,62.24,62.24,Medium,About to Leave,0.5912000000000001,0.0524,1,0,1,0,-50,3.1,1,0,Send renewal reminder | Offer Annual Plan discount | Assign priority support | Collect feedback and offer service recovery | Recommend personalized content,
264,265,Christopher Haynes,williamsrobin@example.com,williamsrobin,1964-11-16,Female,Ricefort,2024-03-12,2025-03-12,Annual,0,0.38578130348293,38.58,38.58,Medium,About to Leave,0.7428000000000001,0.11752380952380954,0,0,1,0,-34,3.9,0,0,Send renewal reminder | Assign priority support | Recommend personalized content,
265,266,James Alvarado,lisa99@example.com,lisa99,1972-01-13,Female,Robertsmouth,2024-03-27,2025-03-27,Annual,0,0.2482707478250961,24.83,24.83,Low,Loyal,0.804,0.2116666666666667,0,0,0,0,-19,4.5,0,0,Send renewal reminder | Recommend personalized content,Recommend reading/documentary combo | Recommend mobile premium pack | Offer loyalty reward / premium upsell
266,267,Gary Brown,kmaddox@example.net,kmaddox,1962-06-21,Female,North Kelly,2024-02-10,2025-02-09,Annual,0,0.4355881062694852,43.56,43.56,Medium,About to Leave,0.7544000000000002,0.08546666666666668,0,0,1,0,-65,4.7,0,0,Send renewal reminder | Assign priority support | Recommend personalized content,
267,268,Vickie Beck,rdavis@example.org,rdavis,1968-07-15,Male,East Elizabeth,2024-02-01,2025-01-31,Annual,0,0.28988350331106894,28.99,28.99,Low,Loyal,0.7316,0.15973333333333334,0,0,0,0,-74,3.3,0,0,Send renewal reminder | Collect feedback and offer service recovery | Recommend personalized content,Recommend premium Action bundle | Recommend premium device streaming bundle | Recommend mobile premium pack
268,269,Jordan Lowe,elliottbradley@example.org,elliottbradley,1939-12-27,Female,Austinshire,2024-03-01,2025-03-01,Monthly,0,0.43282983053124746,43.28,43.28,Medium,About to Leave,0.7544000000000001,0.12022222222222223,1,0,0,0,-45,4.7,0,0,Send renewal reminder | Offer Annual Plan discount | Recommend personalized content,
269,270,Natalie Vasquez,wescobar@example.org,wescobar,1942-12-14,Male,Shortport,2024-03-14,2025-03-14,Monthly,0,0.47992107611854196,47.99,47.99,Medium,About to Leave,0.7111999999999999,0.1317777777777778,1,0,0,0,-32,3.1,1,0,Send renewal reminder | Offer Annual Plan discount | Collect feedback and offer service recovery | Recommend personalized content,
270,271,Juan Gomez,zbishop@example.com,zbishop,2001-11-29,Female,Port Robinport,2024-03-12,2025-03-12,Annual,0,0.2931708485138652,29.32,29.32,Low,Loyal,0.6920000000000001,0.27,0,0,0,0,-34,3.5,0,0,Send renewal reminder | Recommend personalized content,Recommend premium Drama bundle | Recommend premium device streaming bundle | Recommend family multi-screen plan
271,272,Denise Wilcox,jamie52@example.net,jamie52,1996-11-18,Male,Lake Holly,2024-01-08,2025-01-07,Monthly,0,0.5646879510484514,56.47,56.47,Medium,About to Leave,0.7116,0.11409523809523811,1,0,1,0,-98,3.3,1,0,Send renewal reminder | Offer Annual Plan discount | Assign priority support | Collect feedback and offer service recovery | Recommend personalized content,
272,273,Craig Williams,frodriguez@example.org,frodriguez,1960-10-19,Female,Crawfordtown,2024-03-22,2025-03-22,Monthly,0,0.40312125072844884,40.31,40.31,Medium,About to Leave,0.8044000000000001,0.17093333333333335,1,0,0,0,-24,4.7,0,0,Send renewal reminder | Offer Annual Plan discount | Recommend personalized content,
273,274,Brenda Conway,barnesjacob@example.com,barnesjacob,1955-10-08,Male,West Jenniferhaven,2024-01-26,2025-01-25,Annual,0,0.3266802300824144,32.67,32.67,Low,About to Leave,0.6824,0.137,0,0,0,0,-80,3.7,0,0,Send renewal reminder | Recommend personalized content,
274,275,Tracy Hartman,davidcoleman@example.net,davidcoleman,1993-10-18,Female,Meganfort,2024-03-20,2025-03-20,Monthly,0,0.5717130385740118,57.17,57.17,Medium,About to Leave,0.7091999999999999,0.07173333333333334,1,0,1,0,-26,4.6,1,0,Send renewal reminder | Offer Annual Plan discount | Assign priority support | Recommend personalized content,
275,276,Gina Noble,robinsonraymond@example.com,robinsonraymond,2005-03-14,Male,Mcconnellfurt,2024-01-04,2025-01-03,Annual,0,0.3940949567772402,39.41,39.41,Medium,About to Leave,0.7500000000000001,0.09166666666666667,0,0,1,0,-102,5.0,0,0,Send renewal reminder | Assign priority support | Recommend personalized content,
276,277,Debra Burton,johnsonnicholas@example.org,johnsonnicholas,1957-06-15,Male,Port Meganshire,2024-01-15,2025-01-14,Annual,0,0.456203136342912,45.62,45.62,Medium,About to Leave,0.6384000000000001,0.05163636363636364,0,0,1,0,-91,4.2,0,0,Send renewal reminder | Assign priority support | Recommend personalized content,
277,278,Jose Baxter,dowen@example.net,dowen,1987-05-10,Female,Lopezfort,2024-02-26,2025-02-25,Monthly,0,0.5742039593101967,57.42,57.42,Medium,About to Leave,0.7191999999999998,0.07970370370370371,1,0,1,0,-49,4.6,1,0,Send renewal reminder | Offer Annual Plan discount | Assign priority support | Recommend personalized content,
278,279,Karen Davis,hillderek@example.net,hillderek,1991-08-31,Female,Lake Ricardoburgh,2024-03-01,2025-03-01,Annual,0,0.45457973284156816,45.46,45.46,Medium,About to Leave,0.6988000000000001,0.07093333333333333,0,0,1,0,-45,4.4,0,0,Send renewal reminder | Assign priority support | Recommend personalized content,
279,280,Cindy Solis,chelsea06@example.org,chelsea06,1967-06-14,Male,East Oliviafort,2024-04-03,2025-04-03,Monthly,0,0.5758248054014522,57.58,57.58,Medium,About to Leave,0.6888000000000001,0.0822857142857143,1,0,1,0,-12,4.4,1,0,Send renewal reminder | Offer Annual Plan discount | Assign priority support | Recommend personalized content,
280,281,Abigail Nichols,michaelgreen@example.net,michaelgreen,1946-04-28,Male,Bobbybury,2024-03-30,2025-03-30,Annual,0,0.5228281496884926,52.28,52.28,Medium,About to Leave,0.6432,0.07177777777777777,0,0,0,1,-16,4.1,1,0,Send renewal reminder | Trigger engagement campaign | Recommend personalized content,
281,282,Curtis Gilmore,timothy49@example.org,timothy49,1950-04-01,Female,Emilymouth,2024-03-01,2025-03-01,Monthly,0,0.5698657478234871,56.99,56.99,Medium,About to Leave,0.7032,0.08716666666666667,1,0,1,0,-45,4.1,1,0,Send renewal reminder | Offer Annual Plan discount | Assign priority support | Recommend personalized content,
282,283,Caitlin Martinez,lindaevans@example.net,lindaevans,1997-10-29,Male,Port Rileyshire,2024-03-23,2025-03-23,Monthly,0,0.6063172736622274,60.63,60.63,Medium,About to Leave,0.6948000000000001,0.06622222222222224,1,0,1,0,-23,4.9,1,0,Send renewal reminder | Offer Annual Plan discount | Assign priority support | Recommend personalized content,
283,284,Dawn Cruz,khernandez@example.com,khernandez,1984-10-18,Male,Chandlerchester,2024-03-23,2025-03-23,Annual,0,0.2900375616842259,29.0,29.0,Low,Loyal,0.7544000000000001,0.29400000000000004,0,0,0,0,-23,4.7,0,0,Send renewal reminder | Recommend personalized content,Recommend premium device streaming bundle | Recommend offline mobile viewing pack
284,285,Debra Garcia,hdennis@example.net,hdennis,1991-12-03,Female,Cardenasside,2024-03-26,2025-03-26,Annual,0,0.48691253568795956,48.69,48.69,Medium,About to Leave,0.6212,0.1302222222222222,0,0,0,1,-20,3.1,1,0,Send renewal reminder | Trigger engagement campaign | Collect feedback and offer service recovery | Recommend personalized content,
285,286,April Schmidt,hector91@example.org,hector91,1994-05-22,Female,Lake Heather,2024-02-13,2025-02-12,Annual,0,0.4587128260310198,45.87,45.87,Medium,About to Leave,0.6624000000000001,0.06813333333333334,0,0,1,0,-62,3.7,0,0,Send renewal reminder | Assign priority support | Recommend personalized content,
286,287,Nicole Bush,cnunez@example.net,cnunez,1981-07-03,Female,New Jonathanchester,2024-01-07,2025-01-06,Annual,0,0.27249457102286495,27.25,27.25,Low,Loyal,0.8048000000000001,0.3646666666666667,0,0,0,0,-99,4.9,0,0,Send renewal reminder | Recommend personalized content,Recommend premium Action bundle | Recommend lifestyle and family content pack | Recommend mobile premium pack | Offer loyalty reward / premium upsell
287,288,Jose King,anthony12@example.net,anthony12,1940-11-16,Female,Port Charlotte,2024-03-30,2025-03-30,Annual,0,0.3833891805763461,38.34,38.34,Medium,About to Leave,0.8088000000000002,0.13942857142857143,0,0,1,0,-16,4.4,0,0,Send renewal reminder | Assign priority support | Recommend personalized content,
288,289,Joseph Ortiz,kholt@example.com,kholt,1969-12-09,Male,Daviesburgh,2024-01-13,2025-01-12,Monthly,0,0.5724968015140531,57.25,57.25,Medium,About to Leave,0.7072,0.09007407407407408,1,0,1,0,-93,3.6,1,0,Send renewal reminder | Offer Annual Plan discount | Assign priority support | Recommend personalized content,
289,290,Mrs. Amanda Brown PhD,christopher90@example.org,christopher90,1946-07-03,Male,Lake Isaactown,2024-03-06,2025-03-06,Monthly,0,0.5869192145779183,58.69,58.69,Medium,About to Leave,0.7148000000000001,0.08514285714285716,1,0,1,0,-40,4.9,1,0,Send renewal reminder | Offer Annual Plan discount | Assign priority support | Recommend personalized content,
290,291,Sheila Stephens,martinezjulie@example.com,martinezjulie,2001-05-29,Male,North Susanshire,2024-01-25,2025-01-24,Annual,0,0.3278004893833494,32.78,32.78,Low,About to Leave,0.656,0.17333333333333334,0,0,0,0,-81,3.0,0,0,Send renewal reminder | Collect feedback and offer service recovery | Recommend personalized content,
291,292,Jesse Byrd,michaellopez@example.com,michaellopez,1994-12-14,Female,New Dale,2024-03-21,2025-03-21,Monthly,0,0.5822277820497872,58.22,58.22,Medium,About to Leave,0.7476,0.0952,1,0,1,0,-25,3.8,1,0,Send renewal reminder | Offer Annual Plan discount | Assign priority support | Recommend personalized content,
292,293,Mary Moore,lromero@example.com,lromero,1996-08-26,Female,Theresahaven,2024-01-28,2025-01-27,Monthly,0,0.4521967705507282,45.22,45.22,Medium,About to Leave,0.7976,0.1904,1,0,0,0,-78,3.8,0,0,Send renewal reminder | Offer Annual Plan discount | Recommend personalized content,
293,294,Michelle Campbell,jeremy23@example.org,jeremy23,1997-02-05,Male,Danielmouth,2024-01-22,2025-01-21,Monthly,0,0.6258293026304217,62.58,62.58,Medium,About to Leave,0.6176,0.05018181818181819,1,0,1,0,-84,3.8,1,0,Send renewal reminder | Offer Annual Plan discount | Assign priority support | Recommend personalized content,
294,295,Jennifer Ross,jennifer65@example.com,jennifer65,1977-03-06,Female,North Bradland,2024-01-28,2025-01-27,Annual,0,0.4328651139230384,43.29,43.29,Medium,About to Leave,0.7263999999999999,0.10311111111111111,0,0,1,0,-78,3.2,0,0,Send renewal reminder | Assign priority support | Collect feedback and offer service recovery | Recommend personalized content,
295,296,Tina Rios,ysilva@example.com,ysilva,1965-06-13,Male,Johnsonside,2024-03-24,2025-03-24,Annual,0,0.6089614463443671,60.9,60.9,Medium,About to Leave,0.6548,0.05140740740740741,0,0,1,1,-22,4.9,1,0,Send renewal reminder | Assign priority support | Trigger engagement campaign | Recommend personalized content,
296,297,Brian Boyle,tiffanychambers@example.org,tiffanychambers,1951-03-08,Female,Davisfort,2024-03-02,2025-03-02,Monthly,0,0.410523424082805,41.05,41.05,Medium,About to Leave,0.7696000000000001,0.5920000000000001,1,0,0,0,-44,4.8,0,0,Send renewal reminder | Offer Annual Plan discount | Recommend personalized content,
297,298,Bryan Robertson,vduke@example.net,vduke,1940-05-09,Male,Mitchellbury,2024-04-11,2025-04-11,Annual,0,0.617441737484663,61.74,61.74,Medium,About to Leave,0.65,0.04666666666666667,0,0,1,1,-4,5.0,1,0,Send renewal reminder | Assign priority support | Trigger engagement campaign | Recommend personalized content,
298,299,Amy Luna,vbrown@example.org,vbrown,1993-12-11,Female,West Maria,2024-04-04,2025-04-04,Monthly,0,0.6038435280621164,60.38,60.38,Medium,About to Leave,0.6328,0.055600000000000004,1,0,1,0,-11,3.9,1,0,Send renewal reminder | Offer Annual Plan discount | Assign priority support | Recommend personalized content,
299,300,Justin Sherman,frodriguez@example.net,frodriguez,2000-08-31,Female,Daviston,2024-01-05,2025-01-04,Annual,0,0.32290608943219407,32.29,32.29,Low,About to Leave,0.7324,0.22711111111111112,0,0,0,0,-101,3.7,0,0,Send renewal reminder | Recommend personalized content,
300,301,Andre Ortiz,zross@example.org,zross,1974-11-22,Male,Kathleenmouth,2024-01-02,2025-01-01,Monthly,0,0.5880777314960911,58.81,58.81,Medium,About to Leave,0.7440000000000001,0.08466666666666668,1,0,1,0,-104,4.5,1,0,Send renewal reminder | Offer Annual Plan discount | Assign priority support | Recommend personalized content,
301,302,Carrie Benton,gsantos@example.net,gsantos,1947-06-13,Male,Lake Lisamouth,2024-02-21,2025-02-20,Monthly,0,0.6081972389094484,60.82,60.82,Medium,About to Leave,0.6972,0.08106666666666668,1,0,1,0,-54,3.6,1,0,Send renewal reminder | Offer Annual Plan discount | Assign priority support | Recommend personalized content,
302,303,Jordan Jacobs,kim65@example.org,kim65,1945-08-12,Female,New Melvin,2024-02-17,2025-02-16,Annual,0,0.23164257908356603,23.16,23.16,Low,Loyal,0.8588000000000001,0.48800000000000004,0,0,0,0,-58,4.4,0,0,Send renewal reminder | Recommend personalized content,Recommend lifestyle and family content pack | Recommend mobile premium pack | Offer loyalty reward / premium upsell
303,304,Shannon Jackson,craigjackson@example.org,craigjackson,1981-04-17,Female,Ginaville,2024-03-29,2025-03-29,Annual,0,0.312621195261123,31.26,31.26,Low,About to Leave,0.754,0.14266666666666666,0,0,0,0,-17,4.5,0,0,Send renewal reminder | Recommend personalized content,
304,305,Eric Yates,rsanders@example.org,rsanders,1947-05-22,Female,Ginaside,2024-01-03,2025-01-02,Monthly,0,0.5936802368261267,59.37,59.37,Medium,About to Leave,0.7392,0.07733333333333334,1,0,1,0,-103,4.6,1,0,Send renewal reminder | Offer Annual Plan discount | Assign priority support | Recommend personalized content,
305,306,John Black,dylananderson@example.org,dylananderson,1992-10-13,Female,Port Patriciamouth,2024-02-12,2025-02-11,Monthly,0,0.396508419255194,39.65,39.65,Medium,About to Leave,0.8288000000000001,0.8426666666666668,1,0,0,0,-63,4.4,0,0,Send renewal reminder | Offer Annual Plan discount | Recommend personalized content,
306,307,Diane Cannon,jessicaruiz@example.net,jessicaruiz,2004-02-24,Female,Dustinview,2024-02-05,2025-02-04,Monthly,1,0.8255596885838582,82.56,82.56,High,About to Leave,0.5664,0.04385185185185185,1,0,1,1,-70,3.2,1,1,Send renewal reminder | Offer Annual Plan discount | Assign priority support | Trigger engagement campaign | Collect feedback and offer service recovery | Recommend personalized content,
307,308,Patrick Martinez,montgomerysarah@example.net,montgomerysarah,2005-08-25,Male,West Tammy,2024-01-13,2025-01-12,Annual,0,0.4473099720495135,44.73,44.73,Medium,About to Leave,0.7244000000000002,0.08014814814814815,0,0,1,0,-93,4.7,0,0,Send renewal reminder | Assign priority support | Recommend personalized content,
308,309,Veronica Cox,rmartin@example.net,rmartin,1971-09-03,Male,Lake Dylan,2024-03-11,2025-03-11,Annual,0,0.44738925562319437,44.74,44.74,Medium,About to Leave,0.6776,0.07614814814814815,0,0,1,0,-35,3.8,0,0,Send renewal reminder | Assign priority support | Recommend personalized content,
309,310,Nancy Turner,henryhannah@example.net,henryhannah,1989-05-26,Female,West Lindaville,2024-01-12,2025-01-11,Monthly,0,0.44370592398844205,44.37,44.37,Medium,About to Leave,0.738,0.17333333333333334,1,0,0,0,-94,4.0,0,0,Send renewal reminder | Offer Annual Plan discount | Recommend personalized content,
310,311,Rachel Fields DVM,marilyn42@example.com,marilyn42,1986-02-28,Female,Alexisborough,2024-01-29,2025-01-28,Monthly,0,0.405552360604105,40.56,40.56,Medium,About to Leave,0.8048000000000001,0.1437777777777778,1,0,0,0,-77,4.9,0,0,Send renewal reminder | Offer Annual Plan discount | Recommend personalized content,
311,312,Daniel Osborn,coxlouis@example.com,coxlouis,1995-11-09,Male,Loweborough,2024-01-12,2025-01-11,Annual,0,0.3352226690642573,33.52,33.52,Low,About to Leave,0.6768,0.17866666666666667,0,0,0,0,-94,3.4,0,0,Send renewal reminder | Collect feedback and offer service recovery | Recommend personalized content,
312,313,Richard Brewer,fmccarthy@example.com,fmccarthy,1979-11-07,Female,South Erik,2024-04-06,2025-04-06,Monthly,0,0.6483727365862505,64.84,64.84,Medium,About to Leave,0.6116,0.07973333333333332,1,0,0,1,-9,3.3,1,0,Send renewal reminder | Offer Annual Plan discount | Trigger engagement campaign | Collect feedback and offer service recovery | Recommend personalized content,
313,314,Joseph Davis,rgreer@example.org,rgreer,1997-11-26,Male,South Brandon,2024-04-13,2025-04-13,Monthly,0,0.40806889303324484,40.81,40.81,Medium,About to Leave,0.8172,0.47200000000000003,1,0,0,0,-2,3.6,0,0,Send renewal reminder | Offer Annual Plan discount | Recommend personalized content,
314,315,Sarah Wilson,matthewgutierrez@example.org,matthewgutierrez,1935-08-25,Male,Harrisbury,2024-01-30,2025-01-29,Monthly,0,0.6094615110575305,60.95,60.95,Medium,About to Leave,0.6636,0.06355555555555556,1,0,1,0,-76,4.3,1,0,Send renewal reminder | Offer Annual Plan discount | Assign priority support | Recommend personalized content,
315,316,Christy Schultz,nayala@example.org,nayala,1936-12-21,Female,Port Zacharyborough,2024-03-07,2025-03-07,Annual,0,0.3262672291244319,32.63,32.63,Low,About to Leave,0.7368,0.16053333333333336,0,0,0,0,-39,3.4,0,0,Send renewal reminder | Collect feedback and offer service recovery | Recommend personalized content,
316,317,Javier Vang,jchang@example.net,jchang,1953-07-15,Female,Lake Sandrafort,2024-02-27,2025-02-26,Monthly,0,0.4322271954855519,43.22,43.22,Medium,About to Leave,0.8084000000000001,0.4173333333333334,1,0,0,0,-48,4.2,0,0,Send renewal reminder | Offer Annual Plan discount | Recommend personalized content,
317,318,Maria Savage,linda39@example.org,linda39,1952-06-14,Male,Allenmouth,2024-02-03,2025-02-02,Monthly,0,0.6034599634411802,60.35,60.35,Medium,About to Leave,0.6888000000000001,0.06448484848484849,1,0,1,0,-72,4.4,1,0,Send renewal reminder | Offer Annual Plan discount | Assign priority support | Recommend personalized content,
318,319,Ryan Brown,jared97@example.org,jared97,1978-10-06,Female,East Mandyton,2024-02-06,2025-02-05,Annual,0,0.4995605632476168,49.96,49.96,Medium,About to Leave,0.6532,0.08613333333333333,0,0,0,1,-69,4.1,1,0,Send renewal reminder | Trigger engagement campaign | Recommend personalized content,
319,320,Melanie Cooper,tonyamckenzie@example.net,tonyamckenzie,1963-08-12,Male,Lake Anna,2024-01-16,2025-01-15,Annual,0,0.3081232755590242,30.81,30.81,Low,About to Leave,0.7372,0.13511111111111113,0,0,0,0,-90,3.6,0,0,Send renewal reminder | Recommend personalized content,
320,321,Christina Rogers,hallkendra@example.net,hallkendra,1959-01-10,Female,West Justin,2024-03-11,2025-03-11,Monthly,0,0.6073255445565846,60.73,60.73,Medium,About to Leave,0.6768000000000001,0.07296969696969698,1,0,1,0,-35,3.4,1,0,Send renewal reminder | Offer Annual Plan discount | Assign priority support | Collect feedback and offer service recovery | Recommend personalized content,
321,322,Rachael Jarvis,arthur24@example.org,arthur24,1995-04-09,Male,Travisview,2024-01-28,2025-01-27,Annual,0,0.46027105028944026,46.03,46.03,Medium,About to Leave,0.6968000000000001,0.0891851851851852,0,0,1,0,-78,3.4,0,0,Send renewal reminder | Assign priority support | Collect feedback and offer service recovery | Recommend personalized content,
322,323,Mark Vasquez,thompsonevelyn@example.org,thompsonevelyn,2005-10-22,Male,Martinezhaven,2024-03-03,2025-03-03,Annual,0,0.2649761155300923,26.5,26.5,Low,Loyal,0.8184000000000001,0.8346666666666668,0,0,0,0,-43,4.2,0,0,Send renewal reminder | Recommend personalized content,Recommend premium Comedy bundle | Recommend lifestyle and family content pack | Recommend mobile premium pack | Offer loyalty reward / premium upsell
323,324,Mr. Kevin Johnson DVM,tinarusso@example.net,tinarusso,1961-03-19,Male,Hancockburgh,2024-02-18,2025-02-17,Monthly,0,0.6123027986257542,61.23,61.23,Medium,About to Leave,0.6380000000000001,0.05600000000000001,1,0,1,0,-57,4.0,1,0,Send renewal reminder | Offer Annual Plan discount | Assign priority support | Recommend personalized content,
324,325,John Moses,joshua91@example.com,joshua91,1966-03-08,Male,North Reneebury,2024-02-15,2025-02-14,Annual,0,0.6860981985379999,68.61,68.61,High,About to Leave,0.5412,0.035515151515151513,0,0,1,1,-60,3.1,1,0,Send renewal reminder | Assign priority support | Trigger engagement campaign | Collect feedback and offer service recovery | Recommend personalized content,
325,326,John Velez,marcushicks@example.net,marcushicks,1969-05-18,Female,Nathanielland,2024-03-31,2025-03-31,Monthly,0,0.5938071790632677,59.38,59.38,Medium,About to Leave,0.7200000000000001,0.06666666666666667,1,0,1,0,-15,5.0,1,0,Send renewal reminder | Offer Annual Plan discount | Assign priority support | Recommend personalized content,
326,327,James Kim,bonnielewis@example.org,bonnielewis,1990-03-31,Female,Rodriguezhaven,2024-03-17,2025-03-17,Monthly,0,0.4808863540107838,48.09,48.09,Medium,About to Leave,0.6971999999999999,0.11288888888888889,1,0,0,0,-29,3.6,1,0,Send renewal reminder | Offer Annual Plan discount | Recommend personalized content,
327,328,Dr. Michele Butler,hjohnston@example.net,hjohnston,1997-09-16,Male,Lucaston,2024-02-20,2025-02-19,Monthly,0,0.45299072169580945,45.3,45.3,Medium,About to Leave,0.7328,0.17233333333333334,1,0,0,0,-55,3.9,0,0,Send renewal reminder | Offer Annual Plan discount | Recommend personalized content,
328,329,Alexander Kelley,opitts@example.com,opitts,1994-10-29,Female,Port Mark,2024-03-28,2025-03-28,Monthly,0,0.604172638382026,60.42,60.42,Medium,About to Leave,0.6776,0.07614814814814815,1,0,1,0,-18,3.8,1,0,Send renewal reminder | Offer Annual Plan discount | Assign priority support | Recommend personalized content,
329,330,Catherine Dunlap,spierce@example.net,spierce,1988-06-03,Male,Lake Matthew,2024-04-11,2025-04-11,Annual,0,0.4317566010874662,43.18,43.18,Medium,About to Leave,0.7224000000000002,0.10183333333333335,0,0,1,0,-4,3.7,0,0,Send renewal reminder | Assign priority support | Recommend personalized content,
330,331,Cheryl Spence,matthewjohnson@example.org,matthewjohnson,1945-04-28,Male,Deanland,2024-03-22,2025-03-22,Annual,0,0.47410237107095704,47.41,47.41,Medium,About to Leave,0.6568,0.07437037037037036,0,0,1,0,-24,3.4,1,0,Send renewal reminder | Assign priority support | Collect feedback and offer service recovery | Recommend personalized content,
331,332,Jacob Black,felicia70@example.com,felicia70,1952-10-15,Female,Floresside,2024-01-08,2025-01-07,Monthly,0,0.4859503003298072,48.6,48.6,Medium,About to Leave,0.6712,0.262,1,0,0,0,-98,3.1,1,0,Send renewal reminder | Offer Annual Plan discount | Collect feedback and offer service recovery | Recommend personalized content,
332,333,Morgan Wilkinson,nashtyler@example.com,nashtyler,1950-04-08,Female,Josephfurt,2024-01-04,2025-01-03,Monthly,0,0.5482423828257021,54.82,54.82,Medium,About to Leave,0.7096,0.08457142857142859,1,0,1,0,-102,4.8,1,0,Send renewal reminder | Offer Annual Plan discount | Assign priority support | Recommend personalized content,
333,334,Nicole Robinson,huberisaac@example.com,huberisaac,1968-04-18,Male,Port Heather,2024-02-05,2025-02-04,Monthly,0,0.5467599628767309,54.68,54.68,Medium,About to Leave,0.7700000000000001,0.08666666666666667,1,0,1,0,-70,5.0,1,0,Send renewal reminder | Offer Annual Plan discount | Assign priority support | Recommend personalized content,
334,335,Anne Mcmillan,trobertson@example.org,trobertson,1985-12-23,Male,Troybury,2024-01-17,2025-01-16,Monthly,0,0.5593293400964061,55.93,55.93,Medium,About to Leave,0.7276000000000001,0.10233333333333335,1,0,1,0,-89,3.8,1,0,Send renewal reminder | Offer Annual Plan discount | Assign priority support | Recommend personalized content,
335,336,Jeffery Diaz,ghumphrey@example.com,ghumphrey,1996-06-21,Female,New Nicholasmouth,2024-02-21,2025-02-20,Annual,0,0.276777494763987,27.68,27.68,Low,Loyal,0.74,0.12000000000000002,0,0,0,0,-54,5.0,0,0,Send renewal reminder | Recommend personalized content,Recommend premium Drama bundle | Recommend reading/documentary combo | Recommend mobile premium pack
336,337,Carlos Rodriguez,jwilkins@example.net,jwilkins,1973-07-10,Male,Whitneyfort,2024-01-03,2025-01-02,Annual,0,0.4507585817902121,45.08,45.08,Medium,About to Leave,0.6524000000000001,0.06193939393939394,0,0,1,0,-103,3.7,0,0,Send renewal reminder | Assign priority support | Recommend personalized content,
337,338,Shannon Stevens,jwilson@example.com,jwilson,1989-11-19,Male,West Thomas,2024-01-05,2025-01-04,Monthly,0,0.42438073475591087,42.44,42.44,Medium,About to Leave,0.7676000000000001,0.2046666666666667,1,0,0,0,-101,3.8,0,0,Send renewal reminder | Offer Annual Plan discount | Recommend personalized content,
338,339,Mitchell Hansen,irogers@example.org,irogers,1974-02-24,Female,Hudsonville,2024-01-13,2025-01-12,Annual,0,0.3764123726638615,37.64,37.64,Medium,About to Leave,0.8199999999999998,0.1111111111111111,0,0,1,0,-93,5.0,0,0,Send renewal reminder | Assign priority support | Recommend personalized content,
339,340,Kerry Johnson,nschneider@example.com,nschneider,1961-06-10,Female,North Melissachester,2024-01-27,2025-01-26,Monthly,0,0.44823570333303747,44.82,44.82,Medium,About to Leave,0.7476,0.3426666666666667,1,0,0,0,-79,3.8,0,0,Send renewal reminder | Offer Annual Plan discount | Recommend personalized content,
340,341,Jonathan Soto,rfrench@example.org,rfrench,1936-12-09,Female,West Mariah,2024-03-16,2025-03-16,Annual,0,0.47208005303877265,47.21,47.21,Medium,About to Leave,0.5860000000000001,0.052000000000000005,0,0,1,0,-30,3.0,0,0,Send renewal reminder | Assign priority support | Collect feedback and offer service recovery | Recommend personalized content,
341,342,Michelle Ferguson,nathan22@example.org,nathan22,1967-12-20,Female,East Elizabeth,2024-02-05,2025-02-04,Monthly,0,0.4875109397325187,48.75,48.75,Medium,About to Leave,0.712,0.16833333333333333,1,0,0,0,-70,3.5,1,0,Send renewal reminder | Offer Annual Plan discount | Recommend personalized content,
342,343,Derek Mercer,kristina99@example.net,kristina99,1934-08-14,Male,Hunterland,2024-04-11,2025-04-11,Annual,0,0.5002170818682817,50.02,50.02,Medium,About to Leave,0.6636000000000001,0.08773333333333333,0,0,0,1,-4,4.3,1,0,Send renewal reminder | Trigger engagement campaign | Recommend personalized content,
343,344,Heather Howard,robinsonduane@example.com,robinsonduane,1994-06-03,Female,East Josephside,2024-03-01,2025-03-01,Annual,0,0.4320702613001333,43.21,43.21,Medium,About to Leave,0.6716,0.09504761904761905,0,0,1,0,-45,3.3,0,0,Send renewal reminder | Assign priority support | Collect feedback and offer service recovery | Recommend personalized content,
344,345,Cynthia Phillips,carlsonrachel@example.net,carlsonrachel,1995-01-04,Male,South Adamland,2024-01-08,2025-01-07,Annual,0,0.2960627005876094,29.61,29.61,Low,Loyal,0.7172,0.16933333333333334,0,0,0,0,-98,3.6,0,0,Send renewal reminder | Recommend personalized content,Recommend premium Comedy bundle | Recommend reading/documentary combo | Recommend offline mobile viewing pack
345,346,Matthew Ruiz,april31@example.com,april31,1940-10-19,Male,Martinfort,2024-04-01,2025-04-01,Monthly,0,0.41471025020349245,41.47,41.47,Medium,About to Leave,0.788,0.2755555555555556,1,0,0,0,-14,4.0,0,0,Send renewal reminder | Offer Annual Plan discount | Recommend personalized content,
346,347,Charles Nelson,kaylaschultz@example.com,kaylaschultz,1950-12-04,Male,Erichaven,2024-01-06,2025-01-05,Monthly,0,0.6132120498221999,61.32,61.32,Medium,About to Leave,0.6264000000000001,0.060121212121212124,1,0,1,0,-100,3.2,1,0,Send renewal reminder | Offer Annual Plan discount | Assign priority support | Collect feedback and offer service recovery | Recommend personalized content,
347,348,Patrick Clarke,debra06@example.net,debra06,1948-01-10,Female,Lake Tarastad,2024-02-27,2025-02-26,Annual,0,0.2695508649202364,26.96,26.96,Low,Loyal,0.7728,0.2056666666666667,0,0,0,0,-48,3.9,0,0,Send renewal reminder | Recommend personalized content,Recommend reading/documentary combo | Recommend family multi-screen plan | Offer loyalty reward / premium upsell
348,349,Ruben Martinez,williamsariel@example.net,williamsariel,1976-06-27,Male,Brittanyburgh,2024-03-21,2025-03-21,Monthly,0,0.4264073230389999,42.64,42.64,Medium,About to Leave,0.7748,0.5960000000000001,1,0,0,0,-25,4.9,0,0,Send renewal reminder | Offer Annual Plan discount | Recommend personalized content,
349,350,Michael Chang,tammygonzales@example.net,tammygonzales,1980-12-18,Female,Crossborough,2024-02-24,2025-02-23,Annual,0,0.4326524869365603,43.27,43.27,Medium,About to Leave,0.714,0.07925925925925927,0,0,1,0,-51,4.5,0,0,Send renewal reminder | Assign priority support | Recommend personalized content,
350,351,Connie Fischer,lwatson@example.org,lwatson,1935-11-23,Female,North Brandonburgh,2024-01-20,2025-01-19,Annual,0,0.2882121902708643,28.82,28.82,Low,Loyal,0.758,0.1377777777777778,0,0,0,0,-86,4.0,0,0,Send renewal reminder | Recommend personalized content,Recommend premium device streaming bundle | Recommend mobile premium pack
351,352,Joseph Williams,jaredlynch@example.org,jaredlynch,2004-09-30,Male,Lake Margaretport,2024-02-24,2025-02-23,Annual,0,0.3356568110885891,33.57,33.57,Low,About to Leave,0.7032,0.14100000000000001,0,0,0,0,-51,4.1,0,0,Send renewal reminder | Recommend personalized content,
352,353,David Stokes,ksmith@example.org,ksmith,1967-01-03,Male,Javierfort,2024-03-25,2025-03-25,Monthly,0,0.39752826979337663,39.75,39.75,Medium,About to Leave,0.8348000000000001,0.2875555555555556,1,0,0,0,-21,4.9,0,0,Send renewal reminder | Offer Annual Plan discount | Recommend personalized content,
353,354,Dawn Vazquez,hgarcia@example.org,hgarcia,1937-09-11,Female,Belindamouth,2024-01-02,2025-01-01,Monthly,0,0.5578419324592118,55.78,55.78,Medium,About to Leave,0.7391999999999999,0.10247619047619048,1,0,1,0,-104,4.6,1,0,Send renewal reminder | Offer Annual Plan discount | Assign priority support | Recommend personalized content,
354,355,Carrie Jackson,dpowell@example.net,dpowell,1977-10-06,Male,Christineport,2024-04-13,2025-04-13,Annual,0,0.41980145679362296,41.98,41.98,Medium,About to Leave,0.7595999999999999,0.08586666666666667,0,0,1,0,-2,4.8,0,0,Send renewal reminder | Assign priority support | Recommend personalized content,
355,356,Kathleen Mclaughlin,james28@example.com,james28,1984-06-19,Female,New Jennifer,2024-03-16,2025-03-16,Monthly,0,0.5837432797353534,58.37,58.37,Medium,About to Leave,0.6876000000000001,0.08566666666666667,1,0,1,0,-30,3.8,1,0,Send renewal reminder | Offer Annual Plan discount | Assign priority support | Recommend personalized content,
356,357,Tim Hernandez,michael28@example.org,michael28,1941-01-30,Female,North Jessica,2024-01-22,2025-01-21,Monthly,0,0.638540980196412,63.85,63.85,Medium,About to Leave,0.6484,0.07244444444444445,1,0,0,1,-84,4.2,1,0,Send renewal reminder | Offer Annual Plan discount | Trigger engagement campaign | Recommend personalized content,
357,358,William Stephens,langmary@example.net,langmary,1955-03-21,Female,Scottton,2024-03-28,2025-03-28,Monthly,0,0.46468619965258906,46.47,46.47,Medium,About to Leave,0.7076,0.276,1,0,0,0,-18,3.8,0,0,Send renewal reminder | Offer Annual Plan discount | Recommend personalized content,
358,359,Misty Lopez,clayblake@example.net,clayblake,1943-09-19,Male,Port Cole,2024-03-25,2025-03-25,Annual,0,0.4512872933194766,45.13,45.13,Medium,About to Leave,0.6312,0.06573333333333334,0,0,1,0,-21,3.1,0,0,Send renewal reminder | Assign priority support | Collect feedback and offer service recovery | Recommend personalized content,
359,360,Teresa Richardson,stacywolfe@example.com,stacywolfe,1978-07-28,Female,Port Jonathan,2024-01-25,2025-01-24,Annual,0,0.3195305223693743,31.95,31.95,Low,About to Leave,0.6876,0.138,0,0,0,0,-81,3.8,0,0,Send renewal reminder | Recommend personalized content,
360,361,Donald Davis,frenchgail@example.com,frenchgail,1984-03-16,Female,East Christopherside,2024-01-19,2025-01-18,Annual,0,0.2959508754180333,29.6,29.6,Low,Loyal,0.7232,0.11622222222222223,0,0,0,0,-87,4.1,0,0,Send renewal reminder | Recommend personalized content,Recommend premium Documentary bundle | Recommend reading/documentary combo | Recommend offline mobile viewing pack
361,362,Kenneth Lopez,delgadokayla@example.org,delgadokayla,1989-09-22,Female,Barnesland,2024-01-11,2025-01-10,Monthly,0,0.4623101792636505,46.23,46.23,Medium,About to Leave,0.696,0.21777777777777776,1,0,0,0,-95,3.0,0,0,Send renewal reminder | Offer Annual Plan discount | Collect feedback and offer service recovery | Recommend personalized content,
362,363,Maria Johnson,connorfranklin@example.com,connorfranklin,1992-03-25,Female,New Cory,2024-01-24,2025-01-23,Annual,0,0.27950415224412495,27.95,27.95,Low,Loyal,0.7888000000000001,0.16853333333333337,0,0,0,0,-82,4.4,0,0,Send renewal reminder | Recommend personalized content,Recommend premium Sci-Fi bundle | Recommend reading/documentary combo | Recommend offline mobile viewing pack | Offer loyalty reward / premium upsell
363,364,Robert Nelson,josephalvarez@example.org,josephalvarez,1940-08-23,Female,Stevenview,2024-02-22,2025-02-21,Monthly,0,0.645414599618525,64.54,64.54,Medium,About to Leave,0.6628000000000001,0.1408888888888889,1,0,0,1,-53,3.9,1,0,Send renewal reminder | Offer Annual Plan discount | Trigger engagement campaign | Recommend personalized content,
364,365,James Villa,jenniferwallace@example.org,jenniferwallace,1946-07-26,Female,Stephensshire,2024-01-03,2025-01-02,Annual,0,0.46039227482685763,46.04,46.04,Medium,About to Leave,0.6724000000000001,0.0757037037037037,0,0,1,0,-103,3.7,0,0,Send renewal reminder | Assign priority support | Recommend personalized content,
365,366,Ryan Deleon,tanya47@example.org,tanya47,1999-11-22,Female,Dawnfurt,2024-03-14,2025-03-14,Annual,0,0.49718617856049746,49.72,49.72,Medium,About to Leave,0.6312,0.06573333333333334,0,0,1,0,-32,3.1,1,0,Send renewal reminder | Assign priority support | Collect feedback and offer service recovery | Recommend personalized content,
366,367,Patricia Bell,lpowell@example.net,lpowell,1984-12-12,Female,South Garyborough,2024-03-22,2025-03-22,Annual,0,0.2895072499942238,28.95,28.95,Low,Loyal,0.7224,0.17033333333333334,0,0,0,0,-24,3.7,0,0,Send renewal reminder | Recommend personalized content,Recommend lifestyle and family content pack | Recommend offline mobile viewing pack
367,368,Corey Cannon,christopherwilkerson@example.net,christopherwilkerson,1990-03-31,Male,East Crystal,2024-04-12,2025-04-12,Annual,0,0.3014413591158898,30.14,30.14,Low,About to Leave,0.7340000000000001,0.19333333333333336,0,0,0,0,-3,4.5,0,0,Send renewal reminder | Recommend personalized content,
368,369,Katherine Hinton,jbaker@example.net,jbaker,1999-09-30,Female,Angelahaven,2024-01-02,2025-01-01,Annual,0,0.25614796478089225,25.61,25.61,Low,Loyal,0.7876000000000001,0.4093333333333334,0,0,0,0,-104,3.8,0,0,Send renewal reminder | Recommend personalized content,Recommend reading/documentary combo | Recommend offline mobile viewing pack | Offer loyalty reward / premium upsell
369,370,Amy Spencer,vriley@example.com,vriley,1975-02-13,Female,East Katherine,2024-01-11,2025-01-10,Annual,0,0.30047508119758964,30.05,30.05,Low,About to Leave,0.7648,0.12155555555555557,0,0,0,0,-95,4.9,0,0,Send renewal reminder | Recommend personalized content,
370,371,Michele Dawson,stewartmadison@example.net,stewartmadison,1962-06-19,Female,Lake Joseph,2024-03-01,2025-03-01,Annual,0,0.4908700674968096,49.09,49.09,Medium,About to Leave,0.6384000000000001,0.05163636363636364,0,0,1,0,-45,4.2,1,0,Send renewal reminder | Assign priority support | Recommend personalized content,
371,372,Jay Phillips,yvette22@example.com,yvette22,1959-08-14,Female,New Sheila,2024-02-05,2025-02-04,Annual,0,0.3222834174289655,32.23,32.23,Low,About to Leave,0.7092,0.09733333333333334,0,0,0,0,-70,4.6,0,0,Send renewal reminder | Recommend personalized content,
372,373,Brian Greene,nancychang@example.net,nancychang,1968-02-12,Male,South Jane,2024-04-10,2025-04-10,Monthly,0,0.4466462212878811,44.66,44.66,Medium,About to Leave,0.7591999999999999,0.1434666666666667,1,0,0,0,-5,4.6,0,0,Send renewal reminder | Offer Annual Plan discount | Recommend personalized content,
373,374,Timothy Cox,stephen87@example.net,stephen87,1963-06-07,Male,New John,2024-02-07,2025-02-06,Annual,0,0.28849881674695765,28.85,28.85,Low,Loyal,0.7228,0.13786666666666667,0,0,0,0,-68,3.9,0,0,Send renewal reminder | Recommend personalized content,Recommend premium Sci-Fi bundle | Recommend lifestyle and family content pack | Recommend family multi-screen plan
374,375,Robert Nelson,bacosta@example.com,bacosta,1974-10-04,Female,Andersonstad,2024-02-03,2025-02-02,Monthly,0,0.47992936252331664,47.99,47.99,Medium,About to Leave,0.7224,0.17033333333333334,1,0,0,0,-72,3.7,1,0,Send renewal reminder | Offer Annual Plan discount | Recommend personalized content,
375,376,Thomas Castro,wilkinsonrachel@example.com,wilkinsonrachel,1966-11-28,Female,Markfort,2024-02-01,2025-01-31,Annual,0,0.4521579088390222,45.22,45.22,Medium,About to Leave,0.6696000000000001,0.05381818181818183,0,0,1,0,-74,4.8,0,0,Send renewal reminder | Assign priority support | Recommend personalized content,
376,377,Victor Armstrong,durancolin@example.org,durancolin,1963-01-24,Female,North Robertahaven,2024-04-05,2025-04-05,Monthly,0,0.55328751044098,55.33,55.33,Medium,About to Leave,0.7796,0.10733333333333334,1,0,1,0,-10,4.8,1,0,Send renewal reminder | Offer Annual Plan discount | Assign priority support | Recommend personalized content,
377,378,Anne Smith,smithlee@example.net,smithlee,1961-10-05,Female,Lake Autumnside,2024-01-31,2025-01-30,Monthly,0,0.5911543299887059,59.12,59.12,Medium,About to Leave,0.702,0.08962962962962964,1,0,1,0,-75,3.5,1,0,Send renewal reminder | Offer Annual Plan discount | Assign priority support | Recommend personalized content,
378,379,Jerry Dawson,ielliott@example.net,ielliott,1972-03-05,Male,Glovermouth,2024-03-29,2025-03-29,Monthly,0,0.4393255916857623,43.93,43.93,Medium,About to Leave,0.7744000000000001,0.18033333333333335,1,0,0,0,-17,4.7,0,0,Send renewal reminder | Offer Annual Plan discount | Recommend personalized content,
379,380,Samantha Lucas,gregorybrittney@example.net,gregorybrittney,1951-03-25,Female,North Kelly,2024-03-19,2025-03-19,Monthly,0,0.4224810366713548,42.25,42.25,Medium,About to Leave,0.8495999999999999,0.1984,1,0,0,0,-27,4.8,0,0,Send renewal reminder | Offer Annual Plan discount | Recommend personalized content,
380,381,Jennifer Romero,gatescharles@example.org,gatescharles,1939-06-16,Male,North Markmouth,2024-04-10,2025-04-10,Monthly,0,0.5693074424507643,56.93,56.93,Medium,About to Leave,0.7288000000000001,0.10133333333333334,1,0,1,0,-5,4.4,1,0,Send renewal reminder | Offer Annual Plan discount | Assign priority support | Recommend personalized content,
381,382,Taylor Mcclure,yjones@example.net,yjones,1942-07-10,Male,Elizabethstad,2024-02-02,2025-02-01,Monthly,1,0.8003998477233739,80.04,80.04,High,About to Leave,0.6132,0.04785185185185185,1,0,1,1,-73,4.1,1,1,Send renewal reminder | Offer Annual Plan discount | Assign priority support | Trigger engagement campaign | Recommend personalized content,
382,383,Jeffery Spence,xthomas@example.org,xthomas,1998-02-08,Female,Port Glenn,2024-03-04,2025-03-04,Monthly,0,0.3972559801791616,39.73,39.73,Medium,About to Leave,0.8444,0.19760000000000003,1,0,0,0,-42,4.7,0,0,Send renewal reminder | Offer Annual Plan discount | Recommend personalized content,
383,384,Nicholas Curry,jodiweiss@example.net,jodiweiss,1956-08-09,Female,West Joelton,2024-03-25,2025-03-25,Annual,0,0.29055831916037217,29.06,29.06,Low,Loyal,0.7768,0.8026666666666668,0,0,0,0,-21,3.4,0,0,Send renewal reminder | Collect feedback and offer service recovery | Recommend personalized content,Recommend premium device streaming bundle | Recommend mobile premium pack | Offer loyalty reward / premium upsell
384,385,Benjamin Kelly,prodriguez@example.net,prodriguez,1975-07-27,Female,West Williamville,2024-02-07,2025-02-06,Annual,0,0.4966631763887284,49.67,49.67,Medium,About to Leave,0.6528,0.10566666666666667,0,0,0,1,-68,3.9,1,0,Send renewal reminder | Trigger engagement campaign | Recommend personalized content,
385,386,Nicholas Nicholson,megan54@example.org,megan54,1981-03-26,Male,Michaelborough,2024-01-07,2025-01-06,Annual,0,0.4360148170684674,43.6,43.6,Medium,About to Leave,0.7040000000000001,0.07133333333333333,0,0,1,0,-99,4.5,0,0,Send renewal reminder | Assign priority support | Recommend personalized content,
386,387,Frances Wilson,brittany61@example.net,brittany61,1957-04-09,Male,New Mark,2024-01-26,2025-01-25,Annual,0,0.655495926561203,65.55,65.55,High,About to Leave,0.5811999999999999,0.05580952380952381,0,0,1,1,-80,3.1,1,0,Send renewal reminder | Assign priority support | Trigger engagement campaign | Collect feedback and offer service recovery | Recommend personalized content,
387,388,Richard Soto,simmonssandra@example.com,simmonssandra,2002-09-25,Female,Tylerberg,2024-01-16,2025-01-15,Annual,0,0.2861592867356404,28.62,28.62,Low,Loyal,0.7964,0.464,0,0,0,0,-90,3.2,0,0,Send renewal reminder | Collect feedback and offer service recovery | Recommend personalized content,Recommend premium device streaming bundle | Recommend offline mobile viewing pack | Offer loyalty reward / premium upsell
388,389,Angela Walker,martinezsamuel@example.com,martinezsamuel,1980-12-08,Male,Timothyview,2024-02-19,2025-02-18,Annual,0,0.6417092505323353,64.17,64.17,Medium,About to Leave,0.5824,0.041466666666666666,0,0,1,1,-56,3.7,1,0,Send renewal reminder | Assign priority support | Trigger engagement campaign | Recommend personalized content,
389,390,Carl Parker,oanderson@example.org,oanderson,1961-05-28,Male,Leeport,2024-01-06,2025-01-05,Monthly,0,0.530455298628346,53.05,53.05,Medium,About to Leave,0.7744000000000002,0.10683333333333335,1,0,1,0,-100,4.7,1,0,Send renewal reminder | Offer Annual Plan discount | Assign priority support | Recommend personalized content,
390,391,Brooke Stewart,johnramirez@example.com,johnramirez,1959-04-25,Male,West Mary,2024-04-10,2025-04-10,Monthly,0,0.44556109406928857,44.56,44.56,Medium,About to Leave,0.7976,0.1904,1,0,0,0,-5,3.8,0,0,Send renewal reminder | Offer Annual Plan discount | Recommend personalized content,
391,392,Amy Vasquez DDS,tcooper@example.net,tcooper,1955-09-16,Male,Cruzborough,2024-03-11,2025-03-11,Annual,0,0.4716239364837026,47.16,47.16,Medium,About to Leave,0.6796000000000001,0.05920000000000001,0,0,1,0,-35,4.8,0,0,Send renewal reminder | Assign priority support | Recommend personalized content,
392,393,Joshua Powell,kellypeter@example.org,kellypeter,1965-03-09,Male,Brianmouth,2024-03-25,2025-03-25,Annual,0,0.38677792552528173,38.68,38.68,Medium,About to Leave,0.8399999999999999,0.14285714285714285,0,0,1,0,-21,5.0,0,0,Send renewal reminder | Assign priority support | Recommend personalized content,
393,394,Whitney White,darlene61@example.org,darlene61,1963-04-17,Female,Veronicabury,2024-02-03,2025-02-02,Annual,0,0.46114872970192,46.11,46.11,Medium,About to Leave,0.6640000000000001,0.05800000000000001,0,0,1,0,-72,4.5,0,0,Send renewal reminder | Assign priority support | Recommend personalized content,
394,395,Rhonda Coleman,ehudson@example.com,ehudson,2002-03-25,Male,Tonyaberg,2024-03-01,2025-03-01,Monthly,0,0.6256510427543541,62.57,62.57,Medium,About to Leave,0.6612,0.07187878787878789,1,0,1,0,-45,3.1,1,0,Send renewal reminder | Offer Annual Plan discount | Assign priority support | Collect feedback and offer service recovery | Recommend personalized content,
395,396,Jason Schmidt,ryanwalsh@example.com,ryanwalsh,1944-04-26,Male,Jeffreyport,2024-03-27,2025-03-27,Annual,0,0.3091408485973799,30.91,30.91,Low,About to Leave,0.6864,0.528,0,0,0,0,-19,3.2,0,0,Send renewal reminder | Collect feedback and offer service recovery | Recommend personalized content,
396,397,Andrew Johnson,thomascallahan@example.org,thomascallahan,1957-12-17,Male,Port Sue,2024-03-04,2025-03-04,Annual,0,0.250209384362468,25.02,25.02,Low,Loyal,0.8240000000000001,0.4233333333333334,0,0,0,0,-42,4.5,0,0,Send renewal reminder | Recommend personalized content,Recommend premium device streaming bundle | Recommend mobile premium pack | Offer loyalty reward / premium upsell
397,398,Chelsea Terrell,irodriguez@example.org,irodriguez,1961-09-29,Female,South Travis,2024-01-22,2025-01-21,Monthly,0,0.43994892074813896,43.99,43.99,Medium,About to Leave,0.7244,0.11760000000000001,1,0,0,0,-84,4.7,0,0,Send renewal reminder | Offer Annual Plan discount | Recommend personalized content,
398,399,Kevin Bridges,acline@example.org,acline,1963-03-07,Male,East Joshuaburgh,2024-01-26,2025-01-25,Monthly,0,0.4384137791934982,43.84,43.84,Medium,About to Leave,0.7864,0.30933333333333335,1,0,0,0,-80,3.2,0,0,Send renewal reminder | Offer Annual Plan discount | Collect feedback and offer service recovery | Recommend personalized content,
399,400,Steven Moody,kimberly19@example.com,kimberly19,1986-06-24,Male,Lake William,2024-04-13,2025-04-13,Annual,0,0.4136599549874894,41.37,41.37,Medium,About to Leave,0.7188000000000001,0.08866666666666667,0,0,1,0,-2,4.4,0,0,Send renewal reminder | Assign priority support | Recommend personalized content,
400,401,Gina Aguilar,troy03@example.com,troy03,1994-10-15,Male,Karenborough,2024-01-29,2025-01-28,Monthly,0,0.4419975958127932,44.2,44.2,Medium,About to Leave,0.7896000000000001,0.24177777777777779,1,0,0,0,-77,4.8,0,0,Send renewal reminder | Offer Annual Plan discount | Recommend personalized content,
401,402,Olivia Harper,twilliams@example.com,twilliams,2004-06-22,Female,Port Charles,2024-02-27,2025-02-26,Annual,0,0.4103950058959247,41.04,41.04,Medium,About to Leave,0.788,0.13714285714285715,0,0,1,0,-48,4.0,0,0,Send renewal reminder | Assign priority support | Recommend personalized content,
402,403,Christian Pruitt,andrea81@example.com,andrea81,1999-01-16,Male,Amandamouth,2024-02-10,2025-02-09,Monthly,0,0.425567055537087,42.56,42.56,Medium,About to Leave,0.7384000000000001,0.5680000000000001,1,0,0,0,-65,4.2,0,0,Send renewal reminder | Offer Annual Plan discount | Recommend personalized content,
403,404,Mark Rojas,marshlori@example.net,marshlori,1942-11-03,Female,Parkerfort,2024-03-13,2025-03-13,Annual,0,0.2747740617151376,27.48,27.48,Low,Loyal,0.8344,0.16466666666666668,0,0,0,0,-33,4.7,0,0,Send renewal reminder | Recommend personalized content,Recommend premium Drama bundle | Recommend lifestyle and family content pack | Recommend family multi-screen plan | Offer loyalty reward / premium upsell
404,405,Dr. Kelly Burgess,yatesmichael@example.net,yatesmichael,2003-01-28,Male,West Jillstad,2024-02-15,2025-02-14,Monthly,0,0.6256367418978459,62.56,62.56,Medium,About to Leave,0.6412,0.39066666666666666,1,0,0,1,-60,3.1,1,0,Send renewal reminder | Offer Annual Plan discount | Trigger engagement campaign | Collect feedback and offer service recovery | Recommend personalized content,
405,406,Kiara Herrera,koconnor@example.com,koconnor,1954-07-17,Male,Simsland,2024-02-07,2025-02-06,Monthly,0,0.4590900704921628,45.91,45.91,Medium,About to Leave,0.6811999999999999,0.13146666666666668,1,0,0,0,-68,3.1,0,0,Send renewal reminder | Offer Annual Plan discount | Collect feedback and offer service recovery | Recommend personalized content,
406,407,Christina Steele,pfoster@example.net,pfoster,1941-01-29,Female,Ryanburgh,2024-01-20,2025-01-19,Monthly,0,0.4458872184247043,44.59,44.59,Medium,About to Leave,0.7732,0.6973333333333334,1,0,0,0,-86,4.1,0,0,Send renewal reminder | Offer Annual Plan discount | Recommend personalized content,
407,408,Thomas Espinoza,ycoleman@example.com,ycoleman,1951-03-30,Female,Boyerville,2024-01-14,2025-01-13,Annual,0,0.39474064793436825,39.47,39.47,Medium,About to Leave,0.7632000000000001,0.09640000000000001,0,0,1,0,-92,4.1,0,0,Send renewal reminder | Assign priority support | Recommend personalized content,
408,409,Joseph Young,moyerkatherine@example.org,moyerkatherine,1958-10-26,Female,New Pamela,2024-03-08,2025-03-08,Monthly,0,0.6193418851399248,61.93,61.93,Medium,About to Leave,0.6432000000000001,0.056400000000000006,1,0,1,0,-38,4.1,1,0,Send renewal reminder | Offer Annual Plan discount | Assign priority support | Recommend personalized content,
409,410,Carlos Taylor,brandon60@example.net,brandon60,1964-12-17,Female,Roachville,2024-01-22,2025-01-21,Monthly,0,0.5678822551546284,56.79,56.79,Medium,About to Leave,0.7391999999999999,0.10247619047619048,1,0,1,0,-84,4.6,1,0,Send renewal reminder | Offer Annual Plan discount | Assign priority support | Recommend personalized content,
410,411,Christine Davis,meghan96@example.net,meghan96,1956-09-10,Female,East Christopherton,2024-01-10,2025-01-09,Monthly,0,0.6125548683458453,61.26,61.26,Medium,About to Leave,0.6688000000000001,0.064,1,0,1,0,-96,4.4,1,0,Send renewal reminder | Offer Annual Plan discount | Assign priority support | Recommend personalized content,
411,412,Mark Lee,harperpatricia@example.com,harperpatricia,1934-04-03,Male,East Carolyn,2024-03-07,2025-03-07,Annual,0,0.2894988981036353,28.95,28.95,Low,Loyal,0.752,0.2016666666666667,0,0,0,0,-39,3.5,0,0,Send renewal reminder | Recommend personalized content,Recommend premium Action bundle | Recommend premium device streaming bundle | Recommend mobile premium pack
412,413,Matthew Johnson,carmen60@example.org,carmen60,1971-04-23,Male,South Nicoleport,2024-03-21,2025-03-21,Monthly,0,0.37518289485929085,37.52,37.52,Medium,About to Leave,0.8744000000000001,0.49400000000000005,1,0,0,0,-25,4.7,0,0,Send renewal reminder | Offer Annual Plan discount | Recommend personalized content,
413,414,Katrina Hampton,eileenwilliams@example.com,eileenwilliams,1975-03-13,Male,Port Michael,2024-02-24,2025-02-23,Annual,0,0.420788610816373,42.08,42.08,Medium,About to Leave,0.7344000000000002,0.09016666666666667,0,0,1,0,-51,4.7,0,0,Send renewal reminder | Assign priority support | Recommend personalized content,
414,415,Russell Becker,williamstheresa@example.org,williamstheresa,1975-03-22,Female,Whitebury,2024-03-28,2025-03-28,Annual,0,0.45318455023953536,45.32,45.32,Medium,About to Leave,0.6716,0.09504761904761905,0,0,1,0,-18,3.3,0,0,Send renewal reminder | Assign priority support | Collect feedback and offer service recovery | Recommend personalized content,
415,416,Katie Morris,duncanfelicia@example.net,duncanfelicia,1981-12-25,Male,Deleontown,2024-02-29,2025-02-28,Monthly,0,0.3968612741621979,39.69,39.69,Medium,About to Leave,0.812,0.47000000000000003,1,0,0,0,-46,3.5,0,0,Send renewal reminder | Offer Annual Plan discount | Recommend personalized content,
416,417,Zachary Mccoy,sanchezerin@example.net,sanchezerin,1987-01-27,Male,West Emilyborough,2024-02-05,2025-02-04,Monthly,0,0.5553036404387681,55.53,55.53,Medium,About to Leave,0.7168000000000001,0.11466666666666668,1,0,1,0,-70,3.4,1,0,Send renewal reminder | Offer Annual Plan discount | Assign priority support | Collect feedback and offer service recovery | Recommend personalized content,
417,418,Leslie Peters,ktaylor@example.org,ktaylor,1968-03-30,Male,Lake James,2024-02-19,2025-02-18,Monthly,0,0.410919605860911,41.09,41.09,Medium,About to Leave,0.802,0.31333333333333335,1,0,0,0,-56,3.5,0,0,Send renewal reminder | Offer Annual Plan discount | Recommend personalized content,
418,419,Christina Patterson,ethanhall@example.org,ethanhall,1985-11-04,Female,Rogersland,2024-03-16,2025-03-16,Monthly,0,0.6205368201620838,62.05,62.05,Medium,About to Leave,0.682,0.07333333333333335,1,0,1,0,-30,3.5,1,0,Send renewal reminder | Offer Annual Plan discount | Assign priority support | Recommend personalized content,
419,420,Kyle Williams,xreyes@example.net,xreyes,1940-02-27,Male,Lopezmouth,2024-04-02,2025-04-02,Monthly,0,0.7419568049968299,74.2,74.2,High,About to Leave,0.6644000000000001,0.06495238095238096,1,0,1,1,-13,4.7,1,0,Send renewal reminder | Offer Annual Plan discount | Assign priority support | Trigger engagement campaign | Recommend personalized content,
420,421,Brian Campos,aliciamckinney@example.com,aliciamckinney,1998-12-26,Female,Wallsfurt,2024-04-04,2025-04-04,Annual,0,0.4806813059795962,48.07,48.07,Medium,About to Leave,0.6728000000000001,0.21133333333333335,0,0,0,1,-11,3.9,1,0,Send renewal reminder | Trigger engagement campaign | Recommend personalized content,
421,422,Susan Hanson,williammcintyre@example.com,williammcintyre,1956-03-08,Male,Cameronside,2024-01-30,2025-01-29,Monthly,0,0.4534084156603767,45.34,45.34,Medium,About to Leave,0.7036,0.11440000000000002,1,0,0,0,-76,4.3,0,0,Send renewal reminder | Offer Annual Plan discount | Recommend personalized content,
422,423,Kathy Patterson,evelynbullock@example.net,evelynbullock,1986-08-17,Male,New Courtneyton,2024-03-25,2025-03-25,Annual,0,0.3789119261742461,37.89,37.89,Medium,About to Leave,0.7640000000000001,0.10583333333333335,0,0,1,0,-21,4.5,0,0,Send renewal reminder | Assign priority support | Recommend personalized content,
423,424,Ann Jackson,hollymccarty@example.net,hollymccarty,1967-12-04,Female,Port Amy,2024-03-25,2025-03-25,Annual,0,0.32111804397948635,32.11,32.11,Low,About to Leave,0.7011999999999999,0.21911111111111112,0,0,0,0,-21,3.1,0,0,Send renewal reminder | Collect feedback and offer service recovery | Recommend personalized content,
424,425,John Edwards,nolancheryl@example.net,nolancheryl,1944-08-31,Male,Randallhaven,2024-02-16,2025-02-15,Monthly,0,0.5963372495973964,59.63,59.63,Medium,About to Leave,0.6896,0.09173333333333333,1,0,0,1,-59,4.8,1,0,Send renewal reminder | Offer Annual Plan discount | Trigger engagement campaign | Recommend personalized content,
425,426,Mary Stewart,barbara18@example.net,barbara18,1969-12-31,Male,Lake Ryan,2024-02-15,2025-02-14,Monthly,0,0.5740744664128702,57.41,57.41,Medium,About to Leave,0.6796000000000001,0.05920000000000001,1,0,1,0,-60,4.8,1,0,Send renewal reminder | Offer Annual Plan discount | Assign priority support | Recommend personalized content,
426,427,James Benson,gmay@example.org,gmay,1942-05-11,Female,Steinfort,2024-03-29,2025-03-29,Annual,0,0.3600940820459508,36.01,36.01,Medium,About to Leave,0.6676,0.09200000000000001,0,0,0,0,-17,3.8,0,0,Send renewal reminder | Recommend personalized content,
427,428,Anthony Ramirez,wardkelly@example.net,wardkelly,2001-07-05,Male,Jonesborough,2024-01-30,2025-01-29,Annual,0,0.38107297788083355,38.11,38.11,Medium,About to Leave,0.8191999999999999,0.14057142857142857,0,0,1,0,-76,4.6,0,0,Send renewal reminder | Assign priority support | Recommend personalized content,
428,429,Wayne Walker,andrewsjames@example.org,andrewsjames,1956-04-13,Male,Kurtstad,2024-01-12,2025-01-11,Annual,0,0.4601337337598996,46.01,46.01,Medium,About to Leave,0.626,0.06533333333333333,0,0,1,0,-94,3.0,0,0,Send renewal reminder | Assign priority support | Collect feedback and offer service recovery | Recommend personalized content,
429,430,David Osborne,lambertkimberly@example.com,lambertkimberly,1998-09-22,Male,Johntown,2024-04-05,2025-04-05,Monthly,0,0.4443517279128769,44.44,44.44,Medium,About to Leave,0.7212,0.15813333333333335,1,0,0,0,-10,3.1,0,0,Send renewal reminder | Offer Annual Plan discount | Collect feedback and offer service recovery | Recommend personalized content,
430,431,Dana Scott,matthewhayden@example.com,matthewhayden,1955-10-22,Male,Austinside,2024-02-11,2025-02-10,Annual,0,0.3067324365949011,30.67,30.67,Low,About to Leave,0.7436,0.14106666666666667,0,0,0,0,-64,4.3,0,0,Send renewal reminder | Recommend personalized content,
431,432,Madison Shaw,edwardanderson@example.com,edwardanderson,1943-10-01,Female,Lake Timothy,2024-02-21,2025-02-20,Monthly,0,0.5406242811223984,54.06,54.06,Medium,About to Leave,0.8244,0.14114285714285715,1,0,1,0,-54,4.7,1,0,Send renewal reminder | Offer Annual Plan discount | Assign priority support | Recommend personalized content,
432,433,Tanya Hall,sandovalmarco@example.org,sandovalmarco,1990-04-19,Male,South Scottburgh,2024-03-28,2025-03-28,Annual,0,0.31707570671683843,31.71,31.71,Low,About to Leave,0.728,0.13866666666666666,0,0,0,0,-18,4.0,0,0,Send renewal reminder | Recommend personalized content,
433,434,William Rangel,mahoneyanthony@example.com,mahoneyanthony,1955-10-30,Female,Vanessastad,2024-01-03,2025-01-02,Annual,0,0.4565208184382218,45.65,45.65,Medium,About to Leave,0.6280000000000001,0.05090909090909091,0,0,1,0,-103,4.0,0,0,Send renewal reminder | Assign priority support | Recommend personalized content,
434,435,Tanya Ramirez,arnoldlinda@example.org,arnoldlinda,1994-11-29,Female,Lake Matthewtown,2024-04-09,2025-04-09,Annual,0,0.3007831471183494,30.08,30.08,Low,About to Leave,0.7128,0.11488888888888889,0,0,0,0,-6,3.9,0,0,Send renewal reminder | Recommend personalized content,
435,436,Mary Jones,imayer@example.net,imayer,1962-02-14,Female,New Joseph,2024-02-06,2025-02-05,Annual,0,0.26696603050449663,26.7,26.7,Low,Loyal,0.8096000000000001,0.7253333333333334,0,0,0,0,-69,4.8,0,0,Send renewal reminder | Recommend personalized content,Recommend premium Documentary bundle | Recommend lifestyle and family content pack | Recommend offline mobile viewing pack | Offer loyalty reward / premium upsell
436,437,Dawn Malone,ggilbert@example.net,ggilbert,1966-12-07,Female,Victoriaton,2024-03-09,2025-03-09,Annual,0,0.419676091103636,41.97,41.97,Medium,About to Leave,0.7091999999999999,0.07173333333333334,0,0,1,0,-37,4.6,0,0,Send renewal reminder | Assign priority support | Recommend personalized content,
437,438,Sherry Benson,aaron70@example.net,aaron70,1986-11-04,Male,North Mariotown,2024-01-18,2025-01-17,Annual,0,0.3143523306526509,31.44,31.44,Low,About to Leave,0.7344,0.14700000000000002,0,0,0,0,-88,4.7,0,0,Send renewal reminder | Recommend personalized content,
438,439,Sarah Saunders,hjones@example.com,hjones,1969-05-07,Male,Annchester,2024-03-29,2025-03-29,Monthly,0,0.564414084486093,56.44,56.44,Medium,About to Leave,0.6840000000000002,0.07250000000000001,1,0,1,0,-17,4.5,1,0,Send renewal reminder | Offer Annual Plan discount | Assign priority support | Recommend personalized content,
439,440,Andrew Castro,zacharyhuff@example.org,zacharyhuff,1947-08-07,Male,North Timothychester,2024-03-06,2025-03-06,Annual,0,0.3728525651839844,37.29,37.29,Medium,About to Leave,0.83,0.125,0,0,1,0,-40,5.0,0,0,Send renewal reminder | Assign priority support | Recommend personalized content,
440,441,Pamela Martinez,mario50@example.org,mario50,1994-09-15,Male,East Jasmine,2024-01-19,2025-01-18,Monthly,0,0.45429514139715144,45.43,45.43,Medium,About to Leave,0.782,0.188,1,0,0,0,-87,3.5,0,0,Send renewal reminder | Offer Annual Plan discount | Recommend personalized content,
441,442,Debra Davis,laceybrown@example.net,laceybrown,1975-11-10,Female,Lake Jennifer,2024-04-05,2025-04-05,Annual,0,0.29796168020954433,29.8,29.8,Low,Loyal,0.7548,0.19866666666666669,0,0,0,0,-10,4.9,0,0,Send renewal reminder | Recommend personalized content,Recommend premium Sci-Fi bundle | Recommend premium device streaming bundle | Recommend offline mobile viewing pack
442,443,Terry Jones,kayleearroyo@example.net,kayleearroyo,1976-03-26,Male,Matthewfurt,2024-01-28,2025-01-27,Annual,0,0.39469869169062405,39.47,39.47,Medium,About to Leave,0.7492,0.08506666666666667,0,0,1,0,-78,4.6,0,0,Send renewal reminder | Assign priority support | Recommend personalized content,
443,444,Brent Key,sburke@example.com,sburke,1957-04-24,Male,Gonzalezland,2024-01-08,2025-01-07,Annual,0,0.334648425398113,33.46,33.46,Low,About to Leave,0.732,0.13444444444444445,0,0,0,0,-98,3.5,0,0,Send renewal reminder | Recommend personalized content,
444,445,Matthew Perez,jason06@example.org,jason06,1943-01-25,Female,Rachelbury,2024-03-07,2025-03-07,Annual,0,0.304964985455963,30.5,30.5,Low,About to Leave,0.6812,0.524,0,0,0,0,-39,3.1,0,0,Send renewal reminder | Collect feedback and offer service recovery | Recommend personalized content,
445,446,Anne Green,ycase@example.com,ycase,1936-09-11,Male,South Alexander,2024-03-09,2025-03-09,Annual,0,0.4312413464672193,43.12,43.12,Medium,About to Leave,0.6668000000000001,0.08366666666666667,0,0,1,0,-37,3.4,0,0,Send renewal reminder | Assign priority support | Collect feedback and offer service recovery | Recommend personalized content,
446,447,Dawn Parker,gschaefer@example.net,gschaefer,2000-12-15,Male,Andrewville,2024-01-29,2025-01-28,Monthly,0,0.6325633834376899,63.26,63.26,Medium,About to Leave,0.6332000000000001,0.051272727272727275,1,0,1,0,-77,4.1,1,0,Send renewal reminder | Offer Annual Plan discount | Assign priority support | Recommend personalized content,
447,448,Jennifer French,kwilson@example.net,kwilson,1944-01-20,Female,East Sheryl,2024-02-04,2025-02-03,Annual,0,0.4219889057491464,42.2,42.2,Medium,About to Leave,0.7276000000000001,0.10233333333333335,0,0,1,0,-71,3.8,0,0,Send renewal reminder | Assign priority support | Recommend personalized content,
448,449,Jerry Cross,wwilson@example.com,wwilson,1956-06-02,Female,West Jasmine,2024-02-29,2025-02-28,Annual,0,0.4374428665873505,43.74,43.74,Medium,About to Leave,0.7276000000000001,0.10233333333333335,0,0,1,0,-46,3.8,0,0,Send renewal reminder | Assign priority support | Recommend personalized content,
449,450,Michael Collins,bryantjennifer@example.org,bryantjennifer,1935-11-18,Female,Thompsonton,2024-02-28,2025-02-27,Annual,0,0.3051433864023342,30.51,30.51,Low,About to Leave,0.7332,0.13946666666666668,0,0,0,0,-47,4.1,0,0,Send renewal reminder | Recommend personalized content,
450,451,Jessica Fleming,jenniferrivera@example.org,jenniferrivera,1934-03-19,Male,South Christopherburgh,2024-03-12,2025-03-12,Annual,0,0.2885540709716707,28.86,28.86,Low,Loyal,0.7844000000000001,0.24044444444444446,0,0,0,0,-34,4.7,0,0,Send renewal reminder | Recommend personalized content,Recommend premium Drama bundle | Recommend premium device streaming bundle | Recommend mobile premium pack | Offer loyalty reward / premium upsell
451,452,James Horn,petercook@example.com,petercook,1957-06-04,Male,Maureenmouth,2024-03-14,2025-03-14,Annual,0,0.4718779558783371,47.19,47.19,Medium,About to Leave,0.642,0.06121212121212121,0,0,1,0,-32,3.5,0,0,Send renewal reminder | Assign priority support | Recommend personalized content,
452,453,David Simpson,alexandrashelton@example.org,alexandrashelton,1982-12-29,Male,Jamesview,2024-01-21,2025-01-20,Annual,0,0.45975066064771064,45.98,45.98,Medium,About to Leave,0.73,0.23333333333333334,0,0,0,1,-85,5.0,0,0,Send renewal reminder | Trigger engagement campaign | Recommend personalized content,
453,454,James Perez,mhardy@example.org,mhardy,1989-01-30,Female,Riceton,2024-01-27,2025-01-26,Monthly,0,0.4218658027809693,42.19,42.19,Medium,About to Leave,0.8084,0.16133333333333336,1,0,0,0,-79,4.2,0,0,Send renewal reminder | Offer Annual Plan discount | Recommend personalized content,
454,455,Vincent Alvarado,morgansoto@example.org,morgansoto,1940-02-20,Female,Cassandramouth,2024-01-07,2025-01-06,Annual,0,0.3945563999235988,39.46,39.46,Medium,About to Leave,0.7516,0.13314285714285715,0,0,1,0,-99,3.3,0,0,Send renewal reminder | Assign priority support | Collect feedback and offer service recovery | Recommend personalized content,
455,456,Nancy Clark,jameskim@example.com,jameskim,1989-11-12,Male,East Thomasfort,2024-03-23,2025-03-23,Annual,0,0.4700067862616076,47.0,47.0,Medium,About to Leave,0.6636,0.06355555555555556,0,0,1,0,-23,4.3,0,0,Send renewal reminder | Assign priority support | Recommend personalized content,
456,457,Jackson Owens,ramoskayla@example.net,ramoskayla,1954-03-26,Female,Clarenceborough,2024-02-29,2025-02-28,Monthly,0,0.4057483833382859,40.57,40.57,Medium,About to Leave,0.8536,0.48600000000000004,1,0,0,0,-46,4.3,0,0,Send renewal reminder | Offer Annual Plan discount | Recommend personalized content,
457,458,Megan Castaneda,estradaholly@example.net,estradaholly,2006-03-03,Male,Wellsville,2024-03-26,2025-03-26,Monthly,0,0.6247902754666379,62.48,62.48,Medium,About to Leave,0.6536000000000001,0.05720000000000001,1,0,1,0,-20,4.3,1,0,Send renewal reminder | Offer Annual Plan discount | Assign priority support | Recommend personalized content,
458,459,Kristina Barrera,michaeljohnson@example.net,michaeljohnson,1986-04-21,Female,Smithview,2024-04-03,2025-04-03,Annual,0,0.25123869858012904,25.12,25.12,Low,Loyal,0.8188000000000001,0.4213333333333334,0,0,0,0,-12,4.4,0,0,Send renewal reminder | Recommend personalized content,Recommend premium Comedy bundle | Recommend reading/documentary combo | Recommend family multi-screen plan | Offer loyalty reward / premium upsell
459,460,Keith Harding,christopherjohnson@example.com,christopherjohnson,1967-03-26,Male,Larryside,2024-01-26,2025-01-25,Monthly,0,0.6494905340128589,64.95,64.95,Medium,About to Leave,0.6212,0.05975757575757576,1,0,1,0,-80,3.1,1,0,Send renewal reminder | Offer Annual Plan discount | Assign priority support | Collect feedback and offer service recovery | Recommend personalized content,
460,461,John Smith,woodsdavid@example.org,woodsdavid,1969-04-07,Male,Lake Amber,2024-02-23,2025-02-22,Annual,0,0.26947060722352945,26.95,26.95,Low,Loyal,0.7836000000000001,0.7053333333333334,0,0,0,0,-52,4.3,0,0,Send renewal reminder | Recommend personalized content,Recommend premium device streaming bundle | Recommend offline mobile viewing pack | Offer loyalty reward / premium upsell
461,462,Cindy Valenzuela,hicksjulia@example.org,hicksjulia,1975-01-27,Male,Jorgechester,2024-04-04,2025-04-04,Annual,0,0.6394747353618623,63.95,63.95,Medium,About to Leave,0.5864,0.05638095238095238,0,0,1,1,-11,3.2,1,0,Send renewal reminder | Assign priority support | Trigger engagement campaign | Collect feedback and offer service recovery | Recommend personalized content,
462,463,David Edwards,riveramary@example.com,riveramary,1974-06-19,Male,Pachecoville,2024-04-14,2025-04-14,Monthly,0,0.47694149945604797,47.69,47.69,Medium,About to Leave,0.6964,0.16533333333333333,1,0,0,0,-1,3.2,1,0,Send renewal reminder | Offer Annual Plan discount | Collect feedback and offer service recovery | Recommend personalized content,
463,464,Mark Ruiz,igross@example.org,igross,1944-12-07,Female,Gonzalezshire,2024-01-21,2025-01-20,Monthly,0,0.39099611606681733,39.1,39.1,Medium,About to Leave,0.8195999999999999,0.21466666666666667,1,0,0,0,-85,4.8,0,0,Send renewal reminder | Offer Annual Plan discount | Recommend personalized content,
464,465,Amanda Dunn,onealryan@example.com,onealryan,1980-08-28,Female,Craigberg,2024-02-04,2025-02-03,Annual,0,0.6293384807382262,62.93,62.93,Medium,About to Leave,0.6136000000000001,0.043866666666666665,0,0,1,1,-71,4.3,1,0,Send renewal reminder | Assign priority support | Trigger engagement campaign | Recommend personalized content,
465,466,Thomas Jones,jennifer93@example.org,jennifer93,1988-01-26,Female,Jamesshire,2024-03-11,2025-03-11,Monthly,0,0.4136325370891709,41.36,41.36,Medium,About to Leave,0.7576,0.6853333333333333,1,0,0,0,-35,3.8,0,0,Send renewal reminder | Offer Annual Plan discount | Recommend personalized content,
466,467,Joseph Payne,jeremy97@example.net,jeremy97,1997-10-12,Female,Lake Shelley,2024-01-11,2025-01-10,Annual,0,0.36776642844415897,36.78,36.78,Medium,About to Leave,0.7895999999999999,0.12266666666666667,0,0,1,0,-95,4.8,0,0,Send renewal reminder | Assign priority support | Recommend personalized content,
467,468,Krista Franklin,ycruz@example.com,ycruz,1989-10-21,Female,Adriennemouth,2024-01-26,2025-01-25,Annual,0,0.30540230116284783,30.54,30.54,Low,About to Leave,0.7496,0.19733333333333336,0,0,0,0,-80,4.8,0,0,Send renewal reminder | Recommend personalized content,
468,469,Dwayne Lopez,uwebb@example.com,uwebb,1985-07-18,Female,East Jodyview,2024-01-10,2025-01-09,Monthly,0,0.6321214109516408,63.21,63.21,Medium,About to Leave,0.6572,0.06773333333333334,1,0,1,0,-96,3.6,1,0,Send renewal reminder | Offer Annual Plan discount | Assign priority support | Recommend personalized content,
469,470,Jesse Pacheco,robertsdeanna@example.org,robertsdeanna,1969-12-28,Male,Amandaville,2024-02-03,2025-02-02,Annual,0,0.4483664828483467,44.84,44.84,Medium,About to Leave,0.6940000000000001,0.06484848484848485,0,0,1,0,-72,4.5,0,0,Send renewal reminder | Assign priority support | Recommend personalized content,
470,471,Jose Benson,robert10@example.com,robert10,2001-06-30,Female,Bushhaven,2024-04-14,2025-04-14,Annual,0,0.2792796306518908,27.93,27.93,Low,Loyal,0.8044000000000001,0.7213333333333334,0,0,0,0,-1,4.7,0,0,Send renewal reminder | Recommend personalized content,Recommend premium Comedy bundle | Recommend reading/documentary combo | Recommend family multi-screen plan | Offer loyalty reward / premium upsell
471,472,Michelle Dorsey,marshallstephen@example.net,marshallstephen,1952-09-22,Female,New Katelyn,2024-04-10,2025-04-10,Annual,0,0.25401038331277825,25.4,25.4,Low,Loyal,0.7844000000000001,0.24044444444444446,0,0,0,0,-5,4.7,0,0,Send renewal reminder | Recommend personalized content,Recommend premium Drama bundle | Recommend lifestyle and family content pack | Recommend mobile premium pack | Offer loyalty reward / premium upsell
472,473,Jesse Zavala,pughkaren@example.org,pughkaren,1961-12-17,Male,South Trevor,2024-01-28,2025-01-27,Monthly,0,0.4774346387376714,47.74,47.74,Medium,About to Leave,0.6928,0.139,1,0,0,0,-78,3.9,1,0,Send renewal reminder | Offer Annual Plan discount | Recommend personalized content,
473,474,John Brown,lindaparks@example.com,lindaparks,1981-12-09,Male,Richardsmouth,2024-02-03,2025-02-02,Monthly,0,0.5493956423444442,54.94,54.94,Medium,About to Leave,0.7848000000000002,0.10783333333333335,1,0,1,0,-72,4.9,1,0,Send renewal reminder | Offer Annual Plan discount | Assign priority support | Recommend personalized content,
474,475,Scott Leblanc,andersonjaime@example.org,andersonjaime,1944-09-17,Female,East Victoria,2024-03-26,2025-03-26,Monthly,0,0.650384005444336,65.04,65.04,High,About to Leave,0.6312,0.19533333333333333,1,0,0,1,-20,3.1,1,0,Send renewal reminder | Offer Annual Plan discount | Trigger engagement campaign | Collect feedback and offer service recovery | Recommend personalized content,
475,476,Lisa Thomas,merrittmichael@example.com,merrittmichael,1973-09-04,Male,West Nicole,2024-02-10,2025-02-09,Annual,0,0.29936285642072585,29.94,29.94,Low,Loyal,0.768,0.16533333333333336,0,0,0,0,-65,4.0,0,0,Send renewal reminder | Recommend personalized content,Recommend premium Drama bundle | Recommend lifestyle and family content pack | Recommend offline mobile viewing pack | Offer loyalty reward / premium upsell
476,477,Dennis Moore,jaclyn55@example.org,jaclyn55,2005-10-15,Female,Lake Andreabury,2024-03-24,2025-03-24,Monthly,0,0.4150911370579679,41.51,41.51,Medium,About to Leave,0.7636000000000001,0.23511111111111113,1,0,0,0,-22,4.3,0,0,Send renewal reminder | Offer Annual Plan discount | Recommend personalized content,
477,478,Corey Nolan,jeremymorton@example.org,jeremymorton,1974-07-02,Female,Lake Brenda,2024-03-27,2025-03-27,Monthly,0,0.5407004195538084,54.07,54.07,Medium,About to Leave,0.748,0.11809523809523811,1,0,1,0,-19,4.0,1,0,Send renewal reminder | Offer Annual Plan discount | Assign priority support | Recommend personalized content,
478,479,Erin Osborn,brandygarner@example.org,brandygarner,1983-09-27,Female,Lake Joe,2024-02-12,2025-02-11,Annual,0,0.3927343013719394,39.27,39.27,Medium,About to Leave,0.7532000000000001,0.11866666666666668,0,0,1,0,-63,4.1,0,0,Send renewal reminder | Assign priority support | Recommend personalized content,
479,480,Juan Frederick,bennettsuzanne@example.com,bennettsuzanne,2005-10-28,Female,Sallyburgh,2024-01-17,2025-01-16,Annual,0,0.3963206711735079,39.63,39.63,Medium,About to Leave,0.7444000000000002,0.07769696969696971,0,0,1,0,-89,4.7,0,0,Send renewal reminder | Assign priority support | Recommend personalized content,
480,481,Alexandra Duffy,stephendonaldson@example.net,stephendonaldson,1992-04-03,Female,Fordhaven,2024-04-08,2025-04-08,Monthly,0,0.5656663023048439,56.57,56.57,Medium,About to Leave,0.6872,0.09676190476190476,1,0,1,0,-7,3.6,1,0,Send renewal reminder | Offer Annual Plan discount | Assign priority support | Recommend personalized content,
481,482,Wanda Kim,christopher16@example.org,christopher16,1943-05-01,Female,Lake Michaelmouth,2024-02-15,2025-02-14,Monthly,0,0.4579673601884395,45.8,45.8,Medium,About to Leave,0.7596,0.12088888888888889,1,0,0,0,-60,4.8,0,0,Send renewal reminder | Offer Annual Plan discount | Recommend personalized content,
482,483,Timothy Henry,kristopherblevins@example.net,kristopherblevins,1964-05-02,Female,South Elizabeth,2024-03-24,2025-03-24,Monthly,0,0.6247274188871162,62.47,62.47,Medium,About to Leave,0.6064,0.05866666666666667,1,0,1,0,-22,3.2,1,0,Send renewal reminder | Offer Annual Plan discount | Assign priority support | Collect feedback and offer service recovery | Recommend personalized content,
483,484,Mr. Michael Hunt,henryjoel@example.com,henryjoel,1992-09-30,Female,Tiffanyshire,2024-03-03,2025-03-03,Monthly,0,0.5489049832059747,54.89,54.89,Medium,About to Leave,0.7548000000000001,0.1041904761904762,1,0,1,0,-43,4.9,1,0,Send renewal reminder | Offer Annual Plan discount | Assign priority support | Recommend personalized content,
484,485,Todd Bates,ttran@example.org,ttran,1957-06-15,Female,Reneefurt,2024-04-11,2025-04-11,Monthly,0,0.47935512083324733,47.94,47.94,Medium,About to Leave,0.706,0.32666666666666666,1,0,0,0,-4,3.0,1,0,Send renewal reminder | Offer Annual Plan discount | Collect feedback and offer service recovery | Recommend personalized content,
485,486,William Gilmore,christhompson@example.com,christhompson,1970-01-17,Male,South Richard,2024-04-13,2025-04-13,Annual,0,0.4371405163153531,43.71,43.71,Medium,About to Leave,0.7444000000000002,0.07769696969696971,0,0,1,0,-2,4.7,0,0,Send renewal reminder | Assign priority support | Recommend personalized content,
486,487,Mr. Steven Mitchell MD,jacksonnathan@example.org,jacksonnathan,2000-06-20,Female,South Mikemouth,2024-02-29,2025-02-28,Monthly,0,0.583693754257597,58.37,58.37,Medium,About to Leave,0.7084000000000001,0.08766666666666667,1,0,1,0,-46,4.2,1,0,Send renewal reminder | Offer Annual Plan discount | Assign priority support | Recommend personalized content,
487,488,Norma Khan,anthonyhunter@example.net,anthonyhunter,1960-01-13,Male,Port Shannon,2024-03-30,2025-03-30,Monthly,0,0.40819291837953486,40.82,40.82,Medium,About to Leave,0.788,0.2755555555555556,1,0,0,0,-16,4.0,0,0,Send renewal reminder | Offer Annual Plan discount | Recommend personalized content,
488,489,Diana Chavez,porterchristina@example.net,porterchristina,1943-07-23,Male,South Richard,2024-03-11,2025-03-11,Monthly,0,0.5984293884542623,59.84,59.84,Medium,About to Leave,0.6892,0.11266666666666666,1,0,0,1,-35,4.6,1,0,Send renewal reminder | Offer Annual Plan discount | Trigger engagement campaign | Recommend personalized content,
489,490,Christopher Tran,kelly32@example.net,kelly32,1994-12-01,Male,West Laurie,2024-01-08,2025-01-07,Annual,0,0.2917715597764196,29.18,29.18,Low,Loyal,0.7372,0.33866666666666667,0,0,0,0,-98,3.6,0,0,Send renewal reminder | Recommend personalized content,Recommend premium Sci-Fi bundle | Recommend premium device streaming bundle | Recommend mobile premium pack
490,491,Christina Murphy,brittany19@example.net,brittany19,1950-10-02,Male,East Ianchester,2024-04-08,2025-04-08,Annual,0,0.3021945685374618,30.22,30.22,Low,About to Leave,0.7128,0.278,0,0,0,0,-7,3.9,0,0,Send renewal reminder | Recommend personalized content,
491,492,Taylor Snow,perezcaleb@example.com,perezcaleb,1981-10-05,Male,New Elizabeth,2024-02-28,2025-02-27,Monthly,0,0.4326575124329358,43.27,43.27,Medium,About to Leave,0.8048000000000001,0.3646666666666667,1,0,0,0,-47,4.9,0,0,Send renewal reminder | Offer Annual Plan discount | Recommend personalized content,
492,493,Kelly Adams,hollandjennifer@example.org,hollandjennifer,1985-09-18,Female,Rachelside,2024-02-01,2025-01-31,Annual,0,0.29915900898605624,29.92,29.92,Low,Loyal,0.7968000000000001,0.312,0,0,0,0,-74,3.4,0,0,Send renewal reminder | Collect feedback and offer service recovery | Recommend personalized content,Recommend premium Drama bundle | Recommend premium device streaming bundle | Recommend mobile premium pack | Offer loyalty reward / premium upsell
493,494,Seth Wagner,epalmer@example.com,epalmer,1946-09-25,Female,West Lynn,2024-01-03,2025-01-02,Monthly,0,0.4258955577926738,42.59,42.59,Medium,About to Leave,0.7264,0.6613333333333333,1,0,0,0,-103,3.2,0,0,Send renewal reminder | Offer Annual Plan discount | Collect feedback and offer service recovery | Recommend personalized content,
494,495,Robert Jones,nicolegay@example.com,nicolegay,1965-06-04,Male,New Robertview,2024-01-18,2025-01-17,Annual,0,0.27696939846758417,27.7,27.7,Low,Loyal,0.7412,0.2635555555555556,0,0,0,0,-88,3.1,0,0,Send renewal reminder | Collect feedback and offer service recovery | Recommend personalized content,Recommend premium Sci-Fi bundle | Recommend lifestyle and family content pack | Recommend mobile premium pack
495,496,Stephanie Olsen,bakerjoshua@example.org,bakerjoshua,1975-11-24,Male,East Amandaport,2024-04-13,2025-04-13,Monthly,0,0.4666246874263965,46.66,46.66,Medium,About to Leave,0.702,0.13466666666666666,1,0,0,0,-2,3.5,0,0,Send renewal reminder | Offer Annual Plan discount | Recommend personalized content,
496,497,Lori Palmer,lnichols@example.org,lnichols,1978-08-06,Female,Lake Alexisborough,2024-03-17,2025-03-17,Annual,0,0.2755745380534051,27.56,27.56,Low,Loyal,0.7688,0.23644444444444446,0,0,0,0,-29,4.4,0,0,Send renewal reminder | Recommend personalized content,Recommend premium device streaming bundle | Recommend offline mobile viewing pack | Offer loyalty reward / premium upsell
497,498,Richard Anderson,jeremy97@example.org,jeremy97,1965-09-29,Female,Dawnborough,2024-03-30,2025-03-30,Monthly,0,0.5198040722789419,51.98,51.98,Medium,About to Leave,0.8,0.12380952380952381,1,0,1,0,-16,5.0,1,0,Send renewal reminder | Offer Annual Plan discount | Assign priority support | Recommend personalized content,
498,499,Richard Scott,williamscharles@example.com,williamscharles,1970-04-20,Female,Port Latoyamouth,2024-01-09,2025-01-08,Monthly,0,0.528672562105197,52.87,52.87,Medium,About to Leave,0.7788000000000002,0.0976,1,0,1,0,-97,4.4,1,0,Send renewal reminder | Offer Annual Plan discount | Assign priority support | Recommend personalized content,
499,500,Christopher Wilson MD,qmitchell@example.com,qmitchell,1943-04-27,Female,Jacksonborough,2024-04-07,2025-04-07,Monthly,0,0.499783902856697,49.98,49.98,Medium,About to Leave,0.6664,0.17600000000000002,1,0,0,0,-8,3.2,1,0,Send renewal reminder | Offer Annual Plan discount | Collect feedback and offer service recovery | Recommend personalized content,
500,501,Joshua Andrade,wardsteven@example.net,wardsteven,1933-05-04,Male,Castroville,2024-03-10,2025-03-10,Annual,0,0.4377012904494182,43.77,43.77,Medium,About to Leave,0.7200000000000001,0.06666666666666667,0,0,1,0,-36,5.0,0,0,Send renewal reminder | Assign priority support | Recommend personalized content,
501,502,Julie Anderson,ryanalvarez@example.com,ryanalvarez,1947-12-03,Female,Port James,2024-02-14,2025-02-13,Annual,0,0.47737307090749215,47.74,47.74,Medium,About to Leave,0.6476000000000001,0.069,0,0,1,0,-61,3.8,1,0,Send renewal reminder | Assign priority support | Recommend personalized content,
502,503,Steven Joseph,opatel@example.org,opatel,1956-10-08,Male,Conradton,2024-04-13,2025-04-13,Annual,0,0.29034198340601514,29.03,29.03,Low,Loyal,0.7484000000000001,0.17533333333333334,0,0,0,0,-2,4.2,0,0,Send renewal reminder | Recommend personalized content,Recommend premium Drama bundle | Recommend premium device streaming bundle | Recommend mobile premium pack
503,504,Natasha Maldonado,keith29@example.org,keith29,1998-06-20,Female,Michaelborough,2024-03-06,2025-03-06,Monthly,0,0.4070752059301875,40.71,40.71,Medium,About to Leave,0.8076,0.23800000000000002,1,0,0,0,-40,3.8,0,0,Send renewal reminder | Offer Annual Plan discount | Recommend personalized content,
504,505,Sharon Casey,fmarsh@example.com,fmarsh,1988-09-05,Male,Lake Daniel,2024-01-08,2025-01-07,Annual,0,0.3196092259702148,31.96,31.96,Low,About to Leave,0.7336,0.11755555555555557,0,0,0,0,-98,4.3,0,0,Send renewal reminder | Recommend personalized content,
505,506,Christopher Boyle,montgomerydanielle@example.org,montgomerydanielle,1978-05-31,Female,Port Paula,2024-04-06,2025-04-06,Annual,0,0.3855988399050915,38.56,38.56,Medium,About to Leave,0.7788000000000002,0.0976,0,0,1,0,-9,4.4,0,0,Send renewal reminder | Assign priority support | Recommend personalized content,
506,507,Mackenzie Fernandez,kimberly60@example.org,kimberly60,2005-03-05,Female,East Justin,2024-03-07,2025-03-07,Annual,0,0.42631241052790225,42.63,42.63,Medium,About to Leave,0.6836,0.08171428571428573,0,0,1,0,-39,4.3,0,0,Send renewal reminder | Assign priority support | Recommend personalized content,
507,508,Elizabeth Chen,madisonwatson@example.net,madisonwatson,1973-06-21,Female,Phillipston,2024-03-11,2025-03-11,Monthly,0,0.6038148310380184,60.38,60.38,Medium,About to Leave,0.6559999999999999,0.09333333333333334,1,0,1,0,-35,3.0,1,0,Send renewal reminder | Offer Annual Plan discount | Assign priority support | Collect feedback and offer service recovery | Recommend personalized content,
508,509,Natasha Jensen,stephensonalexander@example.org,stephensonalexander,1982-04-05,Female,North Amy,2024-02-23,2025-02-22,Monthly,0,0.4397362037915321,43.97,43.97,Medium,About to Leave,0.7788,0.3546666666666667,1,0,0,0,-52,4.4,0,0,Send renewal reminder | Offer Annual Plan discount | Recommend personalized content,
509,510,Sarah Baker,amber84@example.net,amber84,1984-01-17,Female,East Lukeburgh,2024-03-13,2025-03-13,Monthly,0,0.5582363345412538,55.82,55.82,Medium,About to Leave,0.7324,0.08618181818181819,1,0,1,0,-33,3.7,1,0,Send renewal reminder | Offer Annual Plan discount | Assign priority support | Recommend personalized content,
510,511,Samuel Decker,rogersjames@example.org,rogersjames,2003-06-05,Female,Hurstshire,2024-03-24,2025-03-24,Monthly,0,0.4172825630866091,41.73,41.73,Medium,About to Leave,0.7864,0.30933333333333335,1,0,0,0,-22,3.2,0,0,Send renewal reminder | Offer Annual Plan discount | Collect feedback and offer service recovery | Recommend personalized content,
511,512,Emily Jenkins,matthew93@example.com,matthew93,1962-02-11,Male,West Gabriellaborough,2024-01-07,2025-01-06,Annual,0,0.48394409496166707,48.39,48.39,Medium,About to Leave,0.6488,0.05236363636363637,0,0,1,0,-99,4.4,1,0,Send renewal reminder | Assign priority support | Recommend personalized content,
512,513,Tyler Brown,mcphersonsamuel@example.com,mcphersonsamuel,1991-11-13,Female,North Lisaport,2024-02-14,2025-02-13,Annual,0,0.41447397041228456,41.45,41.45,Medium,About to Leave,0.6932,0.07748148148148148,0,0,1,0,-61,4.1,0,0,Send renewal reminder | Assign priority support | Recommend personalized content,
513,514,Danielle Boyer,francisemily@example.com,francisemily,1996-07-21,Male,North Michael,2024-03-06,2025-03-06,Annual,0,0.488030882859139,48.8,48.8,Medium,About to Leave,0.6112000000000001,0.0655,0,0,1,0,-40,3.1,1,0,Send renewal reminder | Assign priority support | Collect feedback and offer service recovery | Recommend personalized content,
514,515,Michael Smith,stephanielopez@example.com,stephanielopez,1946-06-09,Male,South Christopher,2024-01-05,2025-01-04,Monthly,0,0.44443636630596683,44.44,44.44,Medium,About to Leave,0.7484000000000001,0.17533333333333334,1,0,0,0,-101,4.2,0,0,Send renewal reminder | Offer Annual Plan discount | Recommend personalized content,
515,516,David Brown,timgoodwin@example.com,timgoodwin,2005-11-30,Female,Port Marymouth,2024-01-06,2025-01-05,Annual,0,0.2956292200684072,29.56,29.56,Low,Loyal,0.7388,0.11822222222222223,0,0,0,0,-100,4.4,0,0,Send renewal reminder | Recommend personalized content,Recommend premium Documentary bundle | Recommend lifestyle and family content pack | Recommend mobile premium pack
516,517,Amanda Howard,brett11@example.net,brett11,1967-02-13,Male,Port Paul,2024-03-03,2025-03-03,Annual,0,0.63949959508346,63.95,63.95,Medium,About to Leave,0.5764,0.04933333333333333,0,0,1,1,-43,3.2,1,0,Send renewal reminder | Assign priority support | Trigger engagement campaign | Collect feedback and offer service recovery | Recommend personalized content,
517,518,Michael Escobar,zcunningham@example.org,zcunningham,1969-09-21,Male,East Mary,2024-02-02,2025-02-01,Annual,0,0.46419251293982133,46.42,46.42,Medium,About to Leave,0.6828000000000001,0.0765925925925926,0,0,1,0,-73,3.9,0,0,Send renewal reminder | Assign priority support | Recommend personalized content,
518,519,Carolyn Kennedy,pamela16@example.net,pamela16,1989-08-29,Male,West Robert,2024-01-06,2025-01-05,Monthly,0,0.6430287012526136,64.3,64.3,Medium,About to Leave,0.6164000000000001,0.066,1,0,1,0,-100,3.2,1,0,Send renewal reminder | Offer Annual Plan discount | Assign priority support | Collect feedback and offer service recovery | Recommend personalized content,
519,520,Zachary Jackson,loribrennan@example.com,loribrennan,1950-11-03,Male,Port Robertstad,2024-03-26,2025-03-26,Monthly,0,0.6121438613047933,61.21,61.21,Medium,About to Leave,0.6796000000000001,0.05920000000000001,1,0,1,0,-20,4.8,1,0,Send renewal reminder | Offer Annual Plan discount | Assign priority support | Recommend personalized content,
520,521,Corey Williams,hensonjennifer@example.com,hensonjennifer,1958-01-14,Female,New Shelbyton,2024-02-15,2025-02-14,Monthly,0,0.43669530829022124,43.67,43.67,Medium,About to Leave,0.7440000000000001,0.29000000000000004,1,0,0,0,-60,4.5,0,0,Send renewal reminder | Offer Annual Plan discount | Recommend personalized content,
521,522,Brittany Nguyen,haleysharon@example.org,haleysharon,2002-07-15,Female,Martinezview,2024-01-12,2025-01-11,Annual,0,0.4605166042691844,46.05,46.05,Medium,About to Leave,0.6464,0.39466666666666667,0,0,0,1,-94,3.2,0,0,Send renewal reminder | Trigger engagement campaign | Collect feedback and offer service recovery | Recommend personalized content,
522,523,Sherri Clark,frederickrobert@example.org,frederickrobert,1990-07-17,Male,North Ryanmouth,2024-04-09,2025-04-09,Monthly,0,0.5971101305906772,59.71,59.71,Medium,About to Leave,0.672,0.08416666666666667,1,0,1,0,-6,3.5,1,0,Send renewal reminder | Offer Annual Plan discount | Assign priority support | Recommend personalized content,
523,524,Jennifer Williams,hillmary@example.org,hillmary,1945-02-01,Female,Gonzalesborough,2024-02-21,2025-02-20,Annual,0,0.4555609656625166,45.56,45.56,Medium,About to Leave,0.6616000000000001,0.08316666666666667,0,0,1,0,-54,3.3,0,0,Send renewal reminder | Assign priority support | Collect feedback and offer service recovery | Recommend personalized content,
524,525,Jasmin Grant,kevin60@example.net,kevin60,1981-07-26,Female,Lake Lisabury,2024-02-15,2025-02-14,Monthly,1,0.7955456016828648,79.55,79.55,High,About to Leave,0.5932000000000001,0.03915151515151515,1,0,1,1,-60,4.1,1,1,Send renewal reminder | Offer Annual Plan discount | Assign priority support | Trigger engagement campaign | Recommend personalized content,
525,526,Teresa Cooper,swilliams@example.net,swilliams,1979-10-30,Female,Johnsonchester,2024-02-23,2025-02-22,Monthly,0,0.5764969163425679,57.65,57.65,Medium,About to Leave,0.7244000000000002,0.08014814814814815,1,0,1,0,-52,4.7,1,0,Send renewal reminder | Offer Annual Plan discount | Assign priority support | Recommend personalized content,
526,527,Eric Johnson,alexgriffith@example.org,alexgriffith,1948-05-07,Female,South James,2024-01-22,2025-01-21,Annual,0,0.27207812124172515,27.21,27.21,Low,Loyal,0.7572,0.2026666666666667,0,0,0,0,-84,3.6,0,0,Send renewal reminder | Recommend personalized content,Recommend premium Action bundle | Recommend reading/documentary combo | Recommend family multi-screen plan
527,528,Lisa Jones,jessicamalone@example.com,jessicamalone,1963-02-11,Male,Tuckerport,2024-02-15,2025-02-14,Annual,0,0.4679471850074961,46.79,46.79,Medium,About to Leave,0.6368,0.060848484848484846,0,0,1,0,-60,3.4,0,0,Send renewal reminder | Assign priority support | Collect feedback and offer service recovery | Recommend personalized content,
528,529,Charles Williams,navarrorebekah@example.net,navarrorebekah,1975-06-16,Female,New Cynthiahaven,2024-01-07,2025-01-06,Annual,0,0.4828739521961514,48.29,48.29,Medium,About to Leave,0.6628000000000001,0.06266666666666666,0,0,1,0,-99,3.9,1,0,Send renewal reminder | Assign priority support | Recommend personalized content,
529,530,Christian Estrada,yrivera@example.com,yrivera,1933-07-15,Female,Lynchbury,2024-02-18,2025-02-17,Monthly,0,0.5382488320780757,53.82,53.82,Medium,About to Leave,0.8040000000000002,0.12250000000000001,1,0,1,0,-57,4.5,1,0,Send renewal reminder | Offer Annual Plan discount | Assign priority support | Recommend personalized content,
530,531,Martha Parks,williamchan@example.com,williamchan,1950-11-09,Female,East Joel,2024-01-19,2025-01-18,Monthly,0,0.578467779180645,57.85,57.85,Medium,About to Leave,0.6772,0.08466666666666667,1,0,1,0,-87,3.6,1,0,Send renewal reminder | Offer Annual Plan discount | Assign priority support | Recommend personalized content,
531,532,Crystal Moore,gerald91@example.org,gerald91,1954-11-08,Male,Shannonport,2024-01-11,2025-01-10,Monthly,0,0.5879293258463034,58.79,58.79,Medium,About to Leave,0.6516,0.07392592592592592,1,0,1,0,-95,3.3,1,0,Send renewal reminder | Offer Annual Plan discount | Assign priority support | Collect feedback and offer service recovery | Recommend personalized content,
532,533,Ronald Ferrell III,woconnor@example.org,woconnor,1968-12-03,Female,Klineland,2024-03-19,2025-03-19,Annual,0,0.2797443041847947,27.97,27.97,Low,Loyal,0.782,0.188,0,0,0,0,-27,3.5,0,0,Send renewal reminder | Recommend personalized content,Recommend premium Documentary bundle | Recommend lifestyle and family content pack | Recommend offline mobile viewing pack | Offer loyalty reward / premium upsell
533,534,Olivia Patton,nbrady@example.net,nbrady,1985-10-14,Male,Jeffersonfurt,2024-01-25,2025-01-24,Monthly,0,0.634565721007431,63.46,63.46,Medium,About to Leave,0.6848000000000001,0.07711111111111112,1,0,0,1,-81,4.9,1,0,Send renewal reminder | Offer Annual Plan discount | Trigger engagement campaign | Recommend personalized content,
534,535,Bianca Stevenson,ycarter@example.org,ycarter,1939-04-08,Male,Ricardoburgh,2024-01-04,2025-01-03,Annual,0,0.34210298212787815,34.21,34.21,Low,About to Leave,0.6467999999999999,0.08933333333333333,0,0,0,0,-102,3.4,0,0,Send renewal reminder | Collect feedback and offer service recovery | Recommend personalized content,
535,536,Shane Gregory,vwalsh@example.org,vwalsh,1967-02-11,Female,East Caitlin,2024-02-03,2025-02-02,Monthly,0,0.45240852232425555,45.24,45.24,Medium,About to Leave,0.7884000000000001,0.2086666666666667,1,0,0,0,-72,4.2,0,0,Send renewal reminder | Offer Annual Plan discount | Recommend personalized content,
536,537,James Nicholson,dave30@example.com,dave30,1981-11-15,Male,West Shawnside,2024-02-15,2025-02-14,Monthly,0,0.5639531365696285,56.4,56.4,Medium,About to Leave,0.7072,0.09007407407407408,1,0,1,0,-60,3.6,1,0,Send renewal reminder | Offer Annual Plan discount | Assign priority support | Recommend personalized content,
537,538,Sheila Franco,savannah01@example.org,savannah01,1960-10-14,Female,East Daniel,2024-03-22,2025-03-22,Monthly,0,0.6192215700253415,61.92,61.92,Medium,About to Leave,0.6768000000000001,0.07296969696969698,1,0,1,0,-24,3.4,1,0,Send renewal reminder | Offer Annual Plan discount | Assign priority support | Collect feedback and offer service recovery | Recommend personalized content,
538,539,Cody Schultz,kblack@example.org,kblack,1980-06-25,Male,New Joshua,2024-03-28,2025-03-28,Annual,0,0.33640763169173366,33.64,33.64,Low,About to Leave,0.6936,0.09533333333333334,0,0,0,0,-18,4.3,0,0,Send renewal reminder | Recommend personalized content,
539,540,Travis Alvarado,jessicaallen@example.com,jessicaallen,1960-05-21,Male,Haynesburgh,2024-01-13,2025-01-12,Monthly,0,0.58094024461752,58.09,58.09,Medium,About to Leave,0.7328000000000001,0.10283333333333335,1,0,1,0,-93,3.9,1,0,Send renewal reminder | Offer Annual Plan discount | Assign priority support | Recommend personalized content,
540,541,Elizabeth Espinoza,calderonjessica@example.com,calderonjessica,1952-03-19,Female,West Charlotteberg,2024-01-25,2025-01-24,Annual,0,0.4037827794999213,40.38,40.38,Medium,About to Leave,0.7191999999999998,0.07970370370370371,0,0,1,0,-81,4.6,0,0,Send renewal reminder | Assign priority support | Recommend personalized content,
541,542,Carrie Glover,michaelhenry@example.com,michaelhenry,1963-09-07,Female,Jonesmouth,2024-03-02,2025-03-02,Monthly,0,0.5943241532681894,59.43,59.43,Medium,About to Leave,0.7188000000000001,0.08866666666666667,1,0,1,0,-44,4.4,1,0,Send renewal reminder | Offer Annual Plan discount | Assign priority support | Recommend personalized content,
542,543,Christopher Wilson,yspence@example.com,yspence,1970-03-09,Male,East Kayla,2024-03-12,2025-03-12,Monthly,0,0.5794528994904791,57.95,57.95,Medium,About to Leave,0.682,0.07333333333333335,1,0,1,0,-34,3.5,1,0,Send renewal reminder | Offer Annual Plan discount | Assign priority support | Recommend personalized content,
543,544,Tanya Moreno,wyattdenise@example.net,wyattdenise,2006-01-11,Female,Port Jamieborough,2024-02-03,2025-02-02,Annual,0,0.29530453973127685,29.53,29.53,Low,Loyal,0.7592000000000001,0.5840000000000001,0,0,0,0,-72,4.6,0,0,Send renewal reminder | Recommend personalized content,Recommend premium device streaming bundle | Recommend family multi-screen plan
544,545,Jason Mckinney,gonzalezmolly@example.net,gonzalezmolly,1978-08-06,Male,Smithstad,2024-04-01,2025-04-01,Annual,0,0.43708692336873345,43.71,43.71,Medium,About to Leave,0.6680000000000001,0.08,0,0,1,0,-14,4.0,0,0,Send renewal reminder | Assign priority support | Recommend personalized content,
545,546,Tommy Foster,fwilcox@example.com,fwilcox,1972-02-20,Male,New Kim,2024-02-28,2025-02-27,Annual,0,0.4823290618250163,48.23,48.23,Medium,About to Leave,0.6220000000000001,0.060000000000000005,0,0,1,0,-47,3.5,1,0,Send renewal reminder | Assign priority support | Recommend personalized content,
546,547,Vincent Tran,gwilliams@example.net,gwilliams,1938-01-30,Male,Jasonland,2024-03-16,2025-03-16,Monthly,0,0.6436136770207008,64.36,64.36,Medium,About to Leave,0.6324,0.08293333333333333,1,0,0,1,-30,3.7,1,0,Send renewal reminder | Offer Annual Plan discount | Trigger engagement campaign | Recommend personalized content,
547,548,Dr. Jose Moran,mike87@example.com,mike87,1960-04-06,Male,Palmermouth,2024-03-15,2025-03-15,Monthly,0,0.5776317801125183,57.76,57.76,Medium,About to Leave,0.7044000000000001,0.06557575757575758,1,0,1,0,-31,4.7,1,0,Send renewal reminder | Offer Annual Plan discount | Assign priority support | Recommend personalized content,
548,549,Randy Herring,thompsonjonathan@example.org,thompsonjonathan,1957-10-21,Female,South Angelicaburgh,2024-04-07,2025-04-07,Monthly,0,0.4532346164892516,45.32,45.32,Medium,About to Leave,0.7536,0.17633333333333334,1,0,0,0,-8,4.3,0,0,Send renewal reminder | Offer Annual Plan discount | Recommend personalized content,
549,550,Carrie Tucker,rothpamela@example.com,rothpamela,1976-09-14,Male,Jamesshire,2024-02-20,2025-02-19,Monthly,0,0.4733145237874665,47.33,47.33,Medium,About to Leave,0.6716,0.17733333333333334,1,0,0,0,-55,3.3,0,0,Send renewal reminder | Offer Annual Plan discount | Collect feedback and offer service recovery | Recommend personalized content,
550,551,Alan Walker,joelsaunders@example.org,joelsaunders,1954-07-01,Female,Richardchester,2024-02-01,2025-01-31,Monthly,0,0.6116996632055964,61.17,61.17,Medium,About to Leave,0.6832,0.06973333333333334,1,0,1,0,-74,4.1,1,0,Send renewal reminder | Offer Annual Plan discount | Assign priority support | Recommend personalized content,
551,552,Michael Black,smurray@example.com,smurray,1994-08-12,Female,Meganbury,2024-02-29,2025-02-28,Annual,0,0.3407519454441401,34.08,34.08,Low,About to Leave,0.6512,0.131,0,0,0,0,-46,3.1,0,0,Send renewal reminder | Collect feedback and offer service recovery | Recommend personalized content,
552,553,Ann Schultz,thomas13@example.com,thomas13,1990-03-02,Male,Mullinsmouth,2024-01-12,2025-01-11,Monthly,0,0.5690814915063642,56.91,56.91,Medium,About to Leave,0.7348000000000001,0.08103703703703705,1,0,1,0,-94,4.9,1,0,Send renewal reminder | Offer Annual Plan discount | Assign priority support | Recommend personalized content,
553,554,Richard Sanchez,bespinoza@example.com,bespinoza,1941-01-21,Male,Stanleyberg,2024-01-29,2025-01-28,Monthly,0,0.6774297416844381,67.74,67.74,High,About to Leave,0.5760000000000001,0.04727272727272727,1,0,1,0,-77,3.0,1,0,Send renewal reminder | Offer Annual Plan discount | Assign priority support | Collect feedback and offer service recovery | Recommend personalized content,
554,555,Teresa Berry,johnsonglen@example.net,johnsonglen,1986-06-26,Female,Marktown,2024-03-06,2025-03-06,Monthly,0,0.42070781812988045,42.07,42.07,Medium,About to Leave,0.7544000000000001,0.29400000000000004,1,0,0,0,-40,4.7,0,0,Send renewal reminder | Offer Annual Plan discount | Recommend personalized content,
555,556,Phillip Williams,ewilliams@example.org,ewilliams,1986-10-25,Female,Cortezmouth,2024-01-13,2025-01-12,Annual,0,0.6247712646884964,62.48,62.48,Medium,About to Leave,0.6492000000000001,0.05633333333333333,0,0,1,1,-93,4.6,1,0,Send renewal reminder | Assign priority support | Trigger engagement campaign | Recommend personalized content,
556,557,Tyler Fox,collinsrobert@example.net,collinsrobert,1974-04-07,Male,Lake Pamela,2024-03-16,2025-03-16,Monthly,0,0.40488530444989085,40.49,40.49,Medium,About to Leave,0.7988000000000001,0.2106666666666667,1,0,0,0,-30,4.4,0,0,Send renewal reminder | Offer Annual Plan discount | Recommend personalized content,
557,558,Ms. Sarah Scott,afoley@example.com,afoley,1997-05-30,Male,Paceshire,2024-01-26,2025-01-25,Annual,0,0.576129945634594,57.61,57.61,Medium,About to Leave,0.6644000000000001,0.06495238095238096,0,0,1,1,-80,4.7,1,0,Send renewal reminder | Assign priority support | Trigger engagement campaign | Recommend personalized content,
558,559,Jennifer Watson,hernandezdevin@example.net,hernandezdevin,1936-08-06,Female,Peggyville,2024-04-11,2025-04-11,Monthly,0,0.4049059427015628,40.49,40.49,Medium,About to Leave,0.8,0.24444444444444446,1,0,0,0,-4,5.0,0,0,Send renewal reminder | Offer Annual Plan discount | Recommend personalized content,
559,560,Christopher Hernandez,mark39@example.org,mark39,1992-08-08,Female,South Courtney,2024-03-30,2025-03-30,Annual,0,0.3970895100848513,39.71,39.71,Medium,About to Leave,0.7780000000000001,0.12000000000000001,0,0,1,0,-16,4.0,0,0,Send renewal reminder | Assign priority support | Recommend personalized content,
560,561,Jennifer Olson,tcoffey@example.org,tcoffey,1977-02-14,Male,Port Suzannechester,2024-02-22,2025-02-21,Monthly,0,0.573186644594579,57.32,57.32,Medium,About to Leave,0.7072,0.09007407407407408,1,0,1,0,-53,3.6,1,0,Send renewal reminder | Offer Annual Plan discount | Assign priority support | Recommend personalized content,
561,562,Daniel Webster,jsmith@example.com,jsmith,1955-07-12,Female,Tracyfurt,2024-01-18,2025-01-17,Monthly,0,0.5990270763027545,59.9,59.9,Medium,About to Leave,0.7148000000000001,0.06630303030303031,1,0,1,0,-88,4.9,1,0,Send renewal reminder | Offer Annual Plan discount | Assign priority support | Recommend personalized content,
562,563,Cheryl Ball,xlynch@example.com,xlynch,1972-07-14,Female,Cynthiamouth,2024-03-27,2025-03-27,Monthly,0,0.46013970644377505,46.01,46.01,Medium,About to Leave,0.7264,0.15893333333333334,1,0,0,0,-19,3.2,0,0,Send renewal reminder | Offer Annual Plan discount | Collect feedback and offer service recovery | Recommend personalized content,
563,564,Ronald Humphrey,krystal73@example.com,krystal73,1968-08-09,Male,North John,2024-01-01,2024-12-31,Annual,0,0.26946890438419835,26.95,26.95,Low,Loyal,0.7616,0.3993333333333334,0,0,0,0,-105,3.3,0,0,Send renewal reminder | Collect feedback and offer service recovery | Recommend personalized content,Recommend lifestyle and family content pack | Recommend mobile premium pack
564,565,Kara Evans,robert10@example.com,robert10,1986-11-09,Female,West Phillipstad,2024-03-04,2025-03-04,Monthly,0,0.5615208061311273,56.15,56.15,Medium,About to Leave,0.7448000000000001,0.09116666666666667,1,0,1,0,-42,4.9,1,0,Send renewal reminder | Offer Annual Plan discount | Assign priority support | Recommend personalized content,
565,566,Karen Case,elizabeth77@example.com,elizabeth77,1934-05-08,Male,Port Tiffanyberg,2024-03-14,2025-03-14,Monthly,0,0.4693801073001053,46.94,46.94,Medium,About to Leave,0.6572,0.09066666666666667,1,0,0,0,-32,3.6,0,0,Send renewal reminder | Offer Annual Plan discount | Recommend personalized content,
566,567,Benjamin Murray,blankenshiprobert@example.net,blankenshiprobert,1953-04-07,Male,Gomezland,2024-01-14,2025-01-13,Annual,0,0.4199389859090878,41.99,41.99,Medium,About to Leave,0.7168000000000001,0.08509090909090909,0,0,1,0,-92,3.4,0,0,Send renewal reminder | Assign priority support | Collect feedback and offer service recovery | Recommend personalized content,
567,568,Heidi Lewis,cantrellemily@example.com,cantrellemily,1999-07-11,Male,West Jamesside,2024-03-09,2025-03-09,Annual,0,0.48305744347265694,48.31,48.31,Medium,About to Leave,0.6532,0.08613333333333333,0,0,0,1,-37,4.1,1,0,Send renewal reminder | Trigger engagement campaign | Recommend personalized content,
568,569,Stacey Cook,robinsonnicholas@example.com,robinsonnicholas,1953-07-19,Female,Jessicafort,2024-01-20,2025-01-19,Monthly,0,0.5805710239979516,58.06,58.06,Medium,About to Leave,0.7536000000000002,0.10483333333333335,1,0,1,0,-86,4.3,1,0,Send renewal reminder | Offer Annual Plan discount | Assign priority support | Recommend personalized content,
569,570,Michael Rivera,pwatts@example.net,pwatts,1982-03-08,Male,Ryanville,2024-03-11,2025-03-11,Annual,0,0.305988514068558,30.6,30.6,Low,About to Leave,0.798,0.16,0,0,0,0,-35,4.0,0,0,Send renewal reminder | Recommend personalized content,
570,571,Casey Jones,barrycarolyn@example.org,barrycarolyn,1989-01-12,Female,Saundersstad,2024-01-26,2025-01-25,Monthly,0,0.5348609192017518,53.49,53.49,Medium,About to Leave,0.7532000000000001,0.11866666666666668,1,0,1,0,-80,4.1,1,0,Send renewal reminder | Offer Annual Plan discount | Assign priority support | Recommend personalized content,
571,572,Michelle Brown,dibarra@example.com,dibarra,1977-11-21,Female,Shepherdbury,2024-03-30,2025-03-30,Annual,0,0.42954158723967284,42.95,42.95,Medium,About to Leave,0.7348000000000001,0.08103703703703705,0,0,1,0,-16,4.9,0,0,Send renewal reminder | Assign priority support | Recommend personalized content,
572,573,John Cline,trujillokirsten@example.net,trujillokirsten,1969-03-30,Female,Ballberg,2024-01-21,2025-01-20,Monthly,0,0.5925650729855334,59.26,59.26,Medium,About to Leave,0.668,0.06303030303030303,1,0,1,0,-85,4.0,1,0,Send renewal reminder | Offer Annual Plan discount | Assign priority support | Recommend personalized content,
573,574,Gregory James,monicadavies@example.org,monicadavies,1934-08-24,Female,Freemanfort,2024-04-01,2025-04-01,Annual,0,0.29213573582352953,29.21,29.21,Low,Loyal,0.808,0.192,0,0,0,0,-14,4.0,0,0,Send renewal reminder | Recommend personalized content,Recommend premium device streaming bundle | Recommend mobile premium pack | Offer loyalty reward / premium upsell
574,575,Julie Galloway,xsmith@example.org,xsmith,1976-06-15,Male,West Staceyport,2024-03-20,2025-03-20,Annual,0,0.24302759600942234,24.3,24.3,Low,Loyal,0.8500000000000001,0.43333333333333335,0,0,0,0,-26,5.0,0,0,Send renewal reminder | Recommend personalized content,Recommend premium Drama bundle | Recommend premium device streaming bundle | Recommend offline mobile viewing pack | Offer loyalty reward / premium upsell
575,576,Larry Day,grahamjoshua@example.net,grahamjoshua,1998-11-29,Male,North Anthony,2024-03-04,2025-03-04,Annual,0,0.24653942463081682,24.65,24.65,Low,Loyal,0.8448000000000001,0.4313333333333334,0,0,0,0,-42,4.9,0,0,Send renewal reminder | Recommend personalized content,Recommend premium Comedy bundle | Recommend reading/documentary combo | Recommend family multi-screen plan | Offer loyalty reward / premium upsell
576,577,Michael Chavez,smithkathleen@example.org,smithkathleen,1938-08-02,Female,Maryland,2024-03-13,2025-03-13,Monthly,0,0.5990701226233716,59.91,59.91,Medium,About to Leave,0.6480000000000001,0.06222222222222223,1,0,1,0,-33,4.0,1,0,Send renewal reminder | Offer Annual Plan discount | Assign priority support | Recommend personalized content,
577,578,Joe Lopez,dianaolson@example.org,dianaolson,1955-10-10,Male,Johnsonshire,2024-01-15,2025-01-14,Monthly,0,0.6194546765335993,61.95,61.95,Medium,About to Leave,0.6684000000000001,0.07100000000000001,1,0,1,0,-91,4.2,1,0,Send renewal reminder | Offer Annual Plan discount | Assign priority support | Recommend personalized content,
578,579,Jack Brock,seanwilliams@example.com,seanwilliams,1993-06-23,Female,North Matthew,2024-03-11,2025-03-11,Monthly,0,0.5599486147754884,55.99,55.99,Medium,About to Leave,0.7428000000000001,0.11752380952380954,1,0,1,0,-35,3.9,1,0,Send renewal reminder | Offer Annual Plan discount | Assign priority support | Recommend personalized content,
579,580,Jennifer Rasmussen,michael31@example.org,michael31,1956-01-18,Female,Pettystad,2024-01-27,2025-01-26,Annual,0,0.6091334919758692,60.91,60.91,Medium,About to Leave,0.6332,0.06152380952380952,0,0,1,1,-79,4.1,1,0,Send renewal reminder | Assign priority support | Trigger engagement campaign | Recommend personalized content,
580,581,Tanya Odom,tgray@example.org,tgray,1953-05-31,Female,Johnstonstad,2024-01-11,2025-01-10,Monthly,0,0.4470381955257885,44.7,44.7,Medium,About to Leave,0.7164,0.13244444444444445,1,0,0,0,-95,3.2,0,0,Send renewal reminder | Offer Annual Plan discount | Collect feedback and offer service recovery | Recommend personalized content,
581,582,Dr. Isaac Davis,smallerik@example.net,smallerik,1971-10-22,Male,Samuelview,2024-01-21,2025-01-20,Monthly,1,0.7894568397540316,78.95,78.95,High,About to Leave,0.6284000000000001,0.05433333333333334,1,0,1,1,-85,4.2,1,1,Send renewal reminder | Offer Annual Plan discount | Assign priority support | Trigger engagement campaign | Recommend personalized content,
582,583,Sean Harris,brittanymurray@example.net,brittanymurray,1975-01-28,Female,South Justin,2024-01-03,2025-01-02,Monthly,0,0.4540966921562535,45.41,45.41,Medium,About to Leave,0.7484000000000001,0.17533333333333334,1,0,0,0,-103,4.2,0,0,Send renewal reminder | Offer Annual Plan discount | Recommend personalized content,
583,584,Jesse Singleton,christina68@example.org,christina68,1979-01-18,Male,Julieside,2024-02-04,2025-02-03,Monthly,0,0.45845520568463477,45.85,45.85,Medium,About to Leave,0.728,0.13866666666666666,1,0,0,0,-71,4.0,0,0,Send renewal reminder | Offer Annual Plan discount | Recommend personalized content,
584,585,Bonnie Pena,ewilson@example.net,ewilson,1949-10-30,Female,Wrighttown,2024-02-16,2025-02-15,Monthly,0,0.4562490358233196,45.62,45.62,Medium,About to Leave,0.7484000000000001,0.17533333333333334,1,0,0,0,-59,4.2,0,0,Send renewal reminder | Offer Annual Plan discount | Recommend personalized content,
585,586,Tracy Allen,daltonrhonda@example.net,daltonrhonda,1935-02-07,Male,West Sharon,2024-02-07,2025-02-06,Monthly,0,0.4329934285107643,43.3,43.3,Medium,About to Leave,0.8140000000000001,0.28222222222222226,1,0,0,0,-68,4.5,0,0,Send renewal reminder | Offer Annual Plan discount | Recommend personalized content,
586,587,Rachel Payne,sjones@example.org,sjones,1971-05-15,Male,Port Julieberg,2024-04-04,2025-04-04,Monthly,0,0.5003945856416436,50.04,50.04,Medium,About to Leave,0.652,0.09000000000000001,1,0,0,0,-11,3.5,1,0,Send renewal reminder | Offer Annual Plan discount | Recommend personalized content,
587,588,Craig Carter,wesleyday@example.net,wesleyday,1954-11-27,Male,Bensonport,2024-01-08,2025-01-07,Annual,0,0.2867035246610381,28.67,28.67,Low,Loyal,0.7884000000000001,0.2086666666666667,0,0,0,0,-98,4.2,0,0,Send renewal reminder | Recommend personalized content,Recommend premium Sci-Fi bundle | Recommend premium device streaming bundle | Recommend offline mobile viewing pack | Offer loyalty reward / premium upsell
588,589,George Elliott,rebecca56@example.com,rebecca56,1939-08-30,Female,North Jameschester,2024-02-17,2025-02-16,Annual,0,0.285800675033479,28.58,28.58,Low,Loyal,0.7596,0.12088888888888889,0,0,0,0,-58,4.8,0,0,Send renewal reminder | Recommend personalized content,Recommend premium Comedy bundle | Recommend premium device streaming bundle | Recommend offline mobile viewing pack
589,590,Sean Navarro,derek53@example.net,derek53,1972-08-26,Male,New Ryan,2024-04-09,2025-04-09,Monthly,0,0.4337433739478261,43.37,43.37,Medium,About to Leave,0.7544000000000001,0.12022222222222223,1,0,0,0,-6,4.7,0,0,Send renewal reminder | Offer Annual Plan discount | Recommend personalized content,
590,591,Stephanie Palmer,daniel56@example.org,daniel56,1966-12-12,Female,Williamport,2024-03-06,2025-03-06,Monthly,0,0.4722394877606778,47.22,47.22,Medium,About to Leave,0.7336,0.11755555555555557,1,0,0,0,-40,4.3,0,0,Send renewal reminder | Offer Annual Plan discount | Recommend personalized content,
591,592,Renee Rivas,ewatson@example.com,ewatson,1985-03-18,Female,West Ninatown,2024-03-17,2025-03-17,Annual,0,0.3245521478287156,32.46,32.46,Low,About to Leave,0.744,0.11888888888888889,0,0,0,0,-29,4.5,0,0,Send renewal reminder | Recommend personalized content,
592,593,John Anderson,amberknapp@example.net,amberknapp,1993-01-04,Male,West Rebeccaland,2024-03-25,2025-03-25,Monthly,0,0.4417979163412542,44.18,44.18,Medium,About to Leave,0.746,0.39333333333333337,1,0,0,0,-21,3.0,0,0,Send renewal reminder | Offer Annual Plan discount | Collect feedback and offer service recovery | Recommend personalized content,
593,594,Paul Harris,bbarnes@example.com,bbarnes,1970-10-29,Female,East Jasontown,2024-02-27,2025-02-26,Monthly,0,0.43265052811575067,43.27,43.27,Medium,About to Leave,0.738,0.17333333333333334,1,0,0,0,-48,4.0,0,0,Send renewal reminder | Offer Annual Plan discount | Recommend personalized content,
594,595,Jaime Klein,michael55@example.org,michael55,1994-06-13,Male,Clayview,2024-01-03,2025-01-02,Annual,0,0.2993788236012279,29.94,29.94,Low,Loyal,0.7496,0.19733333333333336,0,0,0,0,-103,4.8,0,0,Send renewal reminder | Recommend personalized content,Recommend premium Sci-Fi bundle | Recommend reading/documentary combo | Recommend offline mobile viewing pack
595,596,Thomas Mitchell,wellsrobert@example.org,wellsrobert,1990-09-29,Female,East Danny,2024-01-01,2024-12-31,Annual,0,0.45058226128967216,45.06,45.06,Medium,About to Leave,0.6776000000000001,0.4186666666666667,0,0,0,1,-105,3.8,0,0,Send renewal reminder | Trigger engagement campaign | Recommend personalized content,
596,597,Veronica Vargas,stephenyoung@example.com,stephenyoung,1953-12-26,Female,Parsonsstad,2024-04-03,2025-04-03,Annual,0,0.44713880168509396,44.71,44.71,Medium,About to Leave,0.6572,0.2053333333333333,0,0,0,1,-12,3.6,0,0,Send renewal reminder | Trigger engagement campaign | Recommend personalized content,
597,598,Alexander Thompson,isaac56@example.org,isaac56,1947-04-08,Female,Port Jenniferport,2024-01-09,2025-01-08,Annual,0,0.4454231113317688,44.54,44.54,Medium,About to Leave,0.7263999999999999,0.10311111111111111,0,0,1,0,-97,3.2,0,0,Send renewal reminder | Assign priority support | Collect feedback and offer service recovery | Recommend personalized content,
598,599,Linda Taylor PhD,stevenhodge@example.net,stevenhodge,2000-11-18,Male,Maryberg,2024-03-30,2025-03-30,Monthly,0,0.600283389393238,60.03,60.03,Medium,About to Leave,0.6416000000000001,0.06653333333333333,1,0,1,0,-16,3.3,1,0,Send renewal reminder | Offer Annual Plan discount | Assign priority support | Collect feedback and offer service recovery | Recommend personalized content,
599,600,Robert Miller,christineperez@example.org,christineperez,1939-07-11,Male,Jonesport,2024-04-01,2025-04-01,Annual,0,0.39299306977796894,39.3,39.3,Medium,About to Leave,0.7496,0.10361904761904762,0,0,1,0,-14,4.8,0,0,Send renewal reminder | Assign priority support | Recommend personalized content,
600,601,Michael Hanson,nicholas77@example.org,nicholas77,1959-03-28,Male,Meghanmouth,2024-03-13,2025-03-13,Annual,0,0.6676877455062595,66.77,66.77,High,About to Leave,0.5564,0.039466666666666664,0,0,1,1,-33,3.2,1,0,Send renewal reminder | Assign priority support | Trigger engagement campaign | Collect feedback and offer service recovery | Recommend personalized content,
601,602,Becky Ross,othomas@example.net,othomas,1967-09-16,Male,North Tiffany,2024-04-07,2025-04-07,Annual,0,0.28583028612978256,28.58,28.58,Low,Loyal,0.7316,0.15973333333333334,0,0,0,0,-8,3.3,0,0,Send renewal reminder | Collect feedback and offer service recovery | Recommend personalized content,Recommend lifestyle and family content pack | Recommend family multi-screen plan
602,603,Margaret Barker,stephanie67@example.org,stephanie67,1951-07-04,Male,New Michael,2024-02-21,2025-02-20,Annual,0,0.6043678428701788,60.44,60.44,Medium,About to Leave,0.6540000000000001,0.0638095238095238,0,0,1,1,-54,4.5,1,0,Send renewal reminder | Assign priority support | Trigger engagement campaign | Recommend personalized content,
603,604,Jennifer Gill,pkrause@example.org,pkrause,1942-12-19,Male,Port Stevenstad,2024-03-30,2025-03-30,Monthly,0,0.4291988264030723,42.92,42.92,Medium,About to Leave,0.7788,0.14044444444444446,1,0,0,0,-16,4.4,0,0,Send renewal reminder | Offer Annual Plan discount | Recommend personalized content,
604,605,Heather Bowen,jason42@example.net,jason42,1966-04-25,Female,Delgadoside,2024-01-13,2025-01-12,Annual,0,0.5919427541438318,59.19,59.19,Medium,About to Leave,0.6644000000000001,0.06495238095238096,0,0,1,1,-93,4.7,1,0,Send renewal reminder | Assign priority support | Trigger engagement campaign | Recommend personalized content,
605,606,Anthony Jones,shannon69@example.net,shannon69,2004-06-02,Female,Port Jason,2024-01-03,2025-01-02,Annual,0,0.2810413678999679,28.1,28.1,Low,Loyal,0.7924,0.18960000000000002,0,0,0,0,-103,3.7,0,0,Send renewal reminder | Recommend personalized content,Recommend premium Action bundle | Recommend premium device streaming bundle | Recommend mobile premium pack | Offer loyalty reward / premium upsell
606,607,Lee West,watsonjessica@example.org,watsonjessica,1957-04-26,Female,North Emily,2024-03-13,2025-03-13,Annual,0,0.48132308421395575,48.13,48.13,Medium,About to Leave,0.6112000000000001,0.0655,0,0,1,0,-33,3.1,1,0,Send renewal reminder | Assign priority support | Collect feedback and offer service recovery | Recommend personalized content,
607,608,Gail Montgomery DDS,vickiramirez@example.net,vickiramirez,1943-10-21,Male,Madisonborough,2024-01-10,2025-01-09,Annual,0,0.30443217229656677,30.44,30.44,Low,About to Leave,0.7111999999999999,0.1317777777777778,0,0,0,0,-96,3.1,0,0,Send renewal reminder | Collect feedback and offer service recovery | Recommend personalized content,
608,609,Travis Flores,rogersluke@example.org,rogersluke,1940-09-11,Male,New Kathymouth,2024-02-04,2025-02-03,Monthly,0,0.5887175835081325,58.87,58.87,Medium,About to Leave,0.7040000000000001,0.22333333333333333,1,0,0,1,-71,4.5,1,0,Send renewal reminder | Offer Annual Plan discount | Trigger engagement campaign | Recommend personalized content,
609,610,Brooke Brock,crystal00@example.org,crystal00,1953-07-31,Male,Maryfurt,2024-01-12,2025-01-11,Monthly,1,0.8080531226054505,80.81,80.81,High,About to Leave,0.5928000000000001,0.04226666666666667,1,0,1,1,-94,3.9,1,1,Send renewal reminder | Offer Annual Plan discount | Assign priority support | Trigger engagement campaign | Recommend personalized content,
610,611,Carolyn Nichols,garycaldwell@example.com,garycaldwell,1970-01-07,Female,North Jesseborough,2024-02-19,2025-02-18,Annual,0,0.44070125664682563,44.07,44.07,Medium,About to Leave,0.6212,0.07485714285714286,0,0,1,0,-56,3.1,0,0,Send renewal reminder | Assign priority support | Collect feedback and offer service recovery | Recommend personalized content,
611,612,Ivan King,daniellewolfe@example.com,daniellewolfe,2006-04-11,Male,West John,2024-03-06,2025-03-06,Annual,0,0.44960435459602416,44.96,44.96,Medium,About to Leave,0.6576,0.07885714285714286,0,0,1,0,-40,3.8,0,0,Send renewal reminder | Assign priority support | Recommend personalized content,
612,613,Janet Barajas,sosawilliam@example.net,sosawilliam,1969-03-19,Female,Port Tracy,2024-01-11,2025-01-10,Monthly,0,0.5737300244223403,57.37,57.37,Medium,About to Leave,0.7844000000000001,0.08981818181818182,1,0,1,0,-95,4.7,1,0,Send renewal reminder | Offer Annual Plan discount | Assign priority support | Recommend personalized content,
613,614,Anthony Pace,stephen74@example.org,stephen74,1982-04-01,Female,Hughesport,2024-03-26,2025-03-26,Monthly,0,0.49558294847725826,49.56,49.56,Medium,About to Leave,0.6864,0.13226666666666667,1,0,0,0,-20,3.2,1,0,Send renewal reminder | Offer Annual Plan discount | Collect feedback and offer service recovery | Recommend personalized content,
614,615,Christina Finley,idouglas@example.org,idouglas,1967-05-31,Male,West Adam,2024-02-14,2025-02-13,Monthly,0,0.44173834772296366,44.17,44.17,Medium,About to Leave,0.7192000000000001,0.11680000000000001,1,0,0,0,-61,4.6,0,0,Send renewal reminder | Offer Annual Plan discount | Recommend personalized content,
615,616,Richard Ferguson,elizabeth89@example.com,elizabeth89,1976-01-15,Female,Michaelport,2024-02-28,2025-02-27,Monthly,0,0.49881825734245466,49.88,49.88,Medium,About to Leave,0.692,0.11222222222222222,1,0,0,0,-47,3.5,1,0,Send renewal reminder | Offer Annual Plan discount | Recommend personalized content,
616,617,Sandra Johnson,joshua14@example.org,joshua14,1971-06-12,Female,Josephfort,2024-01-08,2025-01-07,Monthly,0,0.4137616203833571,41.38,41.38,Medium,About to Leave,0.8392,0.8506666666666667,1,0,0,0,-98,4.6,0,0,Send renewal reminder | Offer Annual Plan discount | Recommend personalized content,
617,618,Andrew Hawkins,ericgonzales@example.org,ericgonzales,1998-05-31,Male,Amandabury,2024-02-16,2025-02-15,Monthly,0,0.4461758145556881,44.62,44.62,Medium,About to Leave,0.7472,0.6773333333333333,1,0,0,0,-59,3.6,0,0,Send renewal reminder | Offer Annual Plan discount | Recommend personalized content,
618,619,Karen Cohen,christinapetty@example.com,christinapetty,1980-02-28,Male,Lisaborough,2024-03-12,2025-03-12,Annual,0,0.41266731065557255,41.27,41.27,Medium,About to Leave,0.7168000000000001,0.08509090909090909,0,0,1,0,-34,3.4,0,0,Send renewal reminder | Assign priority support | Collect feedback and offer service recovery | Recommend personalized content,
619,620,Robert Ewing,dkirby@example.org,dkirby,1956-09-05,Female,East Matthewburgh,2024-03-28,2025-03-28,Monthly,0,0.606981944998115,60.7,60.7,Medium,About to Leave,0.7132000000000001,0.07551515151515152,1,0,1,0,-18,4.1,1,0,Send renewal reminder | Offer Annual Plan discount | Assign priority support | Recommend personalized content,
620,621,Amber Phillips,ijohnson@example.net,ijohnson,1956-06-20,Male,Nelsonville,2024-03-29,2025-03-29,Annual,0,0.31679212983306165,31.68,31.68,Low,About to Leave,0.7264,0.6613333333333333,0,0,0,0,-17,3.2,0,0,Send renewal reminder | Collect feedback and offer service recovery | Recommend personalized content,
621,622,Hannah Terry,manuelphillips@example.org,manuelphillips,1959-02-22,Female,Shawnstad,2024-03-06,2025-03-06,Monthly,0,0.46908319652134023,46.91,46.91,Medium,About to Leave,0.7336,0.11755555555555557,1,0,0,0,-40,4.3,0,0,Send renewal reminder | Offer Annual Plan discount | Recommend personalized content,
622,623,Mrs. Vanessa Johnson,youngronald@example.net,youngronald,1975-11-19,Female,East Seanview,2024-01-21,2025-01-20,Annual,0,0.30276536967897777,30.28,30.28,Low,About to Leave,0.738,0.17333333333333334,0,0,0,0,-85,4.0,0,0,Send renewal reminder | Recommend personalized content,
623,624,Elizabeth Rivera,aluna@example.com,aluna,1945-05-01,Male,West Charlesberg,2024-02-25,2025-02-24,Monthly,0,0.621093022344098,62.11,62.11,Medium,About to Leave,0.6488,0.05236363636363637,1,0,1,0,-50,4.4,1,0,Send renewal reminder | Offer Annual Plan discount | Assign priority support | Recommend personalized content,
624,625,Lisa Salinas,ipowell@example.org,ipowell,1968-07-26,Male,Danielsland,2024-04-13,2025-04-13,Monthly,0,0.5474184248164256,54.74,54.74,Medium,About to Leave,0.7636000000000001,0.11980952380952382,1,0,1,0,-2,4.3,1,0,Send renewal reminder | Offer Annual Plan discount | Assign priority support | Recommend personalized content,
625,626,Steven Schneider,ttran@example.net,ttran,2000-05-04,Female,Brandonborough,2024-03-15,2025-03-15,Annual,0,0.41079579878901296,41.08,41.08,Medium,About to Leave,0.7932000000000001,0.13771428571428573,0,0,1,0,-31,4.1,0,0,Send renewal reminder | Assign priority support | Recommend personalized content,
626,627,Johnny Myers,james36@example.org,james36,1954-01-17,Male,North Brian,2024-02-19,2025-02-18,Monthly,0,0.4623384006921134,46.23,46.23,Medium,About to Leave,0.7596,0.12088888888888889,1,0,0,0,-56,4.8,0,0,Send renewal reminder | Offer Annual Plan discount | Recommend personalized content,
627,628,Joshua Lee,lydia35@example.org,lydia35,1971-05-07,Female,Port Christopher,2024-01-06,2025-01-05,Monthly,0,0.4718750332891948,47.19,47.19,Medium,About to Leave,0.722,0.22444444444444445,1,0,0,0,-100,3.5,0,0,Send renewal reminder | Offer Annual Plan discount | Recommend personalized content,
628,629,David Acosta,kyle46@example.com,kyle46,1995-02-18,Female,Port Raymondmouth,2024-03-13,2025-03-13,Annual,0,0.25851451199161063,25.85,25.85,Low,Loyal,0.8016,0.466,0,0,0,0,-33,3.3,0,0,Send renewal reminder | Collect feedback and offer service recovery | Recommend personalized content,Recommend premium Drama bundle | Recommend lifestyle and family content pack | Recommend mobile premium pack | Offer loyalty reward / premium upsell
629,630,Mary Robinson,vrobinson@example.net,vrobinson,1958-07-02,Female,Masseyport,2024-02-02,2025-02-01,Monthly,0,0.464912878119642,46.49,46.49,Medium,About to Leave,0.7412,0.2635555555555556,1,0,0,0,-73,3.1,0,0,Send renewal reminder | Offer Annual Plan discount | Collect feedback and offer service recovery | Recommend personalized content,
630,631,Randy Kidd,bryandiaz@example.com,bryandiaz,1965-06-16,Female,South Jonathanshire,2024-02-08,2025-02-07,Monthly,0,0.5989661706038669,59.9,59.9,Medium,About to Leave,0.6624000000000001,0.06813333333333334,1,0,1,0,-67,3.7,1,0,Send renewal reminder | Offer Annual Plan discount | Assign priority support | Recommend personalized content,
631,632,Margaret Hall,zwilson@example.com,zwilson,1983-09-19,Male,Freemanland,2024-01-24,2025-01-23,Annual,0,0.3144756615259975,31.45,31.45,Low,About to Leave,0.7024,0.11355555555555556,0,0,0,0,-82,3.7,0,0,Send renewal reminder | Recommend personalized content,
632,633,Tony Davis,kellyjerry@example.net,kellyjerry,1972-03-05,Male,South Brandonmouth,2024-03-16,2025-03-16,Monthly,0,0.4227066855437578,42.27,42.27,Medium,About to Leave,0.8132,0.8306666666666668,1,0,0,0,-30,4.1,0,0,Send renewal reminder | Offer Annual Plan discount | Recommend personalized content,
633,634,Aaron Guzman,dawnwilliamson@example.org,dawnwilliamson,1978-11-09,Male,Joshuamouth,2024-02-04,2025-02-03,Monthly,0,0.5647336111334442,56.47,56.47,Medium,About to Leave,0.748,0.11809523809523811,1,0,1,0,-71,4.0,1,0,Send renewal reminder | Offer Annual Plan discount | Assign priority support | Recommend personalized content,
634,635,Kenneth Russell,joelhampton@example.org,joelhampton,1984-11-12,Female,East Michaelstad,2024-04-13,2025-04-13,Monthly,0,0.4049727496528252,40.5,40.5,Medium,About to Leave,0.7784000000000001,0.7013333333333334,1,0,0,0,-2,4.2,0,0,Send renewal reminder | Offer Annual Plan discount | Recommend personalized content,
635,636,Michael Anderson,bridgesjose@example.org,bridgesjose,1980-10-31,Male,Cannonshire,2024-01-07,2025-01-06,Annual,0,0.42948860803557165,42.95,42.95,Medium,About to Leave,0.6884000000000001,0.07013333333333334,0,0,1,0,-99,4.2,0,0,Send renewal reminder | Assign priority support | Recommend personalized content,
636,637,Mckenzie Smith,mark90@example.net,mark90,1977-09-22,Female,Wilsonborough,2024-04-09,2025-04-09,Annual,0,0.29282316359699323,29.28,29.28,Low,Loyal,0.758,0.3466666666666667,0,0,0,0,-6,4.0,0,0,Send renewal reminder | Recommend personalized content,Recommend lifestyle and family content pack | Recommend mobile premium pack
637,638,Ryan Williams,luke34@example.com,luke34,1999-10-09,Male,South Timothy,2024-01-18,2025-01-17,Annual,0,0.4253017266426249,42.53,42.53,Medium,About to Leave,0.768,0.10666666666666667,0,0,1,0,-88,4.0,0,0,Send renewal reminder | Assign priority support | Recommend personalized content,
638,639,Michael Rogers,brandon68@example.com,brandon68,1935-05-11,Male,Patriciaton,2024-02-13,2025-02-12,Annual,0,0.33029932345924146,33.03,33.03,Low,About to Leave,0.6872,0.18133333333333335,0,0,0,0,-62,3.6,0,0,Send renewal reminder | Recommend personalized content,
639,640,Paula Wright,kscott@example.org,kscott,2004-01-21,Female,North Brian,2024-02-08,2025-02-07,Monthly,0,0.5592108000679384,55.92,55.92,Medium,About to Leave,0.7016000000000001,0.09983333333333334,1,0,1,0,-67,3.3,1,0,Send renewal reminder | Offer Annual Plan discount | Assign priority support | Collect feedback and offer service recovery | Recommend personalized content,
640,641,Kelly Blevins,patriciabowman@example.org,patriciabowman,1935-12-26,Male,East Thomas,2024-01-17,2025-01-16,Monthly,0,0.4929783797378312,49.3,49.3,Medium,About to Leave,0.7076,0.11422222222222222,1,0,0,0,-89,3.8,1,0,Send renewal reminder | Offer Annual Plan discount | Recommend personalized content,
641,642,Jacob Schultz,luisharrison@example.net,luisharrison,1949-08-23,Female,Davisport,2024-04-03,2025-04-03,Monthly,1,0.8065180957356972,80.65,80.65,High,About to Leave,0.5760000000000001,0.05523809523809524,1,0,1,1,-12,3.0,1,1,Send renewal reminder | Offer Annual Plan discount | Assign priority support | Trigger engagement campaign | Collect feedback and offer service recovery | Recommend personalized content,
642,643,Scott Cannon,nthompson@example.com,nthompson,1967-02-27,Male,Lewisfurt,2024-04-09,2025-04-09,Monthly,0,0.3940733343582718,39.41,39.41,Medium,About to Leave,0.7991999999999999,0.7173333333333334,1,0,0,0,-6,4.6,0,0,Send renewal reminder | Offer Annual Plan discount | Recommend personalized content,
643,644,Dean Frazier,monicabentley@example.org,monicabentley,1974-08-22,Male,Johnchester,2024-02-21,2025-02-20,Monthly,0,0.5705622004778872,57.06,57.06,Medium,About to Leave,0.7176,0.09096296296296297,1,0,1,0,-54,3.8,1,0,Send renewal reminder | Offer Annual Plan discount | Assign priority support | Recommend personalized content,
644,645,Amy Williams,isaac58@example.org,isaac58,1995-01-05,Male,Port Codyland,2024-03-21,2025-03-21,Annual,0,0.27579491967134395,27.58,27.58,Low,Loyal,0.8096000000000001,0.7253333333333334,0,0,0,0,-25,4.8,0,0,Send renewal reminder | Recommend personalized content,Recommend premium Action bundle | Recommend reading/documentary combo | Recommend mobile premium pack | Offer loyalty reward / premium upsell
645,646,Alison Stephens,tonifernandez@example.org,tonifernandez,1933-11-30,Male,Douglasburgh,2024-01-07,2025-01-06,Monthly,0,0.66019869821796,66.02,66.02,High,About to Leave,0.6324,0.08293333333333333,1,0,0,1,-99,3.7,1,0,Send renewal reminder | Offer Annual Plan discount | Trigger engagement campaign | Recommend personalized content,
646,647,Scott Cook,briangreen@example.com,briangreen,1994-11-02,Female,Ethanburgh,2024-03-18,2025-03-18,Annual,0,0.592767281259833,59.28,59.28,Medium,About to Leave,0.6280000000000001,0.06095238095238096,0,0,1,1,-28,4.0,1,0,Send renewal reminder | Assign priority support | Trigger engagement campaign | Recommend personalized content,
647,648,Mrs. Nicole Gallegos,seanvaldez@example.com,seanvaldez,1968-03-27,Male,North Robert,2024-03-21,2025-03-21,Monthly,0,0.5561125920168773,55.61,55.61,Medium,About to Leave,0.7936000000000001,0.12150000000000001,1,0,1,0,-25,4.3,1,0,Send renewal reminder | Offer Annual Plan discount | Assign priority support | Recommend personalized content,
648,649,Debra Moore,donna99@example.com,donna99,1945-01-30,Female,Soniabury,2024-03-06,2025-03-06,Monthly,0,0.436342328761548,43.63,43.63,Medium,About to Leave,0.7328,0.17233333333333334,1,0,0,0,-40,3.9,0,0,Send renewal reminder | Offer Annual Plan discount | Recommend personalized content,
649,650,Kelly Cox,hodgelauren@example.org,hodgelauren,1991-07-06,Female,Carlosborough,2024-01-24,2025-01-23,Annual,0,0.43439597556118764,43.44,43.44,Medium,About to Leave,0.6984,0.4346666666666667,0,0,0,1,-82,4.2,0,0,Send renewal reminder | Trigger engagement campaign | Recommend personalized content,
650,651,Kaitlin Webb,htodd@example.org,htodd,1936-05-01,Male,New Ann,2024-03-11,2025-03-11,Annual,0,0.2386983402832104,23.87,23.87,Low,Loyal,0.8048000000000001,0.3646666666666667,0,0,0,0,-35,4.9,0,0,Send renewal reminder | Recommend personalized content,Recommend reading/documentary combo | Recommend mobile premium pack | Offer loyalty reward / premium upsell
651,652,Antonio Baldwin,molly29@example.com,molly29,1954-03-31,Male,Port Brendafort,2024-03-15,2025-03-15,Annual,0,0.279189360751943,27.92,27.92,Low,Loyal,0.7584000000000001,0.23377777777777778,0,0,0,0,-31,4.2,0,0,Send renewal reminder | Recommend personalized content,Recommend premium Sci-Fi bundle | Recommend lifestyle and family content pack | Recommend family multi-screen plan
652,653,Heather Wright,marissa28@example.com,marissa28,1969-03-21,Female,Lake Meagan,2024-04-07,2025-04-07,Annual,0,0.40957147710801045,40.96,40.96,Medium,About to Leave,0.7495999999999999,0.07806060606060607,0,0,1,0,-8,4.8,0,0,Send renewal reminder | Assign priority support | Recommend personalized content,
653,654,Matthew Zavala,linryan@example.org,linryan,1996-03-04,Male,Bradleyview,2024-03-28,2025-03-28,Monthly,0,0.5860507283621259,58.61,58.61,Medium,About to Leave,0.6740000000000002,0.06444444444444446,1,0,1,0,-18,4.5,1,0,Send renewal reminder | Offer Annual Plan discount | Assign priority support | Recommend personalized content,
654,655,Robert Wong,eric57@example.com,eric57,1993-09-04,Female,West Richard,2024-01-21,2025-01-20,Annual,0,0.33833285266529206,33.83,33.83,Low,About to Leave,0.6512,0.131,0,0,0,0,-85,3.1,0,0,Send renewal reminder | Collect feedback and offer service recovery | Recommend personalized content,
655,656,Ryan Peterson,bradleyanderson@example.com,bradleyanderson,1966-05-25,Male,New Michael,2024-01-16,2025-01-15,Monthly,1,0.7642919218994054,76.43,76.43,High,About to Leave,0.6140000000000001,0.040606060606060604,1,0,1,1,-90,4.5,1,1,Send renewal reminder | Offer Annual Plan discount | Assign priority support | Trigger engagement campaign | Recommend personalized content,
656,657,David Alvarez,erin34@example.org,erin34,1992-09-18,Female,Jessicafort,2024-02-17,2025-02-16,Annual,0,0.501329837791979,50.13,50.13,Medium,About to Leave,0.6684,0.10866666666666668,0,0,0,1,-58,4.2,1,0,Send renewal reminder | Trigger engagement campaign | Recommend personalized content,
657,658,Mrs. Penny Frost,belladam@example.net,belladam,1940-02-07,Female,East Timothyside,2024-01-04,2025-01-03,Monthly,0,0.4710379780945258,47.1,47.1,Medium,About to Leave,0.7424000000000001,0.1357777777777778,1,0,0,0,-102,3.7,0,0,Send renewal reminder | Offer Annual Plan discount | Recommend personalized content,
658,659,Dawn Simon,michaellewis@example.net,michaellewis,1973-05-23,Female,Villaburgh,2024-02-04,2025-02-03,Monthly,0,0.48151647154893773,48.15,48.15,Medium,About to Leave,0.7232,0.11622222222222223,1,0,0,0,-71,4.1,1,0,Send renewal reminder | Offer Annual Plan discount | Recommend personalized content,
659,660,Paul Bolton,wallrandy@example.net,wallrandy,2004-03-08,Female,Lisamouth,2024-03-31,2025-03-31,Annual,0,0.32990370910922706,32.99,32.99,Low,About to Leave,0.7336,0.11755555555555557,0,0,0,0,-15,4.3,0,0,Send renewal reminder | Recommend personalized content,
660,661,Denise Oneill,shannonmorton@example.org,shannonmorton,1964-02-29,Male,East Monica,2024-01-31,2025-01-30,Annual,0,0.24682462528049234,24.68,24.68,Low,Loyal,0.8036000000000001,0.2795555555555556,0,0,0,0,-75,4.3,0,0,Send renewal reminder | Recommend personalized content,Recommend premium Drama bundle | Recommend premium device streaming bundle | Recommend offline mobile viewing pack | Offer loyalty reward / premium upsell
661,662,Tracey Scott,tateamanda@example.org,tateamanda,1938-05-31,Female,Elizabethhaven,2024-03-09,2025-03-09,Monthly,0,0.5864115628766596,58.64,58.64,Medium,About to Leave,0.7168000000000001,0.08509090909090909,1,0,1,0,-37,3.4,1,0,Send renewal reminder | Offer Annual Plan discount | Assign priority support | Collect feedback and offer service recovery | Recommend personalized content,
662,663,Heather Moreno,dominiqueaguilar@example.net,dominiqueaguilar,1933-08-24,Female,Andrewview,2024-02-06,2025-02-05,Monthly,0,0.5590956171355561,55.91,55.91,Medium,About to Leave,0.7896,0.09018181818181818,1,0,1,0,-69,4.8,1,0,Send renewal reminder | Offer Annual Plan discount | Assign priority support | Recommend personalized content,
663,664,Pamela Briggs,tonyjenkins@example.com,tonyjenkins,1946-05-08,Male,East Gregoryshire,2024-02-14,2025-02-13,Monthly,0,0.4024911202420799,40.25,40.25,Medium,About to Leave,0.81,0.3666666666666667,1,0,0,0,-61,5.0,0,0,Send renewal reminder | Offer Annual Plan discount | Recommend personalized content,
664,665,Douglas Sharp,jlee@example.com,jlee,1969-09-07,Female,Romeroshire,2024-02-02,2025-02-01,Annual,0,0.3950535149708738,39.51,39.51,Medium,About to Leave,0.7376,0.11695238095238096,0,0,1,0,-73,3.8,0,0,Send renewal reminder | Assign priority support | Recommend personalized content,
665,666,Derrick Burton,sharongray@example.net,sharongray,1957-09-26,Male,New Richard,2024-02-03,2025-02-02,Annual,0,0.4762852948140237,47.63,47.63,Medium,About to Leave,0.6412,0.07303703703703704,0,0,1,0,-72,3.1,1,0,Send renewal reminder | Assign priority support | Collect feedback and offer service recovery | Recommend personalized content,
666,667,Mary Reid,nancypena@example.net,nancypena,1946-01-08,Female,Lake Joanneside,2024-02-17,2025-02-16,Monthly,0,0.45857343314766313,45.86,45.86,Medium,About to Leave,0.7232000000000001,0.28200000000000003,1,0,0,0,-58,4.1,0,0,Send renewal reminder | Offer Annual Plan discount | Recommend personalized content,
667,668,Nicole West,ryanadkins@example.com,ryanadkins,1993-08-23,Male,North Kyletown,2024-03-01,2025-03-01,Monthly,0,0.4929809927967736,49.3,49.3,Medium,About to Leave,0.7092,0.09733333333333334,1,0,0,0,-45,4.6,1,0,Send renewal reminder | Offer Annual Plan discount | Recommend personalized content,
668,669,Roy Stone,joseph98@example.org,joseph98,1952-06-16,Male,Lake Ericborough,2024-01-03,2025-01-02,Monthly,1,0.7870925223337332,78.71,78.71,High,About to Leave,0.6288,0.04918518518518519,1,0,1,1,-103,4.4,1,1,Send renewal reminder | Offer Annual Plan discount | Assign priority support | Trigger engagement campaign | Recommend personalized content,
669,670,James Warner,wendy53@example.com,wendy53,1963-02-19,Female,Bowenland,2024-03-21,2025-03-21,Monthly,0,0.45533224879507644,45.53,45.53,Medium,About to Leave,0.696,0.21777777777777776,1,0,0,0,-25,3.0,0,0,Send renewal reminder | Offer Annual Plan discount | Collect feedback and offer service recovery | Recommend personalized content,
670,671,Larry Gay,walkerjessica@example.com,walkerjessica,2002-11-14,Female,New Jeffery,2024-02-08,2025-02-07,Monthly,0,0.42972768699990865,42.97,42.97,Medium,About to Leave,0.8072,0.3146666666666667,1,0,0,0,-67,3.6,0,0,Send renewal reminder | Offer Annual Plan discount | Recommend personalized content,
671,672,Brent Bailey,kerri46@example.net,kerri46,2002-02-17,Male,Lake Kelly,2024-03-17,2025-03-17,Monthly,0,0.47841191157695667,47.84,47.84,Medium,About to Leave,0.7092,0.09733333333333334,1,0,0,0,-29,4.6,1,0,Send renewal reminder | Offer Annual Plan discount | Recommend personalized content,
672,673,Oscar Wright,rhodesdan@example.org,rhodesdan,1983-07-17,Female,Rodriguezstad,2024-01-14,2025-01-13,Monthly,0,0.4456923273011282,44.57,44.57,Medium,About to Leave,0.7888000000000001,0.16853333333333337,1,0,0,0,-92,4.4,0,0,Send renewal reminder | Offer Annual Plan discount | Recommend personalized content,
673,674,Ms. Linda Walter DDS,james70@example.com,james70,1957-11-12,Female,Alexandrachester,2024-03-26,2025-03-26,Monthly,0,0.6365213554346791,63.65,63.65,Medium,About to Leave,0.652,0.06733333333333333,1,0,1,0,-20,3.5,1,0,Send renewal reminder | Offer Annual Plan discount | Assign priority support | Recommend personalized content,
674,675,Bill Marquez,debra16@example.com,debra16,1962-08-03,Female,South Stephanie,2024-02-08,2025-02-07,Monthly,0,0.40622642643308676,40.62,40.62,Medium,About to Leave,0.8095999999999999,0.17173333333333335,1,0,0,0,-67,4.8,0,0,Send renewal reminder | Offer Annual Plan discount | Recommend personalized content,
675,676,Peter Francis,lbradford@example.net,lbradford,1937-06-28,Female,Vargasberg,2024-01-27,2025-01-26,Annual,0,0.4016035672201287,40.16,40.16,Medium,About to Leave,0.8148000000000002,0.11066666666666668,0,0,1,0,-79,4.9,0,0,Send renewal reminder | Assign priority support | Recommend personalized content,
676,677,Dylan Woods,ramosbrittany@example.org,ramosbrittany,1959-01-14,Female,South Donaldview,2024-03-19,2025-03-19,Annual,0,0.2685535082294145,26.86,26.86,Low,Loyal,0.8488000000000001,0.32533333333333336,0,0,0,0,-27,4.4,0,0,Send renewal reminder | Recommend personalized content,Recommend premium Drama bundle | Recommend reading/documentary combo | Recommend mobile premium pack | Offer loyalty reward / premium upsell
677,678,Kathleen Bauer,pricejulia@example.com,pricejulia,1998-09-14,Male,Port Seanmouth,2024-01-05,2025-01-04,Monthly,0,0.39841492760169966,39.84,39.84,Medium,About to Leave,0.8148000000000001,0.17253333333333337,1,0,0,0,-101,4.9,0,0,Send renewal reminder | Offer Annual Plan discount | Recommend personalized content,
678,679,Robert Roberson,tylerhammond@example.net,tylerhammond,1961-10-18,Female,South Moniqueburgh,2024-02-15,2025-02-14,Annual,0,0.5273031688599432,52.73,52.73,Medium,About to Leave,0.6168,0.08053333333333332,0,0,0,1,-60,3.4,1,0,Send renewal reminder | Trigger engagement campaign | Collect feedback and offer service recovery | Recommend personalized content,
679,680,Faith Griffin,laceydavis@example.net,laceydavis,1991-04-18,Male,Rickytown,2024-03-10,2025-03-10,Annual,0,0.46839765484500134,46.84,46.84,Medium,About to Leave,0.6748000000000001,0.05418181818181819,0,0,1,0,-36,4.9,0,0,Send renewal reminder | Assign priority support | Recommend personalized content,
680,681,Daniel Lopez,anthonyarmstrong@example.net,anthonyarmstrong,1988-01-24,Male,Freemanstad,2024-03-14,2025-03-14,Monthly,0,0.5840810564255734,58.41,58.41,Medium,About to Leave,0.7132000000000001,0.09961904761904762,1,0,1,0,-32,4.1,1,0,Send renewal reminder | Offer Annual Plan discount | Assign priority support | Recommend personalized content,
681,682,Sylvia Butler,mitchellheidi@example.net,mitchellheidi,1988-09-24,Female,Greenberg,2024-02-06,2025-02-05,Monthly,0,0.47842343967436135,47.84,47.84,Medium,About to Leave,0.7136,0.14300000000000002,1,0,0,0,-69,4.3,1,0,Send renewal reminder | Offer Annual Plan discount | Recommend personalized content,
682,683,Kevin Dominguez,mileseric@example.com,mileseric,1994-07-28,Female,Davisberg,2024-01-22,2025-01-21,Monthly,0,0.45048571866728815,45.05,45.05,Medium,About to Leave,0.7488,0.5760000000000001,1,0,0,0,-84,4.4,0,0,Send renewal reminder | Offer Annual Plan discount | Recommend personalized content,
683,684,Jonathan Lucero,ubrown@example.org,ubrown,1954-07-17,Male,Loriborough,2024-01-19,2025-01-18,Annual,0,0.42941731246748527,42.94,42.94,Medium,About to Leave,0.6984000000000001,0.07792592592592593,0,0,1,0,-87,4.2,0,0,Send renewal reminder | Assign priority support | Recommend personalized content,
684,685,Lori Howe,smoran@example.org,smoran,1952-05-15,Male,Lake Donald,2024-01-16,2025-01-15,Annual,0,0.2838919743422698,28.39,28.39,Low,Loyal,0.8091999999999999,0.21266666666666667,0,0,0,0,-90,4.6,0,0,Send renewal reminder | Recommend personalized content,Recommend premium Action bundle | Recommend reading/documentary combo | Recommend mobile premium pack | Offer loyalty reward / premium upsell
685,686,James Ryan,davisjeffery@example.com,davisjeffery,1985-11-15,Male,Brandonmouth,2024-01-24,2025-01-23,Monthly,0,0.49517284972808584,49.52,49.52,Medium,About to Leave,0.702,0.13466666666666666,1,0,0,0,-82,3.5,1,0,Send renewal reminder | Offer Annual Plan discount | Recommend personalized content,
686,687,Catherine Fry,hcook@example.com,hcook,1934-01-15,Male,Angelatown,2024-02-16,2025-02-15,Monthly,0,0.4350098173320478,43.5,43.5,Medium,About to Leave,0.7796000000000001,0.18133333333333335,1,0,0,0,-59,4.8,0,0,Send renewal reminder | Offer Annual Plan discount | Recommend personalized content,
687,688,Mark Griffin,adrian56@example.net,adrian56,2000-05-12,Male,Cruzton,2024-03-31,2025-03-31,Annual,0,0.32211923284810173,32.21,32.21,Low,About to Leave,0.6724,0.1096,0,0,0,0,-15,3.7,0,0,Send renewal reminder | Recommend personalized content,
688,689,Maria Johnson,victoria08@example.org,victoria08,1980-12-18,Female,Aprilview,2024-02-26,2025-02-25,Monthly,0,0.5738787640072955,57.39,57.39,Medium,About to Leave,0.7416,0.1165,1,0,1,0,-49,3.3,1,0,Send renewal reminder | Offer Annual Plan discount | Assign priority support | Collect feedback and offer service recovery | Recommend personalized content,
689,690,Bradley Holmes,cwashington@example.net,cwashington,1953-03-30,Male,Richardview,2024-04-01,2025-04-01,Annual,0,0.32413043270682745,32.41,32.41,Low,About to Leave,0.696,0.21777777777777776,0,0,0,0,-14,3.0,0,0,Send renewal reminder | Collect feedback and offer service recovery | Recommend personalized content,
690,691,Alexandra Horton,daleruiz@example.com,daleruiz,1961-08-26,Male,Lake Melaniestad,2024-03-01,2025-03-01,Annual,0,0.2760764354605907,27.61,27.61,Low,Loyal,0.8028000000000001,0.8226666666666668,0,0,0,0,-45,3.9,0,0,Send renewal reminder | Recommend personalized content,Recommend premium Documentary bundle | Recommend premium device streaming bundle | Recommend family multi-screen plan | Offer loyalty reward / premium upsell
691,692,Jose Boyd,amanda22@example.com,amanda22,1936-10-21,Male,South Rebecca,2024-01-03,2025-01-02,Annual,0,0.23945532217579768,23.95,23.95,Low,Loyal,0.8548000000000001,0.19920000000000002,0,0,0,0,-103,4.9,0,0,Send renewal reminder | Recommend personalized content,Recommend premium Documentary bundle | Recommend reading/documentary combo | Recommend mobile premium pack | Offer loyalty reward / premium upsell
692,693,Brianna Fletcher,robertwinters@example.org,robertwinters,1976-09-13,Male,Lindaville,2024-01-20,2025-01-19,Annual,0,0.41865345886782196,41.87,41.87,Medium,About to Leave,0.7192000000000001,0.45066666666666666,0,0,0,1,-86,4.6,0,0,Send renewal reminder | Trigger engagement campaign | Recommend personalized content,
693,694,Jose Jensen,jacob63@example.org,jacob63,1983-06-16,Female,Lake Tiffanyberg,2024-03-26,2025-03-26,Monthly,0,0.4313013063244338,43.13,43.13,Medium,About to Leave,0.7228,0.556,1,0,0,0,-20,3.9,0,0,Send renewal reminder | Offer Annual Plan discount | Recommend personalized content,
694,695,Stephanie White,nicolepugh@example.com,nicolepugh,1978-01-12,Female,North Angela,2024-02-26,2025-02-25,Annual,0,0.3009616241597559,30.1,30.1,Low,About to Leave,0.7684000000000001,0.3506666666666667,0,0,0,0,-49,4.2,0,0,Send renewal reminder | Recommend personalized content,
695,696,Richard Villanueva DDS,austinrandy@example.com,austinrandy,1968-06-22,Female,Micheleberg,2024-03-20,2025-03-20,Annual,0,0.4314587414617377,43.15,43.15,Medium,About to Leave,0.6940000000000001,0.06484848484848485,0,0,1,0,-26,4.5,0,0,Send renewal reminder | Assign priority support | Recommend personalized content,
696,697,Anna Monroe,dcraig@example.com,dcraig,1958-08-06,Male,Port Sandraborough,2024-01-06,2025-01-05,Annual,0,0.2700516604345268,27.01,27.01,Low,Loyal,0.8048000000000001,0.1437777777777778,0,0,0,0,-100,4.9,0,0,Send renewal reminder | Recommend personalized content,Recommend premium Sci-Fi bundle | Recommend reading/documentary combo | Recommend offline mobile viewing pack | Offer loyalty reward / premium upsell
697,698,Mary Phillips,joseph59@example.org,joseph59,1938-09-16,Female,Martinburgh,2024-02-12,2025-02-11,Annual,0,0.29198305966170773,29.2,29.2,Low,Loyal,0.7524000000000001,0.6813333333333333,0,0,0,0,-63,3.7,0,0,Send renewal reminder | Recommend personalized content,Recommend premium Comedy bundle | Recommend premium device streaming bundle | Recommend offline mobile viewing pack
698,699,Matthew Roman,suarezamanda@example.org,suarezamanda,2000-02-27,Female,Lake Keith,2024-01-26,2025-01-25,Monthly,0,0.5960424789345364,59.6,59.6,Medium,About to Leave,0.7428000000000001,0.08690909090909092,1,0,1,0,-80,3.9,1,0,Send renewal reminder | Offer Annual Plan discount | Assign priority support | Recommend personalized content,
699,700,Andrew Santos,vanessacarlson@example.com,vanessacarlson,1960-07-14,Female,South Jenniferview,2024-01-05,2025-01-04,Annual,0,0.31526116741207894,31.53,31.53,Low,About to Leave,0.7536,0.17633333333333334,0,0,0,0,-101,4.3,0,0,Send renewal reminder | Recommend personalized content,
700,701,Hannah Murphy,kyleriley@example.org,kyleriley,1983-04-20,Female,Lake Edward,2024-03-03,2025-03-03,Monthly,0,0.42427882943878953,42.43,42.43,Medium,About to Leave,0.732,0.33666666666666667,1,0,0,0,-43,3.5,0,0,Send renewal reminder | Offer Annual Plan discount | Recommend personalized content,
701,702,Paul Graham,amyalexander@example.net,amyalexander,1977-12-17,Male,North Kristenberg,2024-04-01,2025-04-01,Monthly,0,0.4359040225287299,43.59,43.59,Medium,About to Leave,0.7272,0.22577777777777777,1,0,0,0,-14,3.6,0,0,Send renewal reminder | Offer Annual Plan discount | Recommend personalized content,
702,703,Laurie Hansen,mortonlori@example.com,mortonlori,1972-09-22,Male,East Jonathanhaven,2024-01-21,2025-01-20,Annual,0,0.4200956856821399,42.01,42.01,Medium,About to Leave,0.6628000000000001,0.07942857142857143,0,0,1,0,-85,3.9,0,0,Send renewal reminder | Assign priority support | Recommend personalized content,
703,704,Eric Benitez,elliottbrendan@example.net,elliottbrendan,1952-12-05,Male,West Antonioburgh,2024-01-22,2025-01-21,Annual,0,0.44854388853835125,44.85,44.85,Medium,About to Leave,0.6768000000000001,0.09561904761904762,0,0,1,0,-84,3.4,0,0,Send renewal reminder | Assign priority support | Collect feedback and offer service recovery | Recommend personalized content,
704,705,Daniel Smith,smalldaniel@example.org,smalldaniel,1969-02-14,Male,New Robert,2024-03-28,2025-03-28,Annual,0,0.3437884295433145,34.38,34.38,Low,About to Leave,0.6772,0.136,0,0,0,0,-18,3.6,0,0,Send renewal reminder | Recommend personalized content,
705,706,Michael Johnson,lrogers@example.org,lrogers,1996-07-03,Male,Andreastad,2024-02-17,2025-02-16,Monthly,0,0.4838178591907122,48.38,48.38,Medium,About to Leave,0.7092,0.09733333333333334,1,0,0,0,-58,4.6,1,0,Send renewal reminder | Offer Annual Plan discount | Recommend personalized content,
706,707,Tracy Sanders,gabrielle62@example.com,gabrielle62,1990-02-06,Female,North Jonathan,2024-02-14,2025-02-13,Monthly,0,0.6101347649600962,61.01,61.01,Medium,About to Leave,0.6464,0.39466666666666667,1,0,0,1,-61,3.2,1,0,Send renewal reminder | Offer Annual Plan discount | Trigger engagement campaign | Collect feedback and offer service recovery | Recommend personalized content,
707,708,Kendra Mitchell,brenda80@example.com,brenda80,1934-09-02,Female,Port Michaeltown,2024-02-06,2025-02-05,Monthly,0,0.5545332884746984,55.45,55.45,Medium,About to Leave,0.7628000000000001,0.10622222222222223,1,0,1,0,-69,3.9,1,0,Send renewal reminder | Offer Annual Plan discount | Assign priority support | Recommend personalized content,
708,709,Alexander Mckinney,brittanyjackson@example.org,brittanyjackson,1945-02-23,Female,West Matthew,2024-02-09,2025-02-08,Monthly,0,0.4248393549536264,42.48,42.48,Medium,About to Leave,0.7628,0.6893333333333334,1,0,0,0,-66,3.9,0,0,Send renewal reminder | Offer Annual Plan discount | Recommend personalized content,
709,710,Lisa Stark,ahammond@example.net,ahammond,1937-11-01,Male,Lake Amandaton,2024-03-29,2025-03-29,Monthly,0,0.4393320247770975,43.93,43.93,Medium,About to Leave,0.7280000000000001,0.56,1,0,0,0,-17,4.0,0,0,Send renewal reminder | Offer Annual Plan discount | Recommend personalized content,
710,711,Alexandria Gonzales,rjohnson@example.net,rjohnson,1943-06-03,Male,Harrismouth,2024-03-13,2025-03-13,Monthly,0,0.44462902571106633,44.46,44.46,Medium,About to Leave,0.726,0.19666666666666668,1,0,0,0,-33,3.0,0,0,Send renewal reminder | Offer Annual Plan discount | Collect feedback and offer service recovery | Recommend personalized content,
711,712,Jessica Travis,silvarobert@example.net,silvarobert,1968-03-27,Female,Walterchester,2024-01-18,2025-01-17,Annual,0,0.44318811853583145,44.32,44.32,Medium,About to Leave,0.6724000000000001,0.0757037037037037,0,0,1,0,-88,3.7,0,0,Send renewal reminder | Assign priority support | Recommend personalized content,
712,713,Robert Kelly,ramosamanda@example.org,ramosamanda,1947-12-27,Male,South Patricia,2024-03-02,2025-03-02,Annual,0,0.2983935019374251,29.84,29.84,Low,Loyal,0.73,0.10000000000000002,0,0,0,0,-44,5.0,0,0,Send renewal reminder | Recommend personalized content,Recommend premium Comedy bundle | Recommend reading/documentary combo | Recommend mobile premium pack
713,714,Susan Johnson,qprice@example.com,qprice,1986-07-25,Male,Lake Tiffany,2024-03-25,2025-03-25,Annual,0,0.42893344928350446,42.89,42.89,Medium,About to Leave,0.6616000000000001,0.08316666666666667,0,0,1,0,-21,3.3,0,0,Send renewal reminder | Assign priority support | Collect feedback and offer service recovery | Recommend personalized content,
714,715,Andrew Hill,jasminelopez@example.org,jasminelopez,1955-11-26,Male,Zacharychester,2024-01-22,2025-01-21,Monthly,0,0.512332385573682,51.23,51.23,Medium,About to Leave,0.8196,0.124,1,0,1,0,-84,4.8,1,0,Send renewal reminder | Offer Annual Plan discount | Assign priority support | Recommend personalized content,
715,716,Kathryn Carpenter,davidwise@example.net,davidwise,1987-12-11,Female,Meyerburgh,2024-01-28,2025-01-27,Monthly,0,0.5834860063004647,58.35,58.35,Medium,About to Leave,0.7088000000000001,0.07881481481481482,1,0,1,0,-78,4.4,1,0,Send renewal reminder | Offer Annual Plan discount | Assign priority support | Recommend personalized content,
716,717,Kimberly Lopez,patrickconrad@example.com,patrickconrad,1974-08-16,Male,New Carolborough,2024-02-26,2025-02-25,Monthly,0,0.5799855191015021,58.0,58.0,Medium,About to Leave,0.7040000000000001,0.07133333333333333,1,0,1,0,-49,4.5,1,0,Send renewal reminder | Offer Annual Plan discount | Assign priority support | Recommend personalized content,
717,718,Mr. David Silva,veronica52@example.org,veronica52,1961-06-22,Female,West Taylorhaven,2024-04-12,2025-04-12,Annual,0,0.24858122616150669,24.86,24.86,Low,Loyal,0.8388000000000001,0.24400000000000002,0,0,0,0,-3,4.4,0,0,Send renewal reminder | Recommend personalized content,Recommend premium device streaming bundle | Recommend family multi-screen plan | Offer loyalty reward / premium upsell
718,719,Christopher Pitts,danny75@example.com,danny75,1980-01-08,Female,New Phillip,2024-04-11,2025-04-11,Annual,0,0.31361303774791255,31.36,31.36,Low,About to Leave,0.7028,0.18533333333333335,0,0,0,0,-4,3.9,0,0,Send renewal reminder | Recommend personalized content,
719,720,Felicia Ortega,oliviabrown@example.com,oliviabrown,1972-06-21,Female,Danaland,2024-01-28,2025-01-27,Annual,0,0.45425424094135125,45.43,45.43,Medium,About to Leave,0.69,0.07777777777777778,0,0,0,1,-78,5.0,0,0,Send renewal reminder | Trigger engagement campaign | Recommend personalized content,
720,721,Logan Benson,peter03@example.org,peter03,1972-09-03,Female,Tinamouth,2024-01-24,2025-01-23,Annual,0,0.28731775425010686,28.73,28.73,Low,Loyal,0.742,0.6733333333333333,0,0,0,0,-82,3.5,0,0,Send renewal reminder | Recommend personalized content,Recommend premium Action bundle | Recommend lifestyle and family content pack | Recommend family multi-screen plan
721,722,Cheryl Lam,gcastro@example.com,gcastro,1951-12-28,Female,North Sarah,2024-03-25,2025-03-25,Annual,0,0.4407999868981455,44.08,44.08,Medium,About to Leave,0.6732,0.08057142857142859,0,0,1,0,-21,4.1,0,0,Send renewal reminder | Assign priority support | Recommend personalized content,
722,723,Donald Crawford,nsanchez@example.org,nsanchez,1952-05-17,Female,Powellmouth,2024-01-19,2025-01-18,Monthly,1,0.7678538046495498,76.79,76.79,High,About to Leave,0.6088000000000001,0.040242424242424246,1,0,1,1,-87,4.4,1,1,Send renewal reminder | Offer Annual Plan discount | Assign priority support | Trigger engagement campaign | Recommend personalized content,
723,724,Latoya Barrett,natashavargas@example.org,natashavargas,1979-01-26,Male,Haynesborough,2024-02-24,2025-02-23,Annual,0,0.28540920102455525,28.54,28.54,Low,Loyal,0.728,0.13866666666666666,0,0,0,0,-51,4.0,0,0,Send renewal reminder | Recommend personalized content,Recommend premium device streaming bundle | Recommend offline mobile viewing pack
724,725,Laura Howard,willie28@example.com,willie28,1975-02-24,Female,Port Josephside,2024-02-16,2025-02-15,Annual,0,0.4417750062750367,44.18,44.18,Medium,About to Leave,0.7428000000000001,0.08690909090909092,0,0,1,0,-59,3.9,0,0,Send renewal reminder | Assign priority support | Recommend personalized content,
725,726,Matthew Miller,chadtran@example.com,chadtran,1977-07-10,Female,South Russellshire,2024-04-04,2025-04-04,Annual,0,0.40110190174314486,40.11,40.11,Medium,About to Leave,0.7836000000000001,0.10800000000000001,0,0,1,0,-11,4.3,0,0,Send renewal reminder | Assign priority support | Recommend personalized content,
726,727,Mark Copeland,tramos@example.org,tramos,1969-07-10,Female,East Christina,2024-01-31,2025-01-30,Annual,0,0.36234088254128677,36.23,36.23,Medium,About to Leave,0.6676,0.09200000000000001,0,0,0,0,-75,3.8,0,0,Send renewal reminder | Recommend personalized content,
727,728,Donna Phillips,sanderson@example.org,sanderson,1989-05-24,Female,Floresview,2024-03-30,2025-03-30,Monthly,0,0.5601893184680559,56.02,56.02,Medium,About to Leave,0.7276000000000001,0.10233333333333335,1,0,1,0,-16,3.8,1,0,Send renewal reminder | Offer Annual Plan discount | Assign priority support | Recommend personalized content,
728,729,Nancy Brown,archerjoshua@example.com,archerjoshua,1948-04-06,Male,Waynefort,2024-01-02,2025-01-01,Annual,0,0.43225452632663397,43.23,43.23,Medium,About to Leave,0.7076000000000001,0.08186666666666667,0,0,1,0,-104,3.8,0,0,Send renewal reminder | Assign priority support | Recommend personalized content,
729,730,Deborah Owens,smithdouglas@example.net,smithdouglas,1971-12-24,Male,Williamsfort,2024-01-01,2024-12-31,Annual,0,0.3314930743317075,33.15,33.15,Low,About to Leave,0.6964,0.16533333333333333,0,0,0,0,-105,3.2,0,0,Send renewal reminder | Collect feedback and offer service recovery | Recommend personalized content,
730,731,Julian Smith,heidi88@example.net,heidi88,1986-04-15,Male,Reedland,2024-02-16,2025-02-15,Annual,0,0.45176063238390257,45.18,45.18,Medium,About to Leave,0.6976,0.09790476190476191,0,0,1,0,-59,3.8,0,0,Send renewal reminder | Assign priority support | Recommend personalized content,
731,732,Manuel Ortiz,rioskimberly@example.net,rioskimberly,1944-06-30,Male,Port Kevin,2024-02-22,2025-02-21,Monthly,0,0.6201725705329342,62.02,62.02,Medium,About to Leave,0.6312,0.06573333333333334,1,0,1,0,-53,3.1,1,0,Send renewal reminder | Offer Annual Plan discount | Assign priority support | Collect feedback and offer service recovery | Recommend personalized content,
732,733,Shawn Ray,xcraig@example.net,xcraig,2002-09-25,Male,Lake Antoniomouth,2024-01-14,2025-01-13,Annual,0,0.3942818205372754,39.43,39.43,Medium,About to Leave,0.7376,0.11695238095238096,0,0,1,0,-92,3.8,0,0,Send renewal reminder | Assign priority support | Recommend personalized content,
733,734,Vicki Bray,jasminematthews@example.net,jasminematthews,1979-02-28,Male,Alishaburgh,2024-01-03,2025-01-02,Monthly,0,0.4346822594761347,43.47,43.47,Medium,About to Leave,0.7612,0.18480000000000002,1,0,0,0,-103,3.1,0,0,Send renewal reminder | Offer Annual Plan discount | Collect feedback and offer service recovery | Recommend personalized content,
734,735,Jacob Hudson,lewischristine@example.org,lewischristine,1971-06-17,Female,Wendymouth,2024-02-22,2025-02-21,Annual,0,0.4811628936592378,48.12,48.12,Medium,About to Leave,0.6468,0.06693333333333333,0,0,1,0,-53,3.4,1,0,Send renewal reminder | Assign priority support | Collect feedback and offer service recovery | Recommend personalized content,
735,736,Melissa Brown,mariaking@example.com,mariaking,1962-10-28,Male,South Sandrachester,2024-01-07,2025-01-06,Monthly,0,0.414950013896759,41.5,41.5,Medium,About to Leave,0.8188000000000001,0.4213333333333334,1,0,0,0,-99,4.4,0,0,Send renewal reminder | Offer Annual Plan discount | Recommend personalized content,
736,737,Nathan Martinez,jameshernandez@example.com,jameshernandez,2005-06-14,Male,East Emilyton,2024-03-03,2025-03-03,Annual,0,0.47111263281540977,47.11,47.11,Medium,About to Leave,0.6896,0.09173333333333333,0,0,0,1,-43,4.8,0,0,Send renewal reminder | Trigger engagement campaign | Recommend personalized content,
737,738,Nathan Perry,abutler@example.net,abutler,1979-12-17,Female,West Victoria,2024-03-23,2025-03-23,Monthly,0,0.6085760115972032,60.86,60.86,Medium,About to Leave,0.6972,0.08106666666666668,1,0,1,0,-23,3.6,1,0,Send renewal reminder | Offer Annual Plan discount | Assign priority support | Recommend personalized content,
738,739,Amanda Herrera,lynnrichardson@example.org,lynnrichardson,1935-02-18,Male,East Francisco,2024-04-12,2025-04-12,Annual,0,0.2772065976582738,27.72,27.72,Low,Loyal,0.7744000000000001,0.18033333333333335,0,0,0,0,-3,4.7,0,0,Send renewal reminder | Recommend personalized content,Recommend premium Action bundle | Recommend premium device streaming bundle | Recommend offline mobile viewing pack | Offer loyalty reward / premium upsell
739,740,Joseph Booth,amandaatkins@example.org,amandaatkins,1951-02-13,Male,Kevinview,2024-02-19,2025-02-18,Annual,0,0.35868800071115947,35.87,35.87,Medium,About to Leave,0.6728,0.09266666666666667,0,0,0,0,-56,3.9,0,0,Send renewal reminder | Recommend personalized content,
740,741,John Davis,esmith@example.com,esmith,1967-04-12,Female,Lake Jamiebury,2024-04-07,2025-04-07,Annual,0,0.3019541928859903,30.2,30.2,Low,About to Leave,0.7368,0.6693333333333333,0,0,0,0,-8,3.4,0,0,Send renewal reminder | Collect feedback and offer service recovery | Recommend personalized content,
741,742,Kristine Anderson,usmith@example.com,usmith,1942-05-23,Male,East Tammy,2024-02-14,2025-02-13,Annual,0,0.4649256268787237,46.49,46.49,Medium,About to Leave,0.7012,0.084,0,0,1,0,-61,3.1,0,0,Send renewal reminder | Assign priority support | Collect feedback and offer service recovery | Recommend personalized content,
742,743,Joseph Webster,danielsims@example.org,danielsims,1947-02-07,Male,Willisfort,2024-03-22,2025-03-22,Annual,0,0.47097248309211553,47.1,47.1,Medium,About to Leave,0.6172000000000001,0.054400000000000004,0,0,1,0,-24,3.6,0,0,Send renewal reminder | Assign priority support | Recommend personalized content,
743,744,Eric Whitney,sgreen@example.com,sgreen,1973-07-14,Male,Valentinefurt,2024-01-04,2025-01-03,Annual,0,0.39556456378942045,39.56,39.56,Medium,About to Leave,0.7796,0.10733333333333334,0,0,1,0,-102,4.8,0,0,Send renewal reminder | Assign priority support | Recommend personalized content,
744,745,Paul Fernandez,patkinson@example.org,patkinson,1989-07-13,Male,Reyesshire,2024-03-10,2025-03-10,Annual,0,0.26312395609698563,26.31,26.31,Low,Loyal,0.8084,0.16133333333333336,0,0,0,0,-36,4.2,0,0,Send renewal reminder | Recommend personalized content,Recommend lifestyle and family content pack | Recommend family multi-screen plan | Offer loyalty reward / premium upsell
745,746,Cristina Mcmillan,sharon91@example.org,sharon91,1992-05-16,Male,New Matthew,2024-02-15,2025-02-14,Annual,0,0.41661199606997135,41.66,41.66,Medium,About to Leave,0.6976,0.09790476190476191,0,0,1,0,-60,3.8,0,0,Send renewal reminder | Assign priority support | Recommend personalized content,
746,747,Ashley Thomas,nguyenpaula@example.org,nguyenpaula,1964-11-23,Male,South Raymondville,2024-02-22,2025-02-21,Monthly,0,0.38599250188305767,38.6,38.6,Medium,About to Leave,0.8748000000000001,0.332,1,0,0,0,-53,4.9,0,0,Send renewal reminder | Offer Annual Plan discount | Recommend personalized content,
747,748,Laura James,bryanjones@example.com,bryanjones,1991-02-15,Male,Karatown,2024-03-03,2025-03-03,Annual,0,0.2629094327906908,26.29,26.29,Low,Loyal,0.7876000000000001,0.4093333333333334,0,0,0,0,-43,3.8,0,0,Send renewal reminder | Recommend personalized content,Recommend premium Action bundle | Recommend premium device streaming bundle | Recommend offline mobile viewing pack | Offer loyalty reward / premium upsell
748,749,Sonia Hensley,dgarcia@example.net,dgarcia,1947-09-29,Female,Alexanderchester,2024-02-25,2025-02-24,Monthly,0,0.45056645273406154,45.06,45.06,Medium,About to Leave,0.7196,0.09866666666666668,1,0,0,0,-50,4.8,0,0,Send renewal reminder | Offer Annual Plan discount | Recommend personalized content,
749,750,Curtis Ray,thomas53@example.net,thomas53,1965-04-29,Female,Travisport,2024-03-31,2025-03-31,Monthly,0,0.42020253682090597,42.02,42.02,Medium,About to Leave,0.7540000000000001,0.5800000000000001,1,0,0,0,-15,4.5,0,0,Send renewal reminder | Offer Annual Plan discount | Recommend personalized content,
750,751,Hannah Bolton,njohnson@example.org,njohnson,1935-09-14,Female,New Carolborough,2024-01-01,2024-12-31,Annual,0,0.3137068441984464,31.37,31.37,Low,About to Leave,0.7276,0.17133333333333334,0,0,0,0,-105,3.8,0,0,Send renewal reminder | Recommend personalized content,
751,752,Curtis Anderson,goldenrachel@example.net,goldenrachel,1947-02-11,Female,Burkechester,2024-01-07,2025-01-06,Monthly,0,0.4308295449702457,43.08,43.08,Medium,About to Leave,0.7696000000000001,0.14506666666666668,1,0,0,0,-99,4.8,0,0,Send renewal reminder | Offer Annual Plan discount | Recommend personalized content,
752,753,Luis Wells,shanesmith@example.org,shanesmith,1935-02-10,Female,Port Robertbury,2024-02-28,2025-02-27,Monthly,0,0.629277678256805,62.93,62.93,Medium,About to Leave,0.6480000000000001,0.06222222222222223,1,0,1,0,-47,4.0,1,0,Send renewal reminder | Offer Annual Plan discount | Assign priority support | Recommend personalized content,
753,754,Carmen Allen,tfloyd@example.org,tfloyd,2003-12-30,Male,Collinsfurt,2024-01-28,2025-01-27,Annual,0,0.641106449288328,64.11,64.11,Medium,About to Leave,0.5876000000000001,0.04186666666666667,0,0,1,1,-78,3.8,1,0,Send renewal reminder | Assign priority support | Trigger engagement campaign | Recommend personalized content,
754,755,Sherry Anderson,jameswagner@example.net,jameswagner,1973-10-27,Female,West Carolmouth,2024-03-23,2025-03-23,Annual,0,0.4370939888936532,43.71,43.71,Medium,About to Leave,0.6680000000000001,0.08,0,0,1,0,-23,4.0,0,0,Send renewal reminder | Assign priority support | Recommend personalized content,
755,756,Matthew Mcclure,jknight@example.net,jknight,2000-11-07,Male,Jonesfort,2024-03-16,2025-03-16,Annual,0,0.32024930943439156,32.02,32.02,Low,About to Leave,0.6832,0.09400000000000001,0,0,0,0,-30,4.1,0,0,Send renewal reminder | Recommend personalized content,
756,757,James Fry,robertkim@example.org,robertkim,1994-05-02,Male,Donovantown,2024-04-14,2025-04-14,Annual,0,0.25728187522991347,25.73,25.73,Low,Loyal,0.7592000000000001,0.5840000000000001,0,0,0,0,-1,4.6,0,0,Send renewal reminder | Recommend personalized content,Recommend lifestyle and family content pack | Recommend offline mobile viewing pack
757,758,Jerry Johnson,anthonymeza@example.org,anthonymeza,1951-06-13,Male,Kristaton,2024-03-18,2025-03-18,Annual,0,0.3895343888323564,38.95,38.95,Medium,About to Leave,0.7896,0.09018181818181818,0,0,1,0,-28,4.8,0,0,Send renewal reminder | Assign priority support | Recommend personalized content,
758,759,Felicia Taylor,cmcdonald@example.net,cmcdonald,1956-06-15,Female,Barbaraport,2024-03-21,2025-03-21,Annual,0,0.44729116611713365,44.73,44.73,Medium,About to Leave,0.6676000000000001,0.06853333333333333,0,0,1,0,-25,3.8,0,0,Send renewal reminder | Assign priority support | Recommend personalized content,
759,760,Michael Flowers,brandon64@example.com,brandon64,1976-01-28,Male,North Katie,2024-01-31,2025-01-30,Annual,0,0.43288100058262363,43.29,43.29,Medium,About to Leave,0.682,0.07333333333333335,0,0,1,0,-75,3.5,0,0,Send renewal reminder | Assign priority support | Recommend personalized content,
760,761,Patrick Robinson,bakercandace@example.com,bakercandace,1976-12-14,Male,South Omarton,2024-02-16,2025-02-15,Annual,0,0.28207295293924595,28.21,28.21,Low,Loyal,0.8332,0.32133333333333336,0,0,0,0,-59,4.1,0,0,Send renewal reminder | Recommend personalized content,Recommend lifestyle and family content pack | Recommend mobile premium pack | Offer loyalty reward / premium upsell
761,762,Cynthia Walker,wilsonnicole@example.net,wilsonnicole,1936-11-05,Female,Mahoneyside,2024-03-21,2025-03-21,Annual,0,0.304743311452962,30.47,30.47,Low,About to Leave,0.7628,0.16453333333333336,0,0,0,0,-25,3.9,0,0,Send renewal reminder | Recommend personalized content,
762,763,Katherine Ramirez,bhicks@example.net,bhicks,1952-05-14,Female,Nicoleville,2024-01-12,2025-01-11,Annual,0,0.41985550311427394,41.99,41.99,Medium,About to Leave,0.6716,0.09504761904761905,0,0,1,0,-94,3.3,0,0,Send renewal reminder | Assign priority support | Collect feedback and offer service recovery | Recommend personalized content,
763,764,Amber Baker,kelly66@example.net,kelly66,1965-08-22,Female,North David,2024-03-01,2025-03-01,Annual,0,0.4245355827671944,42.45,42.45,Medium,About to Leave,0.6612,0.09390476190476191,0,0,1,0,-45,3.1,0,0,Send renewal reminder | Assign priority support | Collect feedback and offer service recovery | Recommend personalized content,
764,765,Hannah Rivera,victoriacook@example.net,victoriacook,1934-10-09,Male,Lake Stephanie,2024-02-14,2025-02-13,Annual,0,0.469737948980016,46.97,46.97,Medium,About to Leave,0.6488,0.05236363636363637,0,0,1,0,-61,4.4,0,0,Send renewal reminder | Assign priority support | Recommend personalized content,
765,766,John Porter,mallorytrujillo@example.com,mallorytrujillo,1985-02-11,Female,Anitahaven,2024-01-16,2025-01-15,Monthly,0,0.5770769704710558,57.71,57.71,Medium,About to Leave,0.7384000000000002,0.09274074074074075,1,0,1,0,-90,4.2,1,0,Send renewal reminder | Offer Annual Plan discount | Assign priority support | Recommend personalized content,
766,767,Roy Yu,kellystuart@example.net,kellystuart,1951-12-21,Male,East Aaron,2024-01-29,2025-01-28,Monthly,0,0.4662895767899467,46.63,46.63,Medium,About to Leave,0.7576,0.16373333333333334,1,0,0,0,-77,3.8,0,0,Send renewal reminder | Offer Annual Plan discount | Recommend personalized content,
767,768,Virginia Mathis,sarahprince@example.com,sarahprince,1999-07-09,Male,Port Tyler,2024-03-18,2025-03-18,Annual,0,0.4766297114353984,47.66,47.66,Medium,About to Leave,0.6619999999999999,0.07481481481481482,0,0,1,0,-28,3.5,1,0,Send renewal reminder | Assign priority support | Recommend personalized content,
768,769,Ricky Dougherty,mathisrichard@example.org,mathisrichard,1952-12-25,Male,Kimberlyfort,2024-01-25,2025-01-24,Monthly,0,0.6061577703350851,60.62,60.62,Medium,About to Leave,0.7096000000000001,0.06593939393939395,1,0,1,0,-81,4.8,1,0,Send renewal reminder | Offer Annual Plan discount | Assign priority support | Recommend personalized content,
769,770,Andrea Kennedy,amybarron@example.net,amybarron,1974-09-04,Male,West Jenniferfurt,2024-02-23,2025-02-22,Monthly,0,0.5701976305310273,57.02,57.02,Medium,About to Leave,0.6876000000000001,0.08566666666666667,1,0,1,0,-52,3.8,1,0,Send renewal reminder | Offer Annual Plan discount | Assign priority support | Recommend personalized content,
770,771,Heather Wood,adamsstephanie@example.com,adamsstephanie,1951-04-30,Male,Richardsonland,2024-01-16,2025-01-15,Monthly,0,0.38658591582977453,38.66,38.66,Medium,About to Leave,0.8096000000000001,0.7253333333333334,1,0,0,0,-90,4.8,0,0,Send renewal reminder | Offer Annual Plan discount | Recommend personalized content,
771,772,Zachary Simon,mlogan@example.org,mlogan,1979-05-26,Male,West Jared,2024-02-03,2025-02-02,Annual,0,0.30561549339773614,30.56,30.56,Low,About to Leave,0.768,0.16533333333333336,0,0,0,0,-72,4.0,0,0,Send renewal reminder | Recommend personalized content,
772,773,Rachel Wolf,salinasrobert@example.org,salinasrobert,1997-03-31,Female,Port Markland,2024-01-30,2025-01-29,Annual,0,0.23212253378359696,23.21,23.21,Low,Loyal,0.8096000000000001,0.7253333333333334,0,0,0,0,-76,4.8,0,0,Send renewal reminder | Recommend personalized content,Recommend lifestyle and family content pack | Recommend offline mobile viewing pack | Offer loyalty reward / premium upsell
773,774,Donald Wilson,reynoldsallison@example.com,reynoldsallison,2002-02-02,Male,New Cherylstad,2024-01-15,2025-01-14,Annual,0,0.2755162681926476,27.55,27.55,Low,Loyal,0.7648,0.29800000000000004,0,0,0,0,-91,4.9,0,0,Send renewal reminder | Recommend personalized content,Recommend reading/documentary combo | Recommend offline mobile viewing pack | Offer loyalty reward / premium upsell
774,775,Anthony Parsons,daniel11@example.com,daniel11,1990-01-01,Male,Lake Williamville,2024-03-27,2025-03-27,Annual,0,0.2959087764515936,29.59,29.59,Low,Loyal,0.682,0.18000000000000002,0,0,0,0,-19,3.5,0,0,Send renewal reminder | Recommend personalized content,Recommend premium Sci-Fi bundle | Recommend reading/documentary combo | Recommend family multi-screen plan
775,776,Evan Gillespie,mcneildiane@example.net,mcneildiane,1968-04-10,Male,Holtborough,2024-02-28,2025-02-27,Annual,0,0.4146720665019742,41.47,41.47,Medium,About to Leave,0.7328000000000001,0.10283333333333335,0,0,1,0,-47,3.9,0,0,Send renewal reminder | Assign priority support | Recommend personalized content,
776,777,Taylor Goodwin,ypace@example.com,ypace,1972-05-04,Male,North Scottmouth,2024-03-06,2025-03-06,Monthly,0,0.5248662745829556,52.49,52.49,Medium,About to Leave,0.6312,0.08733333333333333,1,0,0,0,-40,3.1,1,0,Send renewal reminder | Offer Annual Plan discount | Collect feedback and offer service recovery | Recommend personalized content,
777,778,Sarah Hart,williamsemily@example.org,williamsemily,1978-02-12,Male,East Brandontown,2024-01-02,2025-01-01,Annual,0,0.5034867068208475,50.35,50.35,Medium,About to Leave,0.6063999999999999,0.07893333333333333,0,0,0,1,-104,3.2,1,0,Send renewal reminder | Trigger engagement campaign | Collect feedback and offer service recovery | Recommend personalized content,
778,779,Paul Chan,kathleen19@example.org,kathleen19,2001-11-20,Female,Mcconnellland,2024-03-26,2025-03-26,Annual,0,0.43033372761638583,43.03,43.03,Medium,About to Leave,0.6728000000000001,0.06893333333333333,0,0,1,0,-20,3.9,0,0,Send renewal reminder | Assign priority support | Recommend personalized content,
779,780,Laurie Freeman,peggy16@example.org,peggy16,1955-12-30,Female,New Jamietown,2024-01-22,2025-01-21,Annual,0,0.46876664128377465,46.88,46.88,Medium,About to Leave,0.6836000000000001,0.06412121212121212,0,0,1,0,-84,4.3,0,0,Send renewal reminder | Assign priority support | Recommend personalized content,
780,781,Richard Adams,dtaylor@example.org,dtaylor,1968-07-31,Female,Jordanport,2024-01-08,2025-01-07,Monthly,0,0.4262691745009196,42.63,42.63,Medium,About to Leave,0.7628,0.16453333333333336,1,0,0,0,-98,3.9,0,0,Send renewal reminder | Offer Annual Plan discount | Recommend personalized content,
781,782,Ana Taylor,jody55@example.net,jody55,1995-08-15,Female,Jessicaberg,2024-02-23,2025-02-22,Monthly,0,0.44030640056914394,44.03,44.03,Medium,About to Leave,0.784,0.14111111111111113,1,0,0,0,-52,4.5,0,0,Send renewal reminder | Offer Annual Plan discount | Recommend personalized content,
782,783,Jeffrey Greer,yparsons@example.net,yparsons,2002-03-11,Male,Port Shane,2024-01-22,2025-01-21,Monthly,0,0.6513017226592343,65.13,65.13,High,About to Leave,0.6176,0.05018181818181819,1,0,1,0,-84,3.8,1,0,Send renewal reminder | Offer Annual Plan discount | Assign priority support | Recommend personalized content,
783,784,Nicole Edwards,alfredrhodes@example.com,alfredrhodes,1935-06-03,Female,West Michaeltown,2024-02-27,2025-02-26,Monthly,0,0.4142458060269737,41.42,41.42,Medium,About to Leave,0.772,0.4033333333333334,1,0,0,0,-48,3.5,0,0,Send renewal reminder | Offer Annual Plan discount | Recommend personalized content,
784,785,Melissa Bowman,noah52@example.com,noah52,1963-11-28,Male,South Christopher,2024-01-02,2025-01-01,Annual,0,0.4555954288476451,45.56,45.56,Medium,About to Leave,0.6112000000000001,0.0655,0,0,1,0,-104,3.1,0,0,Send renewal reminder | Assign priority support | Collect feedback and offer service recovery | Recommend personalized content,
785,786,Steve Hurst,rgonzales@example.com,rgonzales,1994-04-27,Male,Catherineton,2024-02-08,2025-02-07,Annual,0,0.468016928677826,46.8,46.8,Medium,About to Leave,0.6672,0.07525925925925926,0,0,1,0,-67,3.6,0,0,Send renewal reminder | Assign priority support | Recommend personalized content,
786,787,Roger Webb,zflores@example.com,zflores,1991-10-12,Female,Thomaschester,2024-03-29,2025-03-29,Annual,0,0.4597060614793967,45.97,45.97,Medium,About to Leave,0.6516,0.07392592592592592,0,0,1,0,-17,3.3,0,0,Send renewal reminder | Assign priority support | Collect feedback and offer service recovery | Recommend personalized content,
787,788,Kelsey Miller,richardmcpherson@example.net,richardmcpherson,1977-07-24,Male,Marytown,2024-01-25,2025-01-24,Annual,0,0.3349157315646517,33.49,33.49,Low,About to Leave,0.6859999999999999,0.16333333333333333,0,0,0,0,-81,3.0,0,0,Send renewal reminder | Collect feedback and offer service recovery | Recommend personalized content,
788,789,Darlene Edwards,xreed@example.net,xreed,1941-09-07,Female,Deannabury,2024-02-29,2025-02-28,Monthly,0,0.6332334129729318,63.32,63.32,Medium,About to Leave,0.6436000000000001,0.052000000000000005,1,0,1,0,-46,4.3,1,0,Send renewal reminder | Offer Annual Plan discount | Assign priority support | Recommend personalized content,
789,790,Samantha Wang,cmoreno@example.org,cmoreno,1997-03-26,Male,Wrightchester,2024-02-18,2025-02-17,Annual,0,0.41617545562917246,41.62,41.62,Medium,About to Leave,0.6912,0.09883333333333334,0,0,1,0,-57,3.1,0,0,Send renewal reminder | Assign priority support | Collect feedback and offer service recovery | Recommend personalized content,
790,791,Rachel Bartlett,christopher09@example.net,christopher09,1994-05-14,Male,Port Jefferystad,2024-01-28,2025-01-27,Annual,0,0.2975277994801375,29.75,29.75,Low,Loyal,0.7532,0.23244444444444445,0,0,0,0,-78,4.1,0,0,Send renewal reminder | Recommend personalized content,Recommend premium Action bundle | Recommend premium device streaming bundle | Recommend offline mobile viewing pack
791,792,Denise Cain,michaeltownsend@example.com,michaeltownsend,1965-05-24,Female,Oconnellmouth,2024-01-15,2025-01-14,Annual,0,0.42844502487937763,42.84,42.84,Medium,About to Leave,0.7224000000000002,0.10183333333333335,0,0,1,0,-91,3.7,0,0,Send renewal reminder | Assign priority support | Recommend personalized content,
792,793,Monique Morris,christinapratt@example.com,christinapratt,1965-07-13,Female,Jamesfort,2024-04-11,2025-04-11,Annual,0,0.2986677492797095,29.87,29.87,Low,Loyal,0.6876,0.138,0,0,0,0,-4,3.8,0,0,Send renewal reminder | Recommend personalized content,Recommend premium Sci-Fi bundle | Recommend lifestyle and family content pack | Recommend family multi-screen plan
793,794,Brian Chan MD,joseph96@example.com,joseph96,1970-02-26,Female,Harperborough,2024-03-05,2025-03-05,Monthly,1,0.7682663431766628,76.83,76.83,High,About to Leave,0.6488,0.06323809523809525,1,0,1,1,-41,4.4,1,1,Send renewal reminder | Offer Annual Plan discount | Assign priority support | Trigger engagement campaign | Recommend personalized content,
794,795,Thomas Bradley,hayden35@example.net,hayden35,1948-02-14,Male,New Amandaview,2024-02-01,2025-01-31,Annual,0,0.42506030346291934,42.51,42.51,Medium,About to Leave,0.7644000000000002,0.09496296296296297,0,0,1,0,-74,4.7,0,0,Send renewal reminder | Assign priority support | Recommend personalized content,
795,796,Andrea Montgomery,huangnicholas@example.net,huangnicholas,1991-03-10,Male,Lake Sarah,2024-01-09,2025-01-08,Monthly,0,0.4494528464237929,44.95,44.95,Medium,About to Leave,0.7028,0.18533333333333335,1,0,0,0,-97,3.9,0,0,Send renewal reminder | Offer Annual Plan discount | Recommend personalized content,
796,797,Mallory Castro,erica88@example.net,erica88,1939-12-30,Female,South Harry,2024-03-03,2025-03-03,Monthly,0,0.6132453538476935,61.32,61.32,Medium,About to Leave,0.6112000000000001,0.0655,1,0,1,0,-43,3.1,1,0,Send renewal reminder | Offer Annual Plan discount | Assign priority support | Collect feedback and offer service recovery | Recommend personalized content,
797,798,Jamie Mitchell,brianwatkins@example.net,brianwatkins,1964-11-16,Female,Shelbyhaven,2024-01-07,2025-01-06,Monthly,0,0.48123948570114533,48.12,48.12,Medium,About to Leave,0.666,0.26,1,0,0,0,-99,3.0,1,0,Send renewal reminder | Offer Annual Plan discount | Collect feedback and offer service recovery | Recommend personalized content,
798,799,Wanda Johnson,lewisrobert@example.com,lewisrobert,1993-03-08,Male,New Dana,2024-02-19,2025-02-18,Annual,0,0.27043482664942536,27.04,27.04,Low,Loyal,0.8336,0.24300000000000002,0,0,0,0,-56,4.3,0,0,Send renewal reminder | Recommend personalized content,Recommend premium Action bundle | Recommend reading/documentary combo | Recommend family multi-screen plan | Offer loyalty reward / premium upsell
799,800,Angela Barnes,laura45@example.net,laura45,1933-04-26,Male,North Kathleentown,2024-03-03,2025-03-03,Monthly,0,0.630553182929956,63.06,63.06,Medium,About to Leave,0.6264000000000001,0.07542857142857143,1,0,1,0,-43,3.2,1,0,Send renewal reminder | Offer Annual Plan discount | Assign priority support | Collect feedback and offer service recovery | Recommend personalized content,
800,801,Benjamin Guzman,kimberlyblake@example.net,kimberlyblake,1959-12-09,Male,Fergusonton,2024-02-25,2025-02-24,Annual,0,0.4133065681308718,41.33,41.33,Medium,About to Leave,0.7196000000000001,0.07253333333333334,0,0,1,0,-50,4.8,0,0,Send renewal reminder | Assign priority support | Recommend personalized content,
801,802,Eric Edwards,laurarodriguez@example.com,laurarodriguez,1961-01-08,Male,Lake Lisa,2024-03-12,2025-03-12,Annual,0,0.3003791127364953,30.04,30.04,Low,About to Leave,0.7080000000000001,0.18666666666666668,0,0,0,0,-34,4.0,0,0,Send renewal reminder | Recommend personalized content,
802,803,Priscilla Jacobs,brandon94@example.com,brandon94,1990-10-13,Male,Silvahaven,2024-01-19,2025-01-18,Annual,0,0.28333026841814646,28.33,28.33,Low,Loyal,0.7796000000000001,0.18133333333333335,0,0,0,0,-87,4.8,0,0,Send renewal reminder | Recommend personalized content,Recommend reading/documentary combo | Recommend family multi-screen plan | Offer loyalty reward / premium upsell
803,804,Melissa Peterson,kwalters@example.com,kwalters,1940-06-05,Female,Juarezview,2024-01-19,2025-01-18,Monthly,0,0.6127177820958138,61.27,61.27,Medium,About to Leave,0.7028000000000001,0.07478787878787879,1,0,1,0,-87,3.9,1,0,Send renewal reminder | Offer Annual Plan discount | Assign priority support | Recommend personalized content,
804,805,Jeffrey Hays,sandersjohn@example.org,sandersjohn,1997-10-14,Male,Lake Christopher,2024-02-10,2025-02-09,Monthly,0,0.5524752513986254,55.25,55.25,Medium,About to Leave,0.7444000000000002,0.10304761904761905,1,0,1,0,-65,4.7,1,0,Send renewal reminder | Offer Annual Plan discount | Assign priority support | Recommend personalized content,
805,806,Preston Molina,qfisher@example.net,qfisher,1977-12-29,Male,Lake Matthew,2024-01-07,2025-01-06,Monthly,0,0.5563027861809536,55.63,55.63,Medium,About to Leave,0.7148000000000001,0.08514285714285716,1,0,1,0,-99,4.9,1,0,Send renewal reminder | Offer Annual Plan discount | Assign priority support | Recommend personalized content,
806,807,Sherry Walter,burnsamber@example.com,burnsamber,2003-10-26,Male,South Johnmouth,2024-04-12,2025-04-12,Monthly,0,0.6048338933651493,60.48,60.48,Medium,About to Leave,0.716,0.10222222222222223,1,0,1,0,-3,3.0,1,0,Send renewal reminder | Offer Annual Plan discount | Assign priority support | Collect feedback and offer service recovery | Recommend personalized content,
807,808,Kimberly Cooper,robert47@example.com,robert47,1973-06-15,Female,New Josephfurt,2024-03-26,2025-03-26,Annual,0,0.31450598018504516,31.45,31.45,Low,About to Leave,0.6976,0.18400000000000002,0,0,0,0,-20,3.8,0,0,Send renewal reminder | Recommend personalized content,
808,809,Lauren Dudley,smithjane@example.org,smithjane,1978-11-18,Female,Barnesport,2024-01-10,2025-01-09,Annual,0,0.48437089061318583,48.44,48.44,Medium,About to Leave,0.6940000000000001,0.14888888888888888,0,0,0,1,-96,4.5,1,0,Send renewal reminder | Trigger engagement campaign | Recommend personalized content,
809,810,Heather Mosley,ucarpenter@example.org,ucarpenter,1992-11-24,Female,South Samantha,2024-02-23,2025-02-22,Annual,0,0.2786451946160776,27.86,27.86,Low,Loyal,0.736,0.26222222222222225,0,0,0,0,-52,3.0,0,0,Send renewal reminder | Collect feedback and offer service recovery | Recommend personalized content,Recommend premium Documentary bundle | Recommend premium device streaming bundle | Recommend offline mobile viewing pack
810,811,Casey Collins,fyoung@example.org,fyoung,1942-03-27,Male,South Jonathanland,2024-02-19,2025-02-18,Annual,0,0.278167217216691,27.82,27.82,Low,Loyal,0.794,0.7133333333333334,0,0,0,0,-56,4.5,0,0,Send renewal reminder | Recommend personalized content,Recommend premium Documentary bundle | Recommend reading/documentary combo | Recommend offline mobile viewing pack | Offer loyalty reward / premium upsell
811,812,Hailey Blevins,rioscynthia@example.net,rioscynthia,1947-09-26,Male,South James,2024-03-14,2025-03-14,Monthly,0,0.5761157048880416,57.61,57.61,Medium,About to Leave,0.7028000000000001,0.09847619047619048,1,0,1,0,-32,3.9,1,0,Send renewal reminder | Offer Annual Plan discount | Assign priority support | Recommend personalized content,
812,813,Christine Hayden,uwalker@example.org,uwalker,1962-08-12,Female,Port Martha,2024-01-14,2025-01-13,Annual,0,0.46079532110455607,46.08,46.08,Medium,About to Leave,0.7024000000000001,0.08146666666666667,0,0,1,0,-92,3.7,0,0,Send renewal reminder | Assign priority support | Recommend personalized content,
813,814,Amber Clark,clementsrichard@example.net,clementsrichard,1994-04-17,Male,Perkinsside,2024-04-12,2025-04-12,Monthly,0,0.5481496991714676,54.81,54.81,Medium,About to Leave,0.8,0.12380952380952381,1,0,1,0,-3,5.0,1,0,Send renewal reminder | Offer Annual Plan discount | Assign priority support | Recommend personalized content,
814,815,Mark Sims,carolyn88@example.net,carolyn88,1953-12-25,Male,North Steven,2024-01-28,2025-01-27,Monthly,0,0.6066433086452804,60.66,60.66,Medium,About to Leave,0.6948000000000001,0.06622222222222224,1,0,1,0,-78,4.9,1,0,Send renewal reminder | Offer Annual Plan discount | Assign priority support | Recommend personalized content,
815,816,Patrick Rosales,kaitlynoliver@example.org,kaitlynoliver,1941-09-09,Male,Port Lauriefort,2024-03-06,2025-03-06,Monthly,0,0.5852852447620989,58.53,58.53,Medium,About to Leave,0.734,0.10190476190476191,1,0,1,0,-40,4.5,1,0,Send renewal reminder | Offer Annual Plan discount | Assign priority support | Recommend personalized content,
816,817,James Delgado,summerstheresa@example.com,summerstheresa,1939-12-28,Female,Harringtonville,2024-02-22,2025-02-21,Annual,0,0.3195765243552909,31.96,31.96,Low,About to Leave,0.7388,0.11822222222222223,0,0,0,0,-53,4.4,0,0,Send renewal reminder | Recommend personalized content,
817,818,Todd Anderson,jamie78@example.com,jamie78,1997-03-28,Female,North Erika,2024-03-17,2025-03-17,Monthly,0,0.38908472000006733,38.91,38.91,Medium,About to Leave,0.8248000000000001,0.2156666666666667,1,0,0,0,-29,4.9,0,0,Send renewal reminder | Offer Annual Plan discount | Recommend personalized content,
818,819,Tanya Ruiz,moorejames@example.com,moorejames,1969-05-09,Male,Lake Nichole,2024-04-07,2025-04-07,Monthly,0,0.5926914565847656,59.27,59.27,Medium,About to Leave,0.6376,0.06133333333333334,1,0,1,0,-8,3.8,1,0,Send renewal reminder | Offer Annual Plan discount | Assign priority support | Recommend personalized content,
819,820,Wendy Rodriguez,amclaughlin@example.net,amclaughlin,1982-07-08,Male,Obrienchester,2024-03-16,2025-03-16,Monthly,1,0.804960762816865,80.5,80.5,High,About to Leave,0.5972000000000001,0.05133333333333333,1,0,1,1,-30,3.6,1,1,Send renewal reminder | Offer Annual Plan discount | Assign priority support | Trigger engagement campaign | Recommend personalized content,
820,821,Susan Forbes,snelson@example.com,snelson,1987-01-25,Female,Waynefurt,2024-03-15,2025-03-15,Annual,0,0.394223287856808,39.42,39.42,Medium,About to Leave,0.76,0.10476190476190476,0,0,1,0,-31,5.0,0,0,Send renewal reminder | Assign priority support | Recommend personalized content,
821,822,Matthew Walker,gabrielramirez@example.net,gabrielramirez,1981-01-27,Female,Jenniferland,2024-03-26,2025-03-26,Annual,0,0.4396292145553679,43.96,43.96,Medium,About to Leave,0.7248000000000001,0.23133333333333334,0,0,0,1,-20,4.9,0,0,Send renewal reminder | Trigger engagement campaign | Recommend personalized content,
822,823,Robert Weaver,thompsoncolleen@example.org,thompsoncolleen,2002-04-03,Male,Dudleybury,2024-02-03,2025-02-02,Annual,0,0.3301862126028371,33.02,33.02,Low,About to Leave,0.6616,0.133,0,0,0,0,-72,3.3,0,0,Send renewal reminder | Collect feedback and offer service recovery | Recommend personalized content,
823,824,Elizabeth Lambert,qmccarthy@example.net,qmccarthy,1986-03-19,Female,Port Mary,2024-01-07,2025-01-06,Monthly,0,0.5988430734411493,59.88,59.88,Medium,About to Leave,0.6936000000000001,0.07053333333333334,1,0,1,0,-99,4.3,1,0,Send renewal reminder | Offer Annual Plan discount | Assign priority support | Recommend personalized content,
824,825,Alex Bridges,robert34@example.net,robert34,1954-03-02,Female,Nortonville,2024-03-15,2025-03-15,Annual,0,0.29681596948011835,29.68,29.68,Low,Loyal,0.7628,0.16453333333333336,0,0,0,0,-31,3.9,0,0,Send renewal reminder | Recommend personalized content,Recommend premium Drama bundle | Recommend premium device streaming bundle | Recommend mobile premium pack | Offer loyalty reward / premium upsell
825,826,Paul Wong,danielle98@example.net,danielle98,2004-02-09,Female,Davidview,2024-01-11,2025-01-10,Monthly,0,0.4029724468595617,40.3,40.3,Medium,About to Leave,0.8376,0.9520000000000001,1,0,0,0,-95,3.8,0,0,Send renewal reminder | Offer Annual Plan discount | Recommend personalized content,
826,827,Nathan Rogers,virginia70@example.net,virginia70,1964-09-10,Female,Andrewbury,2024-04-07,2025-04-07,Monthly,1,0.7765561022754497,77.66,77.66,High,About to Leave,0.6280000000000001,0.06095238095238096,1,0,1,1,-8,4.0,1,1,Send renewal reminder | Offer Annual Plan discount | Assign priority support | Trigger engagement campaign | Recommend personalized content,
827,828,Amber Alexander,marywood@example.net,marywood,1939-08-10,Male,Sarafort,2024-02-18,2025-02-17,Annual,0,0.3951629002566139,39.52,39.52,Medium,About to Leave,0.7344000000000002,0.09016666666666667,0,0,1,0,-57,4.7,0,0,Send renewal reminder | Assign priority support | Recommend personalized content,
828,829,Charles Chavez,kramerterry@example.com,kramerterry,2002-07-07,Male,South Chase,2024-01-03,2025-01-02,Monthly,1,0.7614887568457206,76.15,76.15,High,About to Leave,0.6136000000000001,0.043866666666666665,1,0,1,1,-103,4.3,1,1,Send renewal reminder | Offer Annual Plan discount | Assign priority support | Trigger engagement campaign | Recommend personalized content,
829,830,Michael Ingram,williamsvictoria@example.com,williamsvictoria,1942-01-16,Female,South Teresaburgh,2024-02-12,2025-02-11,Annual,0,0.45944159839894694,45.94,45.94,Medium,About to Leave,0.6612,0.07187878787878789,0,0,1,0,-63,3.1,0,0,Send renewal reminder | Assign priority support | Collect feedback and offer service recovery | Recommend personalized content,
830,831,John Norton,george78@example.net,george78,1985-09-21,Female,Christineland,2024-01-24,2025-01-23,Monthly,0,0.560845683478743,56.08,56.08,Medium,About to Leave,0.7444000000000002,0.07769696969696971,1,0,1,0,-82,4.7,1,0,Send renewal reminder | Offer Annual Plan discount | Assign priority support | Recommend personalized content,
831,832,Natasha Collins,uhall@example.org,uhall,2004-04-22,Male,South Jessica,2024-02-05,2025-02-04,Monthly,0,0.6587222129958809,65.87,65.87,High,About to Leave,0.5812,0.047636363636363636,1,0,1,0,-70,3.1,1,0,Send renewal reminder | Offer Annual Plan discount | Assign priority support | Collect feedback and offer service recovery | Recommend personalized content,
832,833,Beth Lopez,debra58@example.net,debra58,1960-10-01,Female,Kendraland,2024-01-28,2025-01-27,Monthly,0,0.6579359184755948,65.79,65.79,High,About to Leave,0.6072000000000001,0.04945454545454546,1,0,1,0,-78,3.6,1,0,Send renewal reminder | Offer Annual Plan discount | Assign priority support | Recommend personalized content,
833,834,Scott Duncan,hfitzgerald@example.org,hfitzgerald,1973-02-19,Male,Pittmanmouth,2024-01-23,2025-01-22,Monthly,0,0.4770693973759614,47.71,47.71,Medium,About to Leave,0.6416,0.08866666666666667,1,0,0,0,-83,3.3,1,0,Send renewal reminder | Offer Annual Plan discount | Collect feedback and offer service recovery | Recommend personalized content,
834,835,Jennifer Mendoza,wmendoza@example.net,wmendoza,1989-06-27,Female,South Jose,2024-02-18,2025-02-17,Annual,0,0.4734533451261697,47.35,47.35,Medium,About to Leave,0.6172000000000001,0.054400000000000004,0,0,1,0,-57,3.6,0,0,Send renewal reminder | Assign priority support | Recommend personalized content,
835,836,Christopher Foster,fperez@example.com,fperez,1977-09-16,Female,Smithstad,2024-03-17,2025-03-17,Annual,0,0.24982157902049443,24.98,24.98,Low,Loyal,0.8084000000000001,0.4173333333333334,0,0,0,0,-29,4.2,0,0,Send renewal reminder | Recommend personalized content,Recommend premium Comedy bundle | Recommend lifestyle and family content pack | Recommend mobile premium pack | Offer loyalty reward / premium upsell
836,837,Alexander Lee,trevordavis@example.org,trevordavis,1957-05-06,Male,Wilsonshire,2024-04-09,2025-04-09,Annual,0,0.32444555931184393,32.44,32.44,Low,About to Leave,0.7076,0.276,0,0,0,0,-6,3.8,0,0,Send renewal reminder | Recommend personalized content,
837,838,Nicholas Giles,hopkinsjimmy@example.com,hopkinsjimmy,1989-03-26,Male,Millermouth,2024-04-14,2025-04-14,Monthly,0,0.45756464991923584,45.76,45.76,Medium,About to Leave,0.732,0.13444444444444445,1,0,0,0,-1,3.5,0,0,Send renewal reminder | Offer Annual Plan discount | Recommend personalized content,
838,839,Karen Lamb,wcaldwell@example.com,wcaldwell,1998-05-21,Female,West Joel,2024-01-12,2025-01-11,Annual,0,0.26406489720356724,26.41,26.41,Low,Loyal,0.7924,0.18960000000000002,0,0,0,0,-94,3.7,0,0,Send renewal reminder | Recommend personalized content,Recommend premium Sci-Fi bundle | Recommend reading/documentary combo | Recommend family multi-screen plan | Offer loyalty reward / premium upsell
839,840,Brian Key,cassandra10@example.org,cassandra10,1962-01-17,Female,East Donnafurt,2024-01-24,2025-01-23,Monthly,0,0.5748773367132766,57.49,57.49,Medium,About to Leave,0.6976000000000001,0.07442424242424243,1,0,1,0,-82,3.8,1,0,Send renewal reminder | Offer Annual Plan discount | Assign priority support | Recommend personalized content,
840,841,Stephanie Suarez,chadaguilar@example.com,chadaguilar,1941-04-20,Female,West Mariah,2024-02-25,2025-02-24,Annual,0,0.49081275208838787,49.08,49.08,Medium,About to Leave,0.6280000000000001,0.05090909090909091,0,0,1,0,-50,4.0,1,0,Send renewal reminder | Assign priority support | Recommend personalized content,
841,842,Zachary Griffith,ymartinez@example.org,ymartinez,1941-07-10,Male,Port William,2024-04-10,2025-04-10,Monthly,0,0.42387739850694606,42.39,42.39,Medium,About to Leave,0.8200000000000001,0.7333333333333334,1,0,0,0,-5,5.0,0,0,Send renewal reminder | Offer Annual Plan discount | Recommend personalized content,
842,843,Nathan Bishop,gary53@example.org,gary53,1987-03-14,Female,Brooksstad,2024-04-01,2025-04-01,Monthly,0,0.38394841106229755,38.39,38.39,Medium,About to Leave,0.8592,0.328,1,0,0,0,-14,4.6,0,0,Send renewal reminder | Offer Annual Plan discount | Recommend personalized content,
843,844,Krista Garcia,lauramiller@example.net,lauramiller,1996-05-28,Female,New Alexander,2024-03-18,2025-03-18,Annual,0,0.40689622613494697,40.69,40.69,Medium,About to Leave,0.7468000000000001,0.117,0,0,1,0,-28,3.4,0,0,Send renewal reminder | Assign priority support | Collect feedback and offer service recovery | Recommend personalized content,
844,845,Deborah Ortega,adam28@example.org,adam28,1949-04-01,Female,New Sandraport,2024-03-13,2025-03-13,Monthly,0,0.4654429850414181,46.54,46.54,Medium,About to Leave,0.6968,0.13386666666666666,1,0,0,0,-33,3.4,0,0,Send renewal reminder | Offer Annual Plan discount | Collect feedback and offer service recovery | Recommend personalized content,
845,846,Stephen Moyer,jesse26@example.org,jesse26,1937-09-24,Male,Georgeberg,2024-03-19,2025-03-19,Monthly,0,0.5688748905908582,56.89,56.89,Medium,About to Leave,0.6924000000000001,0.09733333333333334,1,0,1,0,-27,3.7,1,0,Send renewal reminder | Offer Annual Plan discount | Assign priority support | Recommend personalized content,
846,847,Timothy Lane,annanguyen@example.com,annanguyen,1936-08-04,Male,Johnsonshire,2024-04-03,2025-04-03,Monthly,0,0.55411462550902,55.41,55.41,Medium,About to Leave,0.7172000000000001,0.10133333333333334,1,0,1,0,-12,3.6,1,0,Send renewal reminder | Offer Annual Plan discount | Assign priority support | Recommend personalized content,
847,848,Jason Long,swansonchelsea@example.org,swansonchelsea,1986-06-21,Female,Lake Sabrinahaven,2024-01-30,2025-01-29,Monthly,0,0.45659171350853744,45.66,45.66,Medium,About to Leave,0.7888000000000001,0.16853333333333337,1,0,0,0,-76,4.4,0,0,Send renewal reminder | Offer Annual Plan discount | Recommend personalized content,
848,849,Edward Mcfarland,qcampbell@example.com,qcampbell,1974-11-01,Female,West Pamelamouth,2024-02-14,2025-02-13,Annual,0,0.2786770856664144,27.87,27.87,Low,Loyal,0.81,0.3666666666666667,0,0,0,0,-61,5.0,0,0,Send renewal reminder | Recommend personalized content,Recommend premium Action bundle | Recommend reading/documentary combo | Recommend offline mobile viewing pack | Offer loyalty reward / premium upsell
849,850,Chris Reyes Jr.,michael35@example.com,michael35,1947-11-17,Female,Lake Amber,2024-02-20,2025-02-19,Monthly,0,0.45404417561852245,45.4,45.4,Medium,About to Leave,0.7388,0.11822222222222223,1,0,0,0,-55,4.4,0,0,Send renewal reminder | Offer Annual Plan discount | Recommend personalized content,
850,851,Kenneth Morris,petermcgrath@example.net,petermcgrath,1998-08-04,Male,Brownville,2024-01-07,2025-01-06,Monthly,0,0.4718629150078447,47.19,47.19,Medium,About to Leave,0.7011999999999999,0.21911111111111112,1,0,0,0,-99,3.1,0,0,Send renewal reminder | Offer Annual Plan discount | Collect feedback and offer service recovery | Recommend personalized content,
851,852,Jesse Bautista,reyesmarie@example.net,reyesmarie,1962-11-17,Female,Sandersberg,2024-01-11,2025-01-10,Monthly,0,0.6006787965866331,60.07,60.07,Medium,About to Leave,0.6528,0.0695,1,0,1,0,-95,3.9,1,0,Send renewal reminder | Offer Annual Plan discount | Assign priority support | Recommend personalized content,
852,853,Kimberly Perez,kathy16@example.org,kathy16,1970-03-28,Female,Gonzaleztown,2024-03-19,2025-03-19,Monthly,0,0.4696460593740871,46.96,46.96,Medium,About to Leave,0.7040000000000001,0.09666666666666668,1,0,0,0,-27,4.5,0,0,Send renewal reminder | Offer Annual Plan discount | Recommend personalized content,
853,854,Richard Thompson,shannonmurphy@example.org,shannonmurphy,1944-09-12,Male,West Whitneybury,2024-03-01,2025-03-01,Annual,0,0.29232809530324144,29.23,29.23,Low,Loyal,0.7512,0.39533333333333337,0,0,0,0,-45,3.1,0,0,Send renewal reminder | Collect feedback and offer service recovery | Recommend personalized content,Recommend premium Sci-Fi bundle | Recommend premium device streaming bundle | Recommend offline mobile viewing pack
854,855,Martin Perez,roger65@example.org,roger65,1946-12-24,Male,Ashleyshire,2024-03-10,2025-03-10,Monthly,0,0.5907510376385473,59.08,59.08,Medium,About to Leave,0.652,0.06733333333333333,1,0,1,0,-36,3.5,1,0,Send renewal reminder | Offer Annual Plan discount | Assign priority support | Recommend personalized content,
855,856,Robert Bradley,mcruz@example.org,mcruz,1979-08-29,Male,South Cody,2024-04-12,2025-04-12,Annual,0,0.47760149665346013,47.76,47.76,Medium,About to Leave,0.6115999999999999,0.059111111111111114,0,0,1,0,-3,3.3,1,0,Send renewal reminder | Assign priority support | Collect feedback and offer service recovery | Recommend personalized content,
856,857,Blake Johnson,keithbell@example.net,keithbell,1935-08-18,Male,Chavezberg,2024-02-26,2025-02-25,Annual,0,0.4500837530013693,45.01,45.01,Medium,About to Leave,0.6824000000000001,0.08516666666666667,0,0,1,0,-49,3.7,0,0,Send renewal reminder | Assign priority support | Recommend personalized content,
857,858,Becky Jones,mcbridetina@example.net,mcbridetina,1986-04-06,Male,Dillonmouth,2024-04-12,2025-04-12,Monthly,0,0.40341056825867805,40.34,40.34,Medium,About to Leave,0.8195999999999999,0.21466666666666667,1,0,0,0,-3,4.8,0,0,Send renewal reminder | Offer Annual Plan discount | Recommend personalized content,
858,859,Austin Nelson,urobles@example.com,urobles,1972-05-14,Female,Lake Justin,2024-01-08,2025-01-07,Annual,0,0.3233409311305689,32.33,32.33,Low,About to Leave,0.6968,0.536,0,0,0,0,-98,3.4,0,0,Send renewal reminder | Collect feedback and offer service recovery | Recommend personalized content,
859,860,Raymond Martin,jamesbullock@example.net,jamesbullock,1982-11-02,Female,New Frank,2024-01-10,2025-01-09,Annual,0,0.3013643054661067,30.14,30.14,Low,About to Leave,0.7140000000000001,0.11600000000000002,0,0,0,0,-96,4.5,0,0,Send renewal reminder | Recommend personalized content,
860,861,Paul Hull,catherine47@example.net,catherine47,1988-03-22,Male,Michelleburgh,2024-03-01,2025-03-01,Monthly,0,0.4282875968152844,42.83,42.83,Medium,About to Leave,0.8016,0.466,1,0,0,0,-45,3.3,0,0,Send renewal reminder | Offer Annual Plan discount | Collect feedback and offer service recovery | Recommend personalized content,
861,862,Kimberly Harris,brendarobinson@example.org,brendarobinson,2004-05-21,Female,South Travisside,2024-03-09,2025-03-09,Monthly,1,0.789942197735063,78.99,78.99,High,About to Leave,0.6340000000000001,0.04962962962962963,1,0,1,1,-37,4.5,1,1,Send renewal reminder | Offer Annual Plan discount | Assign priority support | Trigger engagement campaign | Recommend personalized content,
862,863,Travis Ward,nashheather@example.net,nashheather,2005-07-02,Female,Jacobstad,2024-03-16,2025-03-16,Annual,0,0.3201727871608194,32.02,32.02,Low,About to Leave,0.7128,0.11488888888888889,0,0,0,0,-30,3.9,0,0,Send renewal reminder | Recommend personalized content,
863,864,Jennifer Weber,pamelabrown@example.org,pamelabrown,1997-01-18,Male,Solomonstad,2024-01-19,2025-01-18,Annual,0,0.28992584252202447,28.99,28.99,Low,Loyal,0.7568,0.2675555555555556,0,0,0,0,-87,3.4,0,0,Send renewal reminder | Collect feedback and offer service recovery | Recommend personalized content,Recommend premium Action bundle | Recommend lifestyle and family content pack | Recommend family multi-screen plan
864,865,Mark Zuniga,scottthomas@example.net,scottthomas,1942-12-27,Female,East Brendahaven,2024-01-29,2025-01-28,Monthly,0,0.58456281388164,58.46,58.46,Medium,About to Leave,0.6819999999999999,0.09619047619047619,1,0,1,0,-77,3.5,1,0,Send renewal reminder | Offer Annual Plan discount | Assign priority support | Recommend personalized content,
865,866,Samuel Ellison,plittle@example.com,plittle,1959-05-31,Female,Lake Christopher,2024-04-08,2025-04-08,Annual,0,0.4362874139599747,43.63,43.63,Medium,About to Leave,0.6888000000000001,0.06448484848484849,0,0,1,0,-7,4.4,0,0,Send renewal reminder | Assign priority support | Recommend personalized content,
866,867,Dr. Jennifer Robinson,craigpacheco@example.net,craigpacheco,1933-09-14,Male,Taylorfurt,2024-01-02,2025-01-01,Annual,0,0.2442560274479811,24.43,24.43,Low,Loyal,0.8448000000000001,0.166,0,0,0,0,-104,4.9,0,0,Send renewal reminder | Recommend personalized content,Recommend premium Documentary bundle | Recommend reading/documentary combo | Recommend family multi-screen plan | Offer loyalty reward / premium upsell
867,868,Dr. Phillip Martin Jr.,uwood@example.net,uwood,1934-07-03,Female,Kylieside,2024-03-13,2025-03-13,Annual,0,0.32786766738085504,32.79,32.79,Low,About to Leave,0.7332,0.13946666666666668,0,0,0,0,-33,4.1,0,0,Send renewal reminder | Recommend personalized content,
868,869,Cassidy Davis,flloyd@example.net,flloyd,1997-10-22,Female,North Ericmouth,2024-01-04,2025-01-03,Monthly,0,0.5447995115309899,54.48,54.48,Medium,About to Leave,0.7468000000000001,0.117,1,0,1,0,-102,3.4,1,0,Send renewal reminder | Offer Annual Plan discount | Assign priority support | Collect feedback and offer service recovery | Recommend personalized content,
869,870,April Miller,davidrodriguez@example.com,davidrodriguez,1947-03-31,Male,New Justinburgh,2024-04-01,2025-04-01,Annual,0,0.5126821480370732,51.27,51.27,Medium,About to Leave,0.5912000000000001,0.0524,0,0,1,0,-14,3.1,1,0,Send renewal reminder | Assign priority support | Collect feedback and offer service recovery | Recommend personalized content,
870,871,Haley Andrade,craigkrueger@example.org,craigkrueger,1999-09-14,Female,New Jo,2024-02-14,2025-02-13,Annual,0,0.2639919132468715,26.4,26.4,Low,Loyal,0.8128000000000001,0.23900000000000002,0,0,0,0,-61,3.9,0,0,Send renewal reminder | Recommend personalized content,Recommend premium device streaming bundle | Recommend offline mobile viewing pack | Offer loyalty reward / premium upsell
871,872,Casey Smith,terrelljoshua@example.net,terrelljoshua,1999-08-08,Female,West Jennifer,2024-03-29,2025-03-29,Monthly,0,0.5851002379341375,58.51,58.51,Medium,About to Leave,0.6928000000000001,0.08616666666666667,1,0,1,0,-17,3.9,1,0,Send renewal reminder | Offer Annual Plan discount | Assign priority support | Recommend personalized content,
872,873,Dustin Vega,jenniferwilkins@example.com,jenniferwilkins,2000-03-16,Male,Michaelland,2024-01-18,2025-01-17,Annual,0,0.44368179691578713,44.37,44.37,Medium,About to Leave,0.6476000000000001,0.069,0,0,1,0,-88,3.8,0,0,Send renewal reminder | Assign priority support | Recommend personalized content,
873,874,Jennifer Daugherty,courtneyandersen@example.net,courtneyandersen,1952-01-28,Male,Port Justinton,2024-04-01,2025-04-01,Annual,0,0.4433749268274617,44.34,44.34,Medium,About to Leave,0.6568,0.4026666666666666,0,0,0,1,-14,3.4,0,0,Send renewal reminder | Trigger engagement campaign | Collect feedback and offer service recovery | Recommend personalized content,
874,875,Christopher Bailey,morgansandoval@example.org,morgansandoval,1968-04-15,Female,New Thomasfort,2024-01-30,2025-01-29,Annual,0,0.2866656144508385,28.67,28.67,Low,Loyal,0.8140000000000001,0.28222222222222226,0,0,0,0,-76,4.5,0,0,Send renewal reminder | Recommend personalized content,Recommend premium Sci-Fi bundle | Recommend premium device streaming bundle | Recommend family multi-screen plan | Offer loyalty reward / premium upsell
875,876,Eric Davis,imadden@example.com,imadden,1940-10-09,Male,Lake Jonathan,2024-03-25,2025-03-25,Annual,0,0.39279436663798073,39.28,39.28,Medium,About to Leave,0.8348000000000002,0.1422857142857143,0,0,1,0,-21,4.9,0,0,Send renewal reminder | Assign priority support | Recommend personalized content,
876,877,Tamara Lee,taylor49@example.com,taylor49,1988-05-24,Female,North Peterborough,2024-02-12,2025-02-11,Monthly,0,0.5820889337215893,58.21,58.21,Medium,About to Leave,0.7028000000000001,0.09847619047619048,1,0,1,0,-63,3.9,1,0,Send renewal reminder | Offer Annual Plan discount | Assign priority support | Recommend personalized content,
877,878,Lisa Wallace,etucker@example.net,etucker,1950-10-02,Male,West Pamfort,2024-04-05,2025-04-05,Annual,0,0.3212573289202308,32.13,32.13,Low,About to Leave,0.6936,0.09533333333333334,0,0,0,0,-10,4.3,0,0,Send renewal reminder | Recommend personalized content,
878,879,Larry Thompson,chadpacheco@example.org,chadpacheco,1951-10-01,Male,Ryanbury,2024-04-10,2025-04-10,Annual,0,0.41250361210943187,41.25,41.25,Medium,About to Leave,0.7148000000000001,0.08514285714285716,0,0,1,0,-5,4.9,0,0,Send renewal reminder | Assign priority support | Recommend personalized content,
879,880,Derek Rogers,wilcoxsarah@example.com,wilcoxsarah,1975-06-30,Male,Lake Joshua,2024-01-17,2025-01-16,Annual,0,0.31388164727384915,31.39,31.39,Low,About to Leave,0.7132000000000001,0.18800000000000003,0,0,0,0,-89,4.1,0,0,Send renewal reminder | Recommend personalized content,
880,881,Lindsay Burnett,lhoward@example.com,lhoward,1934-04-25,Male,Lake Erik,2024-04-05,2025-04-05,Monthly,0,0.45643635142116973,45.64,45.64,Medium,About to Leave,0.7732,0.16613333333333336,1,0,0,0,-10,4.1,0,0,Send renewal reminder | Offer Annual Plan discount | Recommend personalized content,
881,882,David Frederick,averykylie@example.net,averykylie,1962-11-02,Male,Barbarastad,2024-04-13,2025-04-13,Monthly,0,0.654365575238901,65.44,65.44,High,About to Leave,0.6424,0.10366666666666666,1,0,0,1,-2,3.7,1,0,Send renewal reminder | Offer Annual Plan discount | Trigger engagement campaign | Recommend personalized content,
882,883,Cheryl Cooper,patriciabond@example.com,patriciabond,1999-01-21,Male,Pattersonburgh,2024-01-17,2025-01-16,Annual,0,0.2321028670297117,23.21,23.21,Low,Loyal,0.8600000000000001,0.8666666666666667,0,0,0,0,-89,5.0,0,0,Send renewal reminder | Recommend personalized content,Recommend premium Sci-Fi bundle | Recommend premium device streaming bundle | Recommend mobile premium pack | Offer loyalty reward / premium upsell
883,884,Elizabeth Mills,carolmccarthy@example.com,carolmccarthy,1964-07-10,Male,East Donald,2024-03-08,2025-03-08,Monthly,0,0.5820480716190484,58.2,58.2,Medium,About to Leave,0.7036,0.07837037037037037,1,0,1,0,-38,4.3,1,0,Send renewal reminder | Offer Annual Plan discount | Assign priority support | Recommend personalized content,
884,885,Lisa Rosales,jonthomas@example.org,jonthomas,1965-10-26,Male,Port Patricia,2024-01-28,2025-01-27,Monthly,0,0.42546999321755025,42.55,42.55,Medium,About to Leave,0.8,0.24444444444444446,1,0,0,0,-78,5.0,0,0,Send renewal reminder | Offer Annual Plan discount | Recommend personalized content,
885,886,Rick Gonzalez,mfoster@example.org,mfoster,1973-10-15,Female,Bondchester,2024-01-07,2025-01-06,Monthly,0,0.4656316864963823,46.56,46.56,Medium,About to Leave,0.7264,0.6613333333333333,1,0,0,0,-99,3.2,0,0,Send renewal reminder | Offer Annual Plan discount | Collect feedback and offer service recovery | Recommend personalized content,
886,887,Daniel Cooper,jennifer06@example.com,jennifer06,1938-06-13,Male,New Ericaburgh,2024-04-07,2025-04-07,Monthly,0,0.4765415839185968,47.65,47.65,Medium,About to Leave,0.718,0.11555555555555556,1,0,0,0,-8,4.0,1,0,Send renewal reminder | Offer Annual Plan discount | Recommend personalized content,
887,888,Nathan Morrow,cherylduran@example.net,cherylduran,1954-07-04,Male,North Wandatown,2024-04-09,2025-04-09,Annual,0,0.46581993062531324,46.58,46.58,Medium,About to Leave,0.6576000000000001,0.062303030303030305,0,0,1,0,-6,3.8,0,0,Send renewal reminder | Assign priority support | Recommend personalized content,
888,889,Richard Gutierrez,barbaragarcia@example.org,barbaragarcia,1991-06-12,Male,Floreston,2024-01-13,2025-01-12,Monthly,0,0.41223854067510646,41.22,41.22,Medium,About to Leave,0.7924000000000001,0.8146666666666668,1,0,0,0,-93,3.7,0,0,Send renewal reminder | Offer Annual Plan discount | Recommend personalized content,
889,890,Christina Gay,rhondanguyen@example.com,rhondanguyen,1974-10-27,Male,Sarachester,2024-01-19,2025-01-18,Annual,0,0.4494792585192434,44.95,44.95,Medium,About to Leave,0.7016000000000001,0.09983333333333334,0,0,1,0,-87,3.3,0,0,Send renewal reminder | Assign priority support | Collect feedback and offer service recovery | Recommend personalized content,
890,891,Bruce Barrett,samantha04@example.com,samantha04,1977-06-16,Male,Parkerton,2024-04-04,2025-04-04,Annual,0,0.41889352679792613,41.89,41.89,Medium,About to Leave,0.6936000000000001,0.07053333333333334,0,0,1,0,-11,4.3,0,0,Send renewal reminder | Assign priority support | Recommend personalized content,
891,892,William Jacobson,obyrd@example.org,obyrd,1971-07-10,Male,West Whitneystad,2024-01-29,2025-01-28,Monthly,0,0.5863306121209382,58.63,58.63,Medium,About to Leave,0.7012,0.11295238095238096,1,0,1,0,-77,3.1,1,0,Send renewal reminder | Offer Annual Plan discount | Assign priority support | Collect feedback and offer service recovery | Recommend personalized content,
892,893,Melissa Miller,smithjacob@example.com,smithjacob,1933-11-19,Female,North David,2024-01-16,2025-01-15,Monthly,0,0.4602010345582843,46.02,46.02,Medium,About to Leave,0.7632,0.13844444444444445,1,0,0,0,-90,4.1,0,0,Send renewal reminder | Offer Annual Plan discount | Recommend personalized content,
893,894,Andrea Graves,lindacrawford@example.com,lindacrawford,1993-07-16,Male,South Mariastad,2024-02-25,2025-02-24,Annual,0,0.27385646324363533,27.39,27.39,Low,Loyal,0.7440000000000001,0.29000000000000004,0,0,0,0,-50,4.5,0,0,Send renewal reminder | Recommend personalized content,Recommend premium Sci-Fi bundle | Recommend premium device streaming bundle | Recommend offline mobile viewing pack
894,895,Samuel Floyd,uwilliams@example.net,uwilliams,1971-08-13,Male,Floydside,2024-03-09,2025-03-09,Monthly,0,0.5840221279993648,58.4,58.4,Medium,About to Leave,0.6588,0.057600000000000005,1,0,1,0,-37,4.4,1,0,Send renewal reminder | Offer Annual Plan discount | Assign priority support | Recommend personalized content,
895,896,Jeremy Robertson,patricia62@example.com,patricia62,1995-03-22,Female,Port Toddport,2024-03-02,2025-03-02,Annual,0,0.6065007178180082,60.65,60.65,Medium,About to Leave,0.6592,0.06438095238095239,0,0,1,1,-44,4.6,1,0,Send renewal reminder | Assign priority support | Trigger engagement campaign | Recommend personalized content,
896,897,Michael Sweeney,hendersondustin@example.org,hendersondustin,1993-11-22,Female,Michellemouth,2024-03-03,2025-03-03,Monthly,0,0.5650579387464318,56.51,56.51,Medium,About to Leave,0.7828000000000002,0.1365714285714286,1,0,1,0,-43,3.9,1,0,Send renewal reminder | Offer Annual Plan discount | Assign priority support | Recommend personalized content,
897,898,Mark Wilson,danielmoore@example.com,danielmoore,1990-05-03,Male,Mitchellstad,2024-01-11,2025-01-10,Monthly,0,0.47973887123213255,47.97,47.97,Medium,About to Leave,0.7016,0.16633333333333333,1,0,0,0,-95,3.3,1,0,Send renewal reminder | Offer Annual Plan discount | Collect feedback and offer service recovery | Recommend personalized content,
898,899,Matthew Rocha,johnskelly@example.com,johnskelly,1947-02-05,Female,Blakemouth,2024-01-18,2025-01-17,Monthly,0,0.4256342968918606,42.56,42.56,Medium,About to Leave,0.7791999999999999,0.23911111111111114,1,0,0,0,-88,4.6,0,0,Send renewal reminder | Offer Annual Plan discount | Recommend personalized content,
899,900,Tracy Davis,rachel46@example.org,rachel46,1982-05-13,Female,East Jessica,2024-03-05,2025-03-05,Monthly,0,0.46302168040447855,46.3,46.3,Medium,About to Leave,0.7111999999999999,0.32866666666666666,1,0,0,0,-41,3.1,0,0,Send renewal reminder | Offer Annual Plan discount | Collect feedback and offer service recovery | Recommend personalized content,
900,901,Lisa Johnson,shale@example.org,shale,1982-04-04,Male,Lake Sabrina,2024-01-07,2025-01-06,Monthly,0,0.44980831152425654,44.98,44.98,Medium,About to Leave,0.7111999999999999,0.32866666666666666,1,0,0,0,-99,3.1,0,0,Send renewal reminder | Offer Annual Plan discount | Collect feedback and offer service recovery | Recommend personalized content,
901,902,Sandra Tucker,matthew51@example.com,matthew51,1982-12-14,Female,Lake Gloria,2024-01-09,2025-01-08,Monthly,0,0.4231703165365548,42.32,42.32,Medium,About to Leave,0.8132,0.19280000000000003,1,0,0,0,-97,4.1,0,0,Send renewal reminder | Offer Annual Plan discount | Recommend personalized content,
902,903,Emily Potter,jacob66@example.com,jacob66,1987-09-12,Male,Port Kimberlyview,2024-01-19,2025-01-18,Monthly,0,0.6526793887254634,65.27,65.27,High,About to Leave,0.6172000000000001,0.054400000000000004,1,0,1,0,-87,3.6,1,0,Send renewal reminder | Offer Annual Plan discount | Assign priority support | Recommend personalized content,
903,904,Ricky Johnson,hugheskristin@example.org,hugheskristin,1943-06-20,Female,Byrdside,2024-03-21,2025-03-21,Monthly,0,0.4340596783679317,43.41,43.41,Medium,About to Leave,0.7944000000000001,0.14244444444444446,1,0,0,0,-25,4.7,0,0,Send renewal reminder | Offer Annual Plan discount | Recommend personalized content,
904,905,William Strong,robersonchristina@example.com,robersonchristina,1969-09-26,Male,North Judith,2024-02-05,2025-02-04,Monthly,0,0.4375041166330227,43.75,43.75,Medium,About to Leave,0.768,0.6933333333333334,1,0,0,0,-70,4.0,0,0,Send renewal reminder | Offer Annual Plan discount | Recommend personalized content,
905,906,Emily Turner,uherrera@example.org,uherrera,1984-03-16,Female,West Hannah,2024-01-06,2025-01-05,Annual,0,0.3067932754140987,30.68,30.68,Low,About to Leave,0.7028,0.18533333333333335,0,0,0,0,-100,3.9,0,0,Send renewal reminder | Recommend personalized content,
906,907,Kimberly Perry,blackburnjames@example.com,blackburnjames,1991-06-18,Male,Smithberg,2024-04-07,2025-04-07,Monthly,0,0.42620656333828344,42.62,42.62,Medium,About to Leave,0.75,0.15000000000000002,1,0,0,0,-8,5.0,0,0,Send renewal reminder | Offer Annual Plan discount | Recommend personalized content,
907,908,Carl Fields,pking@example.org,pking,1985-12-17,Female,Amberhaven,2024-01-07,2025-01-06,Monthly,0,0.6123281101216381,61.23,61.23,Medium,About to Leave,0.6940000000000001,0.06484848484848485,1,0,1,0,-99,4.5,1,0,Send renewal reminder | Offer Annual Plan discount | Assign priority support | Recommend personalized content,
908,909,Donna Delgado,bradsnyder@example.com,bradsnyder,1985-05-06,Female,New Matthew,2024-03-30,2025-03-30,Annual,0,0.3308722524673307,33.09,33.09,Low,About to Leave,0.6828,0.11120000000000001,0,0,0,0,-16,3.9,0,0,Send renewal reminder | Recommend personalized content,
909,910,Kathryn Cooper,larry21@example.org,larry21,1938-12-28,Female,North Christopher,2024-02-04,2025-02-03,Monthly,1,0.8182466846200697,81.82,81.82,High,About to Leave,0.5568000000000001,0.0366060606060606,1,0,1,1,-71,3.4,1,1,Send renewal reminder | Offer Annual Plan discount | Assign priority support | Trigger engagement campaign | Collect feedback and offer service recovery | Recommend personalized content,
910,911,Brittany Smith,ginadean@example.com,ginadean,1960-08-19,Female,South Elizabeth,2024-03-13,2025-03-13,Annual,0,0.3090649574590563,30.91,30.91,Low,About to Leave,0.7412,0.2635555555555556,0,0,0,0,-33,3.1,0,0,Send renewal reminder | Collect feedback and offer service recovery | Recommend personalized content,
911,912,Collin Carey,housejames@example.org,housejames,1988-01-08,Male,Ibarraland,2024-01-01,2024-12-31,Annual,0,0.4404665371375114,44.05,44.05,Medium,About to Leave,0.6636,0.06355555555555556,0,0,1,0,-105,4.3,0,0,Send renewal reminder | Assign priority support | Recommend personalized content,
912,913,Devin Higgins,leepatrick@example.org,leepatrick,1991-09-26,Male,Annshire,2024-04-07,2025-04-07,Annual,0,0.42943499593625256,42.94,42.94,Medium,About to Leave,0.7591999999999999,0.09451851851851852,0,0,1,0,-8,4.6,0,0,Send renewal reminder | Assign priority support | Recommend personalized content,
913,914,David Davis,perezaaron@example.net,perezaaron,1958-10-07,Male,Holtville,2024-03-10,2025-03-10,Annual,0,0.4832539589337945,48.33,48.33,Medium,About to Leave,0.6368,0.060848484848484846,0,0,1,0,-36,3.4,1,0,Send renewal reminder | Assign priority support | Collect feedback and offer service recovery | Recommend personalized content,
914,915,William Briggs,reginahammond@example.net,reginahammond,1949-10-06,Female,North Meganside,2024-03-10,2025-03-10,Annual,0,0.3980402402874109,39.8,39.8,Medium,About to Leave,0.7684000000000001,0.09680000000000001,0,0,1,0,-36,4.2,0,0,Send renewal reminder | Assign priority support | Recommend personalized content,
915,916,Mrs. Heather Phillips,zhutchinson@example.org,zhutchinson,1942-02-22,Male,Kimberlyberg,2024-04-06,2025-04-06,Annual,0,0.3311818865814331,33.12,33.12,Low,About to Leave,0.6916,0.13306666666666667,0,0,0,0,-9,3.3,0,0,Send renewal reminder | Collect feedback and offer service recovery | Recommend personalized content,
916,917,Hunter Patterson,brianhernandez@example.com,brianhernandez,1981-04-15,Male,East Scott,2024-03-21,2025-03-21,Annual,0,0.30478565998761886,30.48,30.48,Low,About to Leave,0.748,0.23111111111111113,0,0,0,0,-25,4.0,0,0,Send renewal reminder | Recommend personalized content,
917,918,Robert Phillips,xconrad@example.org,xconrad,1979-12-03,Female,Port Jennifer,2024-03-23,2025-03-23,Annual,0,0.4517794067423325,45.18,45.18,Medium,About to Leave,0.6528,0.0695,0,0,1,0,-23,3.9,0,0,Send renewal reminder | Assign priority support | Recommend personalized content,
918,919,Jeffrey Oconnor,watsoncrystal@example.com,watsoncrystal,1970-12-27,Male,North Janetfort,2024-03-22,2025-03-22,Monthly,0,0.5395337388335741,53.95,53.95,Medium,About to Leave,0.8399999999999999,0.14285714285714285,1,0,1,0,-24,5.0,1,0,Send renewal reminder | Offer Annual Plan discount | Assign priority support | Recommend personalized content,
919,920,Jason Martin,hstevens@example.net,hstevens,1940-10-04,Male,West Hunterberg,2024-01-27,2025-01-26,Annual,0,0.29895271790837785,29.9,29.9,Low,Loyal,0.7548,0.19866666666666669,0,0,0,0,-79,4.9,0,0,Send renewal reminder | Recommend personalized content,Recommend premium Comedy bundle | Recommend lifestyle and family content pack | Recommend mobile premium pack
920,921,Anna Tran,kennedynicole@example.net,kennedynicole,1955-08-14,Female,Port Laura,2024-02-26,2025-02-25,Monthly,0,0.4138843959245775,41.39,41.39,Medium,About to Leave,0.7716000000000001,0.7986666666666667,1,0,0,0,-49,3.3,0,0,Send renewal reminder | Offer Annual Plan discount | Collect feedback and offer service recovery | Recommend personalized content,
921,922,Brittany Harmon MD,jameswhite@example.net,jameswhite,1979-01-01,Male,Lake Jodi,2024-04-02,2025-04-02,Monthly,0,0.44302692449332626,44.3,44.3,Medium,About to Leave,0.7076,0.276,1,0,0,0,-13,3.8,0,0,Send renewal reminder | Offer Annual Plan discount | Recommend personalized content,
922,923,Natalie Burgess,robert63@example.com,robert63,1973-05-24,Male,North Michael,2024-04-02,2025-04-02,Annual,0,0.39771693281914205,39.77,39.77,Medium,About to Leave,0.794,0.1088888888888889,0,0,1,0,-13,4.5,0,0,Send renewal reminder | Assign priority support | Recommend personalized content,
923,924,John Watson,hcooper@example.com,hcooper,1970-02-13,Male,Lisaberg,2024-03-18,2025-03-18,Monthly,0,0.6057641870880397,60.58,60.58,Medium,About to Leave,0.6168,0.059555555555555556,1,0,1,0,-28,3.4,1,0,Send renewal reminder | Offer Annual Plan discount | Assign priority support | Collect feedback and offer service recovery | Recommend personalized content,
924,925,Madeline Mcmahon,vali@example.net,vali,1997-09-17,Female,Port Amanda,2024-02-14,2025-02-13,Monthly,0,0.4032584795906702,40.33,40.33,Medium,About to Leave,0.8436,0.324,1,0,0,0,-61,4.3,0,0,Send renewal reminder | Offer Annual Plan discount | Recommend personalized content,
925,926,Heather Salas,mhobbs@example.org,mhobbs,1963-11-07,Male,Loweville,2024-01-16,2025-01-15,Monthly,0,0.43523904739004543,43.52,43.52,Medium,About to Leave,0.7648,0.29800000000000004,1,0,0,0,-90,4.9,0,0,Send renewal reminder | Offer Annual Plan discount | Recommend personalized content,
926,927,Marie Pittman,patricksnyder@example.net,patricksnyder,1980-12-18,Female,New Emilyberg,2024-03-06,2025-03-06,Monthly,0,0.5199426757974922,51.99,51.99,Medium,About to Leave,0.6467999999999999,0.08933333333333333,1,0,0,0,-40,3.4,1,0,Send renewal reminder | Offer Annual Plan discount | Collect feedback and offer service recovery | Recommend personalized content,
927,928,Cynthia Reynolds,raymond76@example.net,raymond76,1991-08-13,Male,Johnsonborough,2024-02-11,2025-02-10,Annual,0,0.4354437876374696,43.54,43.54,Medium,About to Leave,0.7600000000000001,0.0787878787878788,0,0,1,0,-64,5.0,0,0,Send renewal reminder | Assign priority support | Recommend personalized content,
928,929,Yvette Hurley,fcoleman@example.net,fcoleman,1996-06-12,Female,Douglasport,2024-04-13,2025-04-13,Monthly,0,0.5509213198987736,55.09,55.09,Medium,About to Leave,0.7416,0.1165,1,0,1,0,-2,3.3,1,0,Send renewal reminder | Offer Annual Plan discount | Assign priority support | Collect feedback and offer service recovery | Recommend personalized content,
929,930,Elizabeth Howard,uholloway@example.net,uholloway,1985-03-07,Male,Rossport,2024-01-19,2025-01-18,Monthly,0,0.4287070219704683,42.87,42.87,Medium,About to Leave,0.7888000000000001,0.7093333333333334,1,0,0,0,-87,4.4,0,0,Send renewal reminder | Offer Annual Plan discount | Recommend personalized content,
930,931,Robert Frazier,madison12@example.com,madison12,1996-06-14,Male,Simpsonside,2024-02-25,2025-02-24,Annual,0,0.43489585914638385,43.49,43.49,Medium,About to Leave,0.7476,0.0952,0,0,1,0,-50,3.8,0,0,Send renewal reminder | Assign priority support | Recommend personalized content,
931,932,Audrey Villa,imartin@example.net,imartin,1978-09-08,Male,Gregorybury,2024-01-28,2025-01-27,Monthly,0,0.44391572613504826,44.39,44.39,Medium,About to Leave,0.7212,0.6573333333333333,1,0,0,0,-78,3.1,0,0,Send renewal reminder | Offer Annual Plan discount | Collect feedback and offer service recovery | Recommend personalized content,
932,933,Sarah Baker,joshua98@example.org,joshua98,1943-07-30,Male,West Brian,2024-03-19,2025-03-19,Monthly,0,0.5494395452623897,54.94,54.94,Medium,About to Leave,0.8248000000000002,0.12450000000000001,1,0,1,0,-27,4.9,1,0,Send renewal reminder | Offer Annual Plan discount | Assign priority support | Recommend personalized content,
933,934,Jesse Davila,karen06@example.com,karen06,1961-06-18,Female,Cannonchester,2024-04-09,2025-04-09,Monthly,0,0.3894641049325752,38.95,38.95,Medium,About to Leave,0.8395999999999999,0.42933333333333334,1,0,0,0,-6,4.8,0,0,Send renewal reminder | Offer Annual Plan discount | Recommend personalized content,
934,935,Susan Murray,pamelaroach@example.net,pamelaroach,1994-05-13,Male,West Jessicatown,2024-01-29,2025-01-28,Monthly,0,0.6050921996447862,60.51,60.51,Medium,About to Leave,0.6872,0.0736969696969697,1,0,1,0,-77,3.6,1,0,Send renewal reminder | Offer Annual Plan discount | Assign priority support | Recommend personalized content,
935,936,Howard Coleman,carol09@example.org,carol09,1959-04-13,Female,East Debra,2024-04-13,2025-04-13,Monthly,0,0.6597715870354313,65.98,65.98,High,About to Leave,0.6012,0.07813333333333333,1,0,0,1,-2,3.1,1,0,Send renewal reminder | Offer Annual Plan discount | Trigger engagement campaign | Collect feedback and offer service recovery | Recommend personalized content,
936,937,Robert Murphy,ibailey@example.org,ibailey,1993-07-23,Male,Harmonmouth,2024-02-21,2025-02-20,Annual,0,0.46018335199947524,46.02,46.02,Medium,About to Leave,0.6836000000000001,0.14622222222222223,0,0,0,1,-54,4.3,0,0,Send renewal reminder | Trigger engagement campaign | Recommend personalized content,
937,938,Danielle Shelton,kevin36@example.org,kevin36,1943-01-17,Female,Robinsonmouth,2024-03-27,2025-03-27,Annual,0,0.46297812856306314,46.3,46.3,Medium,About to Leave,0.6784000000000001,0.06375757575757576,0,0,1,0,-19,4.2,0,0,Send renewal reminder | Assign priority support | Recommend personalized content,
938,939,Daniel Rodgers,kingsamantha@example.org,kingsamantha,1998-05-01,Male,Sandrastad,2024-02-09,2025-02-08,Monthly,0,0.43972180023898233,43.97,43.97,Medium,About to Leave,0.7928000000000001,0.4113333333333334,1,0,0,0,-66,3.9,0,0,Send renewal reminder | Offer Annual Plan discount | Recommend personalized content,
939,940,Steven Morgan,denisemiddleton@example.com,denisemiddleton,2003-07-11,Female,Hudsonfurt,2024-01-28,2025-01-27,Monthly,0,0.40322579130398273,40.32,40.32,Medium,About to Leave,0.8740000000000001,0.9800000000000001,1,0,0,0,-78,4.5,0,0,Send renewal reminder | Offer Annual Plan discount | Recommend personalized content,
940,941,Jessica Monroe,marysherman@example.net,marysherman,1936-03-27,Male,East Wayne,2024-02-12,2025-02-11,Monthly,0,0.4761934707614086,47.62,47.62,Medium,About to Leave,0.7132000000000001,0.18800000000000003,1,0,0,0,-63,4.1,1,0,Send renewal reminder | Offer Annual Plan discount | Recommend personalized content,
941,942,Michael Boyd,norma38@example.net,norma38,1955-11-22,Male,Brettview,2024-01-15,2025-01-14,Monthly,0,0.43463911844142133,43.46,43.46,Medium,About to Leave,0.7192000000000001,0.11680000000000001,1,0,0,0,-91,4.6,0,0,Send renewal reminder | Offer Annual Plan discount | Recommend personalized content,
942,943,Ian Johnson,raymondlozano@example.net,raymondlozano,1955-01-11,Male,Michaelborough,2024-01-30,2025-01-29,Annual,0,0.42225842059400037,42.23,42.23,Medium,About to Leave,0.7576,0.10577777777777779,0,0,1,0,-76,3.8,0,0,Send renewal reminder | Assign priority support | Recommend personalized content,
943,944,Robert Zuniga,angela64@example.com,angela64,1937-02-21,Female,Simsland,2024-01-21,2025-01-20,Monthly,0,0.6073906359604775,60.74,60.74,Medium,About to Leave,0.6416000000000001,0.06653333333333333,1,0,1,0,-85,3.3,1,0,Send renewal reminder | Offer Annual Plan discount | Assign priority support | Collect feedback and offer service recovery | Recommend personalized content,
944,945,Brian Cook,danielwatson@example.org,danielwatson,1955-02-16,Male,North Tanya,2024-02-20,2025-02-19,Monthly,0,0.6187556448743249,61.88,61.88,Medium,About to Leave,0.6468,0.06693333333333333,1,0,1,0,-55,3.4,1,0,Send renewal reminder | Offer Annual Plan discount | Assign priority support | Collect feedback and offer service recovery | Recommend personalized content,
945,946,Kathryn Shepherd,simpsonmary@example.org,simpsonmary,1969-09-15,Female,Brianville,2024-01-07,2025-01-06,Annual,0,0.29096737984236626,29.1,29.1,Low,Loyal,0.7568,0.2675555555555556,0,0,0,0,-99,3.4,0,0,Send renewal reminder | Collect feedback and offer service recovery | Recommend personalized content,Recommend reading/documentary combo | Recommend offline mobile viewing pack
946,947,Justin Garcia,kathleen66@example.com,kathleen66,1950-09-13,Female,South Sherry,2024-02-19,2025-02-18,Annual,0,0.3447727272544473,34.48,34.48,Low,About to Leave,0.7111999999999999,0.1317777777777778,0,0,0,0,-56,3.1,0,0,Send renewal reminder | Collect feedback and offer service recovery | Recommend personalized content,
947,948,Ashley Jordan,juanknapp@example.com,juanknapp,1991-05-19,Male,Walterston,2024-01-05,2025-01-04,Monthly,0,0.5946539741305943,59.47,59.47,Medium,About to Leave,0.7088000000000001,0.4426666666666667,1,0,0,1,-101,4.4,1,0,Send renewal reminder | Offer Annual Plan discount | Trigger engagement campaign | Recommend personalized content,
948,949,Julie York,sarajenkins@example.net,sarajenkins,1985-11-06,Female,Kellybury,2024-01-09,2025-01-08,Monthly,0,0.5948960069607795,59.49,59.49,Medium,About to Leave,0.6424000000000001,0.0685,1,0,1,0,-97,3.7,1,0,Send renewal reminder | Offer Annual Plan discount | Assign priority support | Recommend personalized content,
949,950,Timothy Jones,howardpamela@example.net,howardpamela,1994-11-29,Female,Perryfurt,2024-04-03,2025-04-03,Monthly,0,0.5076425151255654,50.76,50.76,Medium,About to Leave,0.662,0.10800000000000001,1,0,0,0,-12,3.5,1,0,Send renewal reminder | Offer Annual Plan discount | Recommend personalized content,
950,951,Margaret Davis,staceyyoung@example.com,staceyyoung,1975-04-09,Male,North Krystalside,2024-04-03,2025-04-03,Annual,0,0.39457669864569483,39.46,39.46,Medium,About to Leave,0.7292,0.08966666666666667,0,0,1,0,-12,4.6,0,0,Send renewal reminder | Assign priority support | Recommend personalized content,
951,952,Jesus Cox,justingreen@example.org,justingreen,1947-06-08,Male,Jackland,2024-03-25,2025-03-25,Monthly,0,0.6278562654781686,62.79,62.79,Medium,About to Leave,0.626,0.19333333333333333,1,0,0,1,-21,3.0,1,0,Send renewal reminder | Offer Annual Plan discount | Trigger engagement campaign | Collect feedback and offer service recovery | Recommend personalized content,
952,953,Loretta Richard,vdaniels@example.org,vdaniels,1943-02-06,Female,Smithmouth,2024-03-25,2025-03-25,Monthly,0,0.5483574254031248,54.84,54.84,Medium,About to Leave,0.7548000000000001,0.07842424242424244,1,0,1,0,-21,4.9,1,0,Send renewal reminder | Offer Annual Plan discount | Assign priority support | Recommend personalized content,
953,954,Alison Davies,isaacramos@example.net,isaacramos,1962-02-12,Female,East Jeffrey,2024-02-11,2025-02-10,Monthly,0,0.603981291532757,60.4,60.4,Medium,About to Leave,0.6476000000000001,0.069,1,0,1,0,-64,3.8,1,0,Send renewal reminder | Offer Annual Plan discount | Assign priority support | Recommend personalized content,
954,955,Ashley Collier,lucas35@example.com,lucas35,1986-08-04,Female,Andrewside,2024-01-16,2025-01-15,Monthly,0,0.560681890246831,56.07,56.07,Medium,About to Leave,0.7636000000000001,0.11980952380952382,1,0,1,0,-90,4.3,1,0,Send renewal reminder | Offer Annual Plan discount | Assign priority support | Recommend personalized content,
955,956,Alan Jackson,ewade@example.net,ewade,2005-04-18,Female,North Tylershire,2024-03-04,2025-03-04,Monthly,0,0.45659870256275403,45.66,45.66,Medium,About to Leave,0.7088,0.11520000000000001,1,0,0,0,-42,4.4,0,0,Send renewal reminder | Offer Annual Plan discount | Recommend personalized content,
956,957,Anthony Crawford,janice29@example.net,janice29,2004-06-25,Male,Michaelburgh,2024-01-29,2025-01-28,Monthly,0,0.5780567943798384,57.81,57.81,Medium,About to Leave,0.7248000000000001,0.07293333333333334,1,0,1,0,-77,4.9,1,0,Send renewal reminder | Offer Annual Plan discount | Assign priority support | Recommend personalized content,
957,958,Gregory Moody,imurphy@example.com,imurphy,1999-09-29,Female,Lewisfurt,2024-01-25,2025-01-24,Monthly,0,0.43177332422873105,43.18,43.18,Medium,About to Leave,0.7388,0.28800000000000003,1,0,0,0,-81,4.4,0,0,Send renewal reminder | Offer Annual Plan discount | Recommend personalized content,
958,959,Robin Stephens,anthony39@example.net,anthony39,1963-10-20,Female,Esparzaton,2024-03-08,2025-03-08,Annual,0,0.29464109713886777,29.46,29.46,Low,Loyal,0.718,0.11555555555555556,0,0,0,0,-38,4.0,0,0,Send renewal reminder | Recommend personalized content,Recommend reading/documentary combo | Recommend offline mobile viewing pack
959,960,Adam Harris,nelsonjoseph@example.com,nelsonjoseph,1941-08-26,Female,Port Jenniferland,2024-04-14,2025-04-14,Monthly,0,0.5710191845108165,57.1,57.1,Medium,About to Leave,0.7591999999999999,0.09451851851851852,1,0,1,0,-1,4.6,1,0,Send renewal reminder | Offer Annual Plan discount | Assign priority support | Recommend personalized content,
960,961,Dale Hernandez,lewisjames@example.org,lewisjames,2004-12-29,Female,East Aprilborough,2024-01-25,2025-01-24,Annual,0,0.28303016815918014,28.3,28.3,Low,Loyal,0.7244,0.11760000000000001,0,0,0,0,-81,4.7,0,0,Send renewal reminder | Recommend personalized content,Recommend premium Drama bundle | Recommend premium device streaming bundle | Recommend mobile premium pack
961,962,Lisa Holt,devinlarsen@example.org,devinlarsen,1938-07-24,Male,Sandovalview,2024-02-25,2025-02-24,Annual,0,0.28266990766261224,28.27,28.27,Low,Loyal,0.7132000000000001,0.18800000000000003,0,0,0,0,-50,4.1,0,0,Send renewal reminder | Recommend personalized content,Recommend premium Sci-Fi bundle | Recommend lifestyle and family content pack | Recommend family multi-screen plan
962,963,Darren Watson,benjamin46@example.org,benjamin46,2004-02-07,Male,Port Ryanside,2024-01-07,2025-01-06,Annual,0,0.43925156487233163,43.93,43.93,Medium,About to Leave,0.7096,0.08457142857142859,0,0,1,0,-99,4.8,0,0,Send renewal reminder | Assign priority support | Recommend personalized content,
963,964,John Johnson,kristy28@example.org,kristy28,1939-07-06,Male,Jessicahaven,2024-04-06,2025-04-06,Monthly,0,0.5969226831798512,59.69,59.69,Medium,About to Leave,0.7144,0.22733333333333333,1,0,0,1,-9,4.7,1,0,Send renewal reminder | Offer Annual Plan discount | Trigger engagement campaign | Recommend personalized content,
964,965,Lisa Stafford,joel09@example.org,joel09,1990-09-16,Male,Morrisonhaven,2024-01-15,2025-01-14,Annual,0,0.2824930806629384,28.25,28.25,Low,Loyal,0.8184000000000001,0.8346666666666668,0,0,0,0,-91,4.2,0,0,Send renewal reminder | Recommend personalized content,Recommend premium Comedy bundle | Recommend lifestyle and family content pack | Recommend offline mobile viewing pack | Offer loyalty reward / premium upsell
965,966,Daniel Miller,chavezbrooke@example.com,chavezbrooke,1980-10-27,Female,Sabrinahaven,2024-03-28,2025-03-28,Annual,0,0.3029899687124103,30.3,30.3,Low,About to Leave,0.7296,0.11840000000000002,0,0,0,0,-18,4.8,0,0,Send renewal reminder | Recommend personalized content,
966,967,Stacy Burke,christensenadam@example.com,christensenadam,1946-12-13,Female,Carolynfort,2024-04-12,2025-04-12,Annual,0,0.28497795614926114,28.5,28.5,Low,Loyal,0.7336,0.28600000000000003,0,0,0,0,-3,4.3,0,0,Send renewal reminder | Recommend personalized content,Recommend premium Action bundle | Recommend premium device streaming bundle | Recommend mobile premium pack
967,968,James Dominguez,paulawagner@example.com,paulawagner,1990-04-02,Male,Moraleshaven,2024-03-26,2025-03-26,Monthly,0,0.5766098528152521,57.66,57.66,Medium,About to Leave,0.7595999999999999,0.08586666666666667,1,0,1,0,-20,4.8,1,0,Send renewal reminder | Offer Annual Plan discount | Assign priority support | Recommend personalized content,
968,969,Wyatt Davis,hillmike@example.net,hillmike,1954-08-31,Male,Angelaland,2024-02-19,2025-02-18,Monthly,0,0.4770448384807809,47.7,47.7,Medium,About to Leave,0.7176,0.13706666666666667,1,0,0,0,-56,3.8,1,0,Send renewal reminder | Offer Annual Plan discount | Recommend personalized content,
969,970,Jason Rojas,ronald26@example.net,ronald26,1995-11-02,Female,West Arthur,2024-01-14,2025-01-13,Monthly,0,0.4368660641350468,43.69,43.69,Medium,About to Leave,0.7240000000000001,0.14500000000000002,1,0,0,0,-92,4.5,0,0,Send renewal reminder | Offer Annual Plan discount | Recommend personalized content,
970,971,Alison Peterson,erica72@example.org,erica72,1956-04-02,Male,North Andrew,2024-03-09,2025-03-09,Annual,0,0.4517017921920304,45.17,45.17,Medium,About to Leave,0.6984000000000001,0.07792592592592593,0,0,1,0,-37,4.2,0,0,Send renewal reminder | Assign priority support | Recommend personalized content,
971,972,Thomas English,gparrish@example.net,gparrish,1941-01-13,Male,East Jillton,2024-01-12,2025-01-11,Monthly,0,0.5773908603322372,57.74,57.74,Medium,About to Leave,0.7372000000000001,0.09440000000000001,1,0,1,0,-94,3.6,1,0,Send renewal reminder | Offer Annual Plan discount | Assign priority support | Recommend personalized content,
972,973,Gregory Reyes,nicole84@example.com,nicole84,1934-11-05,Female,Stevensfurt,2024-03-08,2025-03-08,Annual,0,0.2642056254892009,26.42,26.42,Low,Loyal,0.8276,0.47600000000000003,0,0,0,0,-38,3.8,0,0,Send renewal reminder | Recommend personalized content,Recommend premium device streaming bundle | Recommend offline mobile viewing pack | Offer loyalty reward / premium upsell
973,974,Michael Moore,xcraig@example.net,xcraig,1957-10-12,Female,Amyport,2024-02-21,2025-02-20,Annual,0,0.30824326450389666,30.82,30.82,Low,About to Leave,0.7332000000000001,0.5640000000000001,0,0,0,0,-54,4.1,0,0,Send renewal reminder | Recommend personalized content,
974,975,Dale Gomez,erin46@example.com,erin46,1940-06-27,Female,Ryanshire,2024-02-11,2025-02-10,Annual,0,0.4393575320227734,43.94,43.94,Medium,About to Leave,0.6812,0.08785185185185186,0,0,1,0,-64,3.1,0,0,Send renewal reminder | Assign priority support | Collect feedback and offer service recovery | Recommend personalized content,
975,976,Alisha Murray,timothycollins@example.org,timothycollins,1952-12-19,Male,North Williamtown,2024-03-11,2025-03-11,Annual,0,0.45290214061805695,45.29,45.29,Medium,About to Leave,0.682,0.07333333333333335,0,0,1,0,-35,3.5,0,0,Send renewal reminder | Assign priority support | Recommend personalized content,
976,977,Mr. Jeffrey Jones,humphreyanthony@example.org,humphreyanthony,1981-03-06,Female,Gloriaside,2024-02-24,2025-02-23,Monthly,0,0.5603111763276247,56.03,56.03,Medium,About to Leave,0.7444000000000002,0.10304761904761905,1,0,1,0,-51,4.7,1,0,Send renewal reminder | Offer Annual Plan discount | Assign priority support | Recommend personalized content,
977,978,Mikayla Lindsey,ann95@example.org,ann95,1992-02-19,Female,Jonesmouth,2024-01-25,2025-01-24,Annual,0,0.4082724053794452,40.83,40.83,Medium,About to Leave,0.7472000000000001,0.10488888888888889,0,0,1,0,-81,3.6,0,0,Send renewal reminder | Assign priority support | Recommend personalized content,
978,979,Paul Dalton,austinburton@example.com,austinburton,1963-01-02,Female,Phillipsfurt,2024-04-11,2025-04-11,Monthly,0,0.46100086385959493,46.1,46.1,Medium,About to Leave,0.6876,0.138,1,0,0,0,-4,3.8,0,0,Send renewal reminder | Offer Annual Plan discount | Recommend personalized content,
979,980,Karen Hodges,ebauer@example.org,ebauer,1953-05-20,Male,Anthonytown,2024-04-07,2025-04-07,Annual,0,0.3010154352549412,30.1,30.1,Low,About to Leave,0.7492000000000001,0.29200000000000004,0,0,0,0,-8,4.6,0,0,Send renewal reminder | Recommend personalized content,
980,981,David George,wheelercaroline@example.net,wheelercaroline,1984-01-25,Female,New Chloeberg,2024-04-05,2025-04-05,Annual,0,0.41717108375468015,41.72,41.72,Medium,About to Leave,0.7792,0.08945454545454545,0,0,1,0,-10,4.6,0,0,Send renewal reminder | Assign priority support | Recommend personalized content,
981,982,Mary Underwood,derrick67@example.com,derrick67,1984-09-28,Female,Beckymouth,2024-03-11,2025-03-11,Monthly,0,0.4367209662711521,43.67,43.67,Medium,About to Leave,0.7364,0.19866666666666669,1,0,0,0,-35,3.2,0,0,Send renewal reminder | Offer Annual Plan discount | Collect feedback and offer service recovery | Recommend personalized content,
982,983,Robin Davidson,carltate@example.org,carltate,1977-10-22,Female,Meyerstad,2024-03-12,2025-03-12,Annual,0,0.6732751132144278,67.33,67.33,High,About to Leave,0.5716000000000001,0.04429629629629629,0,0,1,1,-34,3.3,1,0,Send renewal reminder | Assign priority support | Trigger engagement campaign | Collect feedback and offer service recovery | Recommend personalized content,
983,984,Kathryn Lopez PhD,davidarmstrong@example.com,davidarmstrong,1978-02-20,Male,Ramirezberg,2024-03-15,2025-03-15,Annual,0,0.2726930718967531,27.27,27.27,Low,Loyal,0.7424000000000001,0.3406666666666667,0,0,0,0,-31,3.7,0,0,Send renewal reminder | Recommend personalized content,Recommend premium Comedy bundle | Recommend lifestyle and family content pack | Recommend offline mobile viewing pack
984,985,Robert Robinson,davidmorrison@example.net,davidmorrison,1952-11-16,Female,Newtonview,2024-03-19,2025-03-19,Annual,0,0.4013383852963525,40.13,40.13,Medium,About to Leave,0.7132000000000001,0.09961904761904762,0,0,1,0,-27,4.1,0,0,Send renewal reminder | Assign priority support | Recommend personalized content,
985,986,Tina Schmitt,harveymargaret@example.org,harveymargaret,1976-09-24,Female,East Aaron,2024-03-03,2025-03-03,Monthly,0,0.6165220126378809,61.65,61.65,Medium,About to Leave,0.6212,0.07485714285714286,1,0,1,0,-43,3.1,1,0,Send renewal reminder | Offer Annual Plan discount | Assign priority support | Collect feedback and offer service recovery | Recommend personalized content,
986,987,Christina Serrano,marycook@example.org,marycook,1983-08-24,Female,Shanestad,2024-03-27,2025-03-27,Annual,0,0.4300855898964911,43.01,43.01,Medium,About to Leave,0.7248000000000001,0.07293333333333334,0,0,1,0,-19,4.9,0,0,Send renewal reminder | Assign priority support | Recommend personalized content,
987,988,Jacob Quinn,jensenkaren@example.net,jensenkaren,1954-03-21,Male,Combsberg,2024-01-25,2025-01-24,Monthly,0,0.46700987823714823,46.7,46.7,Medium,About to Leave,0.6864,0.13226666666666667,1,0,0,0,-81,3.2,0,0,Send renewal reminder | Offer Annual Plan discount | Collect feedback and offer service recovery | Recommend personalized content,
988,989,Paul Torres,joshua13@example.org,joshua13,1959-02-13,Male,Port Angela,2024-01-08,2025-01-07,Annual,0,0.2943608232155271,29.44,29.44,Low,Loyal,0.7691999999999999,0.17933333333333334,0,0,0,0,-98,4.6,0,0,Send renewal reminder | Recommend personalized content,Recommend premium Action bundle | Recommend premium device streaming bundle | Recommend mobile premium pack | Offer loyalty reward / premium upsell
989,990,Glenda Brown,kathryn87@example.org,kathryn87,2002-07-17,Male,Palmerside,2024-01-28,2025-01-27,Monthly,0,0.6475657354132112,64.76,64.76,Medium,About to Leave,0.6316,0.13288888888888886,1,0,0,1,-78,3.3,1,0,Send renewal reminder | Offer Annual Plan discount | Trigger engagement campaign | Collect feedback and offer service recovery | Recommend personalized content,
990,991,Amy Fleming,robert59@example.org,robert59,1984-01-19,Female,New Dawnton,2024-03-23,2025-03-23,Monthly,0,0.44695724829656014,44.7,44.7,Medium,About to Leave,0.756,0.184,1,0,0,0,-23,3.0,0,0,Send renewal reminder | Offer Annual Plan discount | Collect feedback and offer service recovery | Recommend personalized content,
991,992,Susan Rivera,kcrawford@example.net,kcrawford,1950-07-26,Male,Davidsonview,2024-04-06,2025-04-06,Monthly,0,0.5799774107116313,58.0,58.0,Medium,About to Leave,0.696,0.11238095238095239,1,0,1,0,-9,3.0,1,0,Send renewal reminder | Offer Annual Plan discount | Assign priority support | Collect feedback and offer service recovery | Recommend personalized content,
992,993,Suzanne Gordon,edwardsbrandon@example.net,edwardsbrandon,1970-07-30,Male,Bishopberg,2024-01-01,2024-12-31,Annual,0,0.4821706615156355,48.22,48.22,Medium,About to Leave,0.6468,0.06693333333333333,0,0,1,0,-105,3.4,1,0,Send renewal reminder | Assign priority support | Collect feedback and offer service recovery | Recommend personalized content,
993,994,Ann Murphy,melissa81@example.com,melissa81,1961-02-17,Male,West Seanbury,2024-03-20,2025-03-20,Monthly,0,0.5669502898244051,56.7,56.7,Medium,About to Leave,0.7040000000000001,0.07133333333333333,1,0,1,0,-26,4.5,1,0,Send renewal reminder | Offer Annual Plan discount | Assign priority support | Recommend personalized content,
994,995,Brandon Richardson,msmith@example.net,msmith,1998-09-24,Female,South William,2024-01-28,2025-01-27,Annual,0,0.32541906642388463,32.54,32.54,Low,About to Leave,0.7416,0.1996666666666667,0,0,0,0,-78,3.3,0,0,Send renewal reminder | Collect feedback and offer service recovery | Recommend personalized content,
995,996,Anna Wilson,curtispotter@example.org,curtispotter,1977-12-26,Male,West Cathy,2024-03-28,2025-03-28,Monthly,0,0.46661352414438007,46.66,46.66,Medium,About to Leave,0.7324,0.22711111111111112,1,0,0,0,-18,3.7,0,0,Send renewal reminder | Offer Annual Plan discount | Recommend personalized content,
996,997,Amanda Whitehead,youngamanda@example.org,youngamanda,1978-01-23,Female,Port Ryan,2024-03-07,2025-03-07,Annual,0,0.4501408083154507,45.01,45.01,Medium,About to Leave,0.6164000000000001,0.066,0,0,1,0,-39,3.2,0,0,Send renewal reminder | Assign priority support | Collect feedback and offer service recovery | Recommend personalized content,
997,998,Melinda Hicks,pellison@example.com,pellison,1987-11-21,Male,Jacquelineland,2024-01-15,2025-01-14,Monthly,0,0.4157551769550214,41.58,41.58,Medium,About to Leave,0.8091999999999999,0.21266666666666667,1,0,0,0,-91,4.6,0,0,Send renewal reminder | Offer Annual Plan discount | Recommend personalized content,
998,999,Dr. Kimberly Jackson,nicolerose@example.net,nicolerose,1986-05-08,Female,Cervanteshaven,2024-03-12,2025-03-12,Annual,0,0.282873958364752,28.29,28.29,Low,Loyal,0.7364,0.19866666666666669,0,0,0,0,-34,3.2,0,0,Send renewal reminder | Collect feedback and offer service recovery | Recommend personalized content,Recommend premium Action bundle | Recommend reading/documentary combo | Recommend offline mobile viewing pack
999,1000,Ryan Allen,aross@example.net,aross,1945-12-17,Female,Robinsonchester,2024-01-11,2025-01-10,Annual,0,0.31158513968234797,31.16,31.16,Low,About to Leave,0.744,0.11888888888888889,0,0,0,0,-95,4.5,0,0,Send renewal reminder | Recommend personalized content,
1000,1001,Jennifer Gomez,scottsara@example.net,scottsara,1996-11-09,Female,Port Christopher,2024-01-09,2025-01-08,Monthly,0,0.6705186202307876,67.05,67.05,High,About to Leave,0.5963999999999999,0.06577777777777778,1,0,0,1,-97,3.2,1,0,Send renewal reminder | Offer Annual Plan discount | Trigger engagement campaign | Collect feedback and offer service recovery | Recommend personalized content,
1001,1002,John White,kimzoe@example.org,kimzoe,1969-04-27,Female,South Tony,2024-04-09,2025-04-09,Annual,0,0.4388294148791378,43.88,43.88,Medium,About to Leave,0.7,0.06666666666666668,0,0,1,0,-6,5.0,0,0,Send renewal reminder | Assign priority support | Recommend personalized content,
1002,1003,Andrew Griffith,elizabeth37@example.org,elizabeth37,1979-06-10,Female,Lake Kristin,2024-01-28,2025-01-27,Annual,0,0.24243364122559208,24.24,24.24,Low,Loyal,0.8848000000000001,0.49800000000000005,0,0,0,0,-78,4.9,0,0,Send renewal reminder | Recommend personalized content,Recommend reading/documentary combo | Recommend offline mobile viewing pack | Offer loyalty reward / premium upsell
1003,1004,Walter Brown,jonathonavila@example.net,jonathonavila,1948-02-06,Male,East Timothystad,2024-01-31,2025-01-30,Annual,0,0.45289409028668604,45.29,45.29,Medium,About to Leave,0.6872,0.0736969696969697,0,0,1,0,-75,3.6,0,0,Send renewal reminder | Assign priority support | Recommend personalized content,
1004,1005,Laurie Price,stewartjulie@example.org,stewartjulie,1956-06-04,Male,South Thomasborough,2024-03-01,2025-03-01,Monthly,0,0.5729537634235832,57.3,57.3,Medium,About to Leave,0.6912,0.09883333333333334,1,0,1,0,-45,3.1,1,0,Send renewal reminder | Offer Annual Plan discount | Assign priority support | Collect feedback and offer service recovery | Recommend personalized content,
1005,1006,Holly Odom,matthewburke@example.com,matthewburke,1953-05-13,Female,Robinsonview,2024-01-22,2025-01-21,Annual,0,0.48939302320855904,48.94,48.94,Medium,About to Leave,0.6276,0.055200000000000006,0,0,1,0,-84,3.8,1,0,Send renewal reminder | Assign priority support | Recommend personalized content,
1006,1007,Beth Michael,natalie09@example.com,natalie09,1997-03-29,Female,Amyhaven,2024-02-13,2025-02-12,Monthly,0,0.3976766824314331,39.77,39.77,Medium,About to Leave,0.8428000000000001,0.9560000000000001,1,0,0,0,-62,3.9,0,0,Send renewal reminder | Offer Annual Plan discount | Recommend personalized content,
1007,1008,Stephen Moreno,elizabeth09@example.com,elizabeth09,1944-03-23,Female,West Michael,2024-01-13,2025-01-12,Monthly,0,0.42749288150845904,42.75,42.75,Medium,About to Leave,0.754,0.14266666666666666,1,0,0,0,-93,4.5,0,0,Send renewal reminder | Offer Annual Plan discount | Recommend personalized content,
1008,1009,Luis Chavez,benjaminthomas@example.org,benjaminthomas,1966-07-31,Male,Davidtown,2024-03-13,2025-03-13,Monthly,0,0.6163166310786679,61.63,61.63,Medium,About to Leave,0.6012,0.058222222222222224,1,0,1,0,-33,3.1,1,0,Send renewal reminder | Offer Annual Plan discount | Assign priority support | Collect feedback and offer service recovery | Recommend personalized content,
1009,1010,Raymond Armstrong,dgarcia@example.com,dgarcia,1999-04-03,Male,East Carrieville,2024-02-29,2025-02-28,Monthly,0,0.5291340921983384,52.91,52.91,Medium,About to Leave,0.7784,0.10755555555555557,1,0,1,0,-46,4.2,1,0,Send renewal reminder | Offer Annual Plan discount | Assign priority support | Recommend personalized content,
1010,1011,Laura Conrad,xsanchez@example.com,xsanchez,1941-04-04,Male,Lake Tina,2024-01-04,2025-01-03,Annual,0,0.47050235566811094,47.05,47.05,Medium,About to Leave,0.6796,0.07644444444444444,0,0,0,1,-102,4.8,0,0,Send renewal reminder | Trigger engagement campaign | Recommend personalized content,
1011,1012,Sharon White,sjones@example.net,sjones,1992-01-28,Female,East Anthonyhaven,2024-04-02,2025-04-02,Annual,0,0.6346216423530393,63.46,63.46,Medium,About to Leave,0.5876000000000001,0.04186666666666667,0,0,1,1,-13,3.8,1,0,Send renewal reminder | Assign priority support | Trigger engagement campaign | Recommend personalized content,
1012,1013,Nicole Lopez,washingtondanielle@example.net,washingtondanielle,1990-02-13,Female,New Ryan,2024-04-12,2025-04-12,Annual,0,0.3216501042714068,32.17,32.17,Low,About to Leave,0.7424000000000001,0.1357777777777778,0,0,0,0,-3,3.7,0,0,Send renewal reminder | Recommend personalized content,
1013,1014,Daniel Goodman,paynejill@example.com,paynejill,1937-05-20,Male,New Robert,2024-03-29,2025-03-29,Monthly,0,0.6317407361089252,63.17,63.17,Medium,About to Leave,0.6280000000000001,0.05090909090909091,1,0,1,0,-17,4.0,1,0,Send renewal reminder | Offer Annual Plan discount | Assign priority support | Recommend personalized content,
1014,1015,Dawn Burke,jimmymeyers@example.net,jimmymeyers,1945-11-22,Male,Rodriguezport,2024-01-07,2025-01-06,Annual,0,0.2848562390205434,28.49,28.49,Low,Loyal,0.6864,0.528,0,0,0,0,-99,3.2,0,0,Send renewal reminder | Collect feedback and offer service recovery | Recommend personalized content,Recommend premium Action bundle | Recommend premium device streaming bundle | Recommend mobile premium pack
1015,1016,Matthew Salinas,martinezkatherine@example.org,martinezkatherine,1992-03-16,Female,Johnhaven,2024-03-26,2025-03-26,Monthly,0,0.5518716837850495,55.19,55.19,Medium,About to Leave,0.7548000000000001,0.07842424242424244,1,0,1,0,-20,4.9,1,0,Send renewal reminder | Offer Annual Plan discount | Assign priority support | Recommend personalized content,
1016,1017,Deborah Andrade,nhayden@example.net,nhayden,1944-03-15,Female,West Jessica,2024-03-31,2025-03-31,Monthly,0,0.4488403534195316,44.88,44.88,Medium,About to Leave,0.7368,0.6693333333333333,1,0,0,0,-15,3.4,0,0,Send renewal reminder | Offer Annual Plan discount | Collect feedback and offer service recovery | Recommend personalized content,
1017,1018,Beth Schmidt,nfarrell@example.com,nfarrell,1956-02-01,Female,Judithville,2024-02-27,2025-02-26,Annual,0,0.4330184373031212,43.3,43.3,Medium,About to Leave,0.7336000000000001,0.08386666666666667,0,0,1,0,-48,4.3,0,0,Send renewal reminder | Assign priority support | Recommend personalized content,
1018,1019,Joseph Harrison,jose85@example.net,jose85,1950-03-27,Male,Rodriguezborough,2024-01-18,2025-01-17,Monthly,0,0.4521074237435676,45.21,45.21,Medium,About to Leave,0.748,0.23111111111111113,1,0,0,0,-88,4.0,0,0,Send renewal reminder | Offer Annual Plan discount | Recommend personalized content,
1019,1020,Austin Mosley,reginarichards@example.org,reginarichards,1939-05-30,Male,Joshualand,2024-03-22,2025-03-22,Monthly,0,0.59283282725269,59.28,59.28,Medium,About to Leave,0.7224000000000002,0.10183333333333335,1,0,1,0,-24,3.7,1,0,Send renewal reminder | Offer Annual Plan discount | Assign priority support | Recommend personalized content,
1020,1021,Devin Watkins,morenoanna@example.net,morenoanna,1988-08-05,Male,West Theresa,2024-01-24,2025-01-23,Monthly,0,0.41540463037263425,41.54,41.54,Medium,About to Leave,0.7791999999999999,0.23911111111111114,1,0,0,0,-82,4.6,0,0,Send renewal reminder | Offer Annual Plan discount | Recommend personalized content,
1021,1022,Amanda Wilson,guerrerojessica@example.com,guerrerojessica,1955-01-27,Male,Flynnbury,2024-01-07,2025-01-06,Monthly,0,0.47035207938075696,47.04,47.04,Medium,About to Leave,0.712,0.16833333333333333,1,0,0,0,-99,3.5,0,0,Send renewal reminder | Offer Annual Plan discount | Recommend personalized content,
1022,1023,Michael Willis,chaveznatasha@example.net,chaveznatasha,1936-05-17,Female,South Jason,2024-03-18,2025-03-18,Annual,0,0.3010988354258456,30.11,30.11,Low,About to Leave,0.7864,0.30933333333333335,0,0,0,0,-28,3.2,0,0,Send renewal reminder | Collect feedback and offer service recovery | Recommend personalized content,
1023,1024,Donna Trevino,steven89@example.org,steven89,1983-11-17,Female,Sandrafurt,2024-03-28,2025-03-28,Annual,0,0.5117658898835644,51.18,51.18,Medium,About to Leave,0.6432,0.07177777777777777,0,0,0,1,-18,4.1,1,0,Send renewal reminder | Trigger engagement campaign | Recommend personalized content,
1024,1025,Susan Smith,rossdeborah@example.net,rossdeborah,1984-02-07,Female,West Crystal,2024-03-26,2025-03-26,Monthly,0,0.43295841524704576,43.3,43.3,Medium,About to Leave,0.7296,0.11840000000000002,1,0,0,0,-20,4.8,0,0,Send renewal reminder | Offer Annual Plan discount | Recommend personalized content,
1025,1026,Heather Snyder,francisco20@example.com,francisco20,1982-10-08,Female,South Ashleymouth,2024-01-29,2025-01-28,Monthly,0,0.6342887090028605,63.43,63.43,Medium,About to Leave,0.6364,0.19733333333333333,1,0,0,1,-77,3.2,1,0,Send renewal reminder | Offer Annual Plan discount | Trigger engagement campaign | Collect feedback and offer service recovery | Recommend personalized content,
1026,1027,Corey Riley,michaeljohnson@example.net,michaeljohnson,1947-07-30,Male,West Lisaport,2024-01-01,2024-12-31,Monthly,0,0.38701606981809744,38.7,38.7,Medium,About to Leave,0.8748000000000001,0.332,1,0,0,0,-105,4.9,0,0,Send renewal reminder | Offer Annual Plan discount | Recommend personalized content,
1027,1028,Deanna Burke,jessicagraham@example.net,jessicagraham,1973-05-19,Female,Port Amanda,2024-01-03,2025-01-02,Monthly,0,0.6416547776869818,64.17,64.17,Medium,About to Leave,0.6172000000000001,0.054400000000000004,1,0,1,0,-103,3.6,1,0,Send renewal reminder | Offer Annual Plan discount | Assign priority support | Recommend personalized content,
1028,1029,Eric Hernandez,richarddickson@example.com,richarddickson,1975-02-04,Male,New Robert,2024-04-08,2025-04-08,Annual,0,0.3101278541476272,31.01,31.01,Low,About to Leave,0.6672,0.10880000000000001,0,0,0,0,-7,3.6,0,0,Send renewal reminder | Recommend personalized content,
1029,1030,Valerie Mendoza,nicole85@example.net,nicole85,1935-05-22,Male,West Jessica,2024-02-14,2025-02-13,Annual,0,0.30878678933097126,30.88,30.88,Low,About to Leave,0.6812,0.524,0,0,0,0,-61,3.1,0,0,Send renewal reminder | Collect feedback and offer service recovery | Recommend personalized content,
1030,1031,Tammy Chapman,marysmall@example.net,marysmall,1971-11-23,Female,Gomezburgh,2024-03-25,2025-03-25,Annual,0,0.3049458906213613,30.49,30.49,Low,About to Leave,0.7591999999999999,0.1434666666666667,0,0,0,0,-21,4.6,0,0,Send renewal reminder | Recommend personalized content,
1031,1032,Shawn Simpson,cervantesjames@example.org,cervantesjames,1941-10-17,Male,East Robert,2024-02-26,2025-02-25,Monthly,0,0.57624481782831,57.62,57.62,Medium,About to Leave,0.6916,0.08874074074074075,1,0,1,0,-49,3.3,1,0,Send renewal reminder | Offer Annual Plan discount | Assign priority support | Collect feedback and offer service recovery | Recommend personalized content,
1032,1033,Michael Webb,taylorjose@example.com,taylorjose,1963-06-29,Male,South Nancyborough,2024-01-18,2025-01-17,Monthly,0,0.585682270094882,58.57,58.57,Medium,About to Leave,0.6991999999999999,0.06521212121212122,1,0,1,0,-88,4.6,1,0,Send renewal reminder | Offer Annual Plan discount | Assign priority support | Recommend personalized content,
1033,1034,Alexandra Gonzales DVM,htorres@example.org,htorres,2006-04-09,Female,South Kelsey,2024-02-21,2025-02-20,Monthly,0,0.4279516489222893,42.8,42.8,Medium,About to Leave,0.8184,0.19360000000000002,1,0,0,0,-54,4.2,0,0,Send renewal reminder | Offer Annual Plan discount | Recommend personalized content,
1034,1035,Christopher Maddox,wandamendoza@example.com,wandamendoza,1945-02-28,Female,Lake Yvonne,2024-04-10,2025-04-10,Monthly,0,0.6179808507233684,61.8,61.8,Medium,About to Leave,0.6884000000000001,0.07013333333333334,1,0,1,0,-5,4.2,1,0,Send renewal reminder | Offer Annual Plan discount | Assign priority support | Recommend personalized content,
1035,1036,Jose Hunt,jonbrooks@example.org,jonbrooks,1992-06-19,Male,Robinsonfurt,2024-03-27,2025-03-27,Monthly,0,0.605704329847115,60.57,60.57,Medium,About to Leave,0.6992,0.15022222222222223,1,0,0,1,-19,4.6,1,0,Send renewal reminder | Offer Annual Plan discount | Trigger engagement campaign | Recommend personalized content,
1036,1037,Robert Woods,russellantonio@example.com,russellantonio,1992-05-12,Male,Chapmanfort,2024-02-29,2025-02-28,Annual,0,0.5011208188593805,50.11,50.11,Medium,About to Leave,0.6016,0.053200000000000004,0,0,1,0,-46,3.3,1,0,Send renewal reminder | Assign priority support | Collect feedback and offer service recovery | Recommend personalized content,
1037,1038,Diana Garcia,austin32@example.com,austin32,1990-04-13,Male,Port Jessica,2024-04-12,2025-04-12,Monthly,0,0.46715531476968875,46.72,46.72,Medium,About to Leave,0.752,0.2016666666666667,1,0,0,0,-3,3.5,0,0,Send renewal reminder | Offer Annual Plan discount | Recommend personalized content,
1038,1039,Crystal Ewing,stephenweiss@example.org,stephenweiss,2002-09-24,Female,Shawnmouth,2024-03-13,2025-03-13,Monthly,0,0.6004100731662597,60.04,60.04,Medium,About to Leave,0.6480000000000001,0.06222222222222223,1,0,1,0,-33,4.0,1,0,Send renewal reminder | Offer Annual Plan discount | Assign priority support | Recommend personalized content,
1039,1040,Amber Webster,masonmorrison@example.net,masonmorrison,1936-06-21,Male,Gilbertbury,2024-04-04,2025-04-04,Annual,0,0.27986730588442266,27.99,27.99,Low,Loyal,0.8348000000000001,0.2875555555555556,0,0,0,0,-11,4.9,0,0,Send renewal reminder | Recommend personalized content,Recommend premium Sci-Fi bundle | Recommend premium device streaming bundle | Recommend offline mobile viewing pack | Offer loyalty reward / premium upsell
1040,1041,Tyler Hernandez,jenniferroberts@example.net,jenniferroberts,1970-04-13,Female,Michaelmouth,2024-03-11,2025-03-11,Monthly,0,0.4257089626026255,42.57,42.57,Medium,About to Leave,0.7824000000000001,0.4073333333333334,1,0,0,0,-35,3.7,0,0,Send renewal reminder | Offer Annual Plan discount | Recommend personalized content,
1041,1042,Keith Torres,powersmary@example.net,powersmary,1937-01-23,Male,North Michaelborough,2024-02-10,2025-02-09,Monthly,0,0.39715424803051785,39.72,39.72,Medium,About to Leave,0.8440000000000001,0.24500000000000002,1,0,0,0,-65,4.5,0,0,Send renewal reminder | Offer Annual Plan discount | Recommend personalized content,
1042,1043,Leslie Phillips,glarsen@example.org,glarsen,1935-02-28,Female,New Andrea,2024-03-04,2025-03-04,Annual,0,0.3163475927749563,31.63,31.63,Low,About to Leave,0.7628,0.16453333333333336,0,0,0,0,-42,3.9,0,0,Send renewal reminder | Recommend personalized content,
1043,1044,Michelle Thompson,kellyortega@example.net,kellyortega,1939-02-11,Male,New Steven,2024-03-02,2025-03-02,Annual,0,0.5185747772858073,51.86,51.86,Medium,About to Leave,0.5916,0.048363636363636366,0,0,1,0,-44,3.3,1,0,Send renewal reminder | Assign priority support | Collect feedback and offer service recovery | Recommend personalized content,
1044,1045,Connie Brown,summer40@example.net,summer40,1933-11-24,Male,Lopezmouth,2024-03-29,2025-03-29,Monthly,0,0.5966159325076998,59.66,59.66,Medium,About to Leave,0.7296,0.45866666666666667,1,0,0,1,-17,4.8,1,0,Send renewal reminder | Offer Annual Plan discount | Trigger engagement campaign | Recommend personalized content,
1045,1046,Nathaniel Shepherd,lamblaurie@example.org,lamblaurie,1940-02-04,Female,Brighttown,2024-01-28,2025-01-27,Monthly,0,0.5855781987365729,58.56,58.56,Medium,About to Leave,0.7072,0.09007407407407408,1,0,1,0,-78,3.6,1,0,Send renewal reminder | Offer Annual Plan discount | Assign priority support | Recommend personalized content,
1046,1047,Tara Bowman,penny06@example.net,penny06,1939-03-02,Male,East Brittany,2024-02-04,2025-02-03,Annual,0,0.38354306265601623,38.35,38.35,Medium,About to Leave,0.7584000000000002,0.11923809523809525,0,0,1,0,-71,4.2,0,0,Send renewal reminder | Assign priority support | Recommend personalized content,
1047,1048,Rhonda Foster,ymurphy@example.net,ymurphy,1997-08-22,Female,Davisville,2024-01-14,2025-01-13,Annual,0,0.472144453630341,47.21,47.21,Medium,About to Leave,0.678,0.06933333333333333,0,0,1,0,-92,4.0,0,0,Send renewal reminder | Assign priority support | Recommend personalized content,
1048,1049,Joseph Park,qwhite@example.com,qwhite,1953-01-11,Male,North Angela,2024-03-19,2025-03-19,Monthly,0,0.48574579063461654,48.57,48.57,Medium,About to Leave,0.6864,0.13226666666666667,1,0,0,0,-27,3.2,1,0,Send renewal reminder | Offer Annual Plan discount | Collect feedback and offer service recovery | Recommend personalized content,
1049,1050,David James,scott74@example.com,scott74,1938-08-03,Male,North Jamiestad,2024-03-17,2025-03-17,Monthly,0,0.445850355977236,44.59,44.59,Medium,About to Leave,0.752,0.2016666666666667,1,0,0,0,-29,3.5,0,0,Send renewal reminder | Offer Annual Plan discount | Recommend personalized content,
1050,1051,Cheryl Oneill,nathanielkennedy@example.org,nathanielkennedy,1963-02-11,Male,East Henry,2024-01-11,2025-01-10,Monthly,0,0.5750058664900871,57.5,57.5,Medium,About to Leave,0.7636000000000001,0.11980952380952382,1,0,1,0,-95,4.3,1,0,Send renewal reminder | Offer Annual Plan discount | Assign priority support | Recommend personalized content,
1051,1052,Doris Stevens,tuckerkelsey@example.org,tuckerkelsey,1956-07-12,Male,Shawnaside,2024-03-28,2025-03-28,Annual,0,0.5006610578541957,50.07,50.07,Medium,About to Leave,0.6276,0.06977777777777779,0,0,0,1,-18,3.8,1,0,Send renewal reminder | Trigger engagement campaign | Recommend personalized content,
1052,1053,Meghan Mathews,ruiznathan@example.net,ruiznathan,1946-12-30,Female,Vazqueztown,2024-03-28,2025-03-28,Monthly,0,0.7427208396691483,74.27,74.27,High,About to Leave,0.6592,0.06438095238095239,1,0,1,1,-18,4.6,1,0,Send renewal reminder | Offer Annual Plan discount | Assign priority support | Trigger engagement campaign | Recommend personalized content,
1053,1054,Anne Rush,kwaller@example.com,kwaller,1959-10-31,Male,West Michael,2024-01-08,2025-01-07,Monthly,1,0.7820118696387283,78.2,78.2,High,About to Leave,0.6024,0.05183333333333333,1,0,1,1,-98,3.7,1,1,Send renewal reminder | Offer Annual Plan discount | Assign priority support | Trigger engagement campaign | Recommend personalized content,
1054,1055,Loretta Bentley,dbailey@example.net,dbailey,1969-06-24,Female,Mitchellland,2024-01-02,2025-01-01,Annual,0,0.26824163064077383,26.82,26.82,Low,Loyal,0.7828,0.27422222222222226,0,0,0,0,-104,3.9,0,0,Send renewal reminder | Recommend personalized content,Recommend premium device streaming bundle | Recommend offline mobile viewing pack | Offer loyalty reward / premium upsell
1055,1056,Samantha Miller,ywhitehead@example.com,ywhitehead,1989-03-09,Male,Johnborough,2024-02-17,2025-02-16,Annual,0,0.3237915971528226,32.38,32.38,Low,About to Leave,0.6936,0.09533333333333334,0,0,0,0,-58,4.3,0,0,Send renewal reminder | Recommend personalized content,
1056,1057,William George,andrealevy@example.net,andrealevy,1960-10-02,Male,Feliciafort,2024-01-28,2025-01-27,Annual,0,0.25357311106301583,25.36,25.36,Low,Loyal,0.8444000000000002,0.8546666666666668,0,0,0,0,-78,4.7,0,0,Send renewal reminder | Recommend personalized content,Recommend premium Action bundle | Recommend lifestyle and family content pack | Recommend mobile premium pack | Offer loyalty reward / premium upsell
1057,1058,Miguel Dean,adam73@example.com,adam73,1941-10-16,Female,East Jesse,2024-02-23,2025-02-22,Monthly,0,0.45383480900944706,45.38,45.38,Medium,About to Leave,0.7532,0.23244444444444445,1,0,0,0,-52,4.1,0,0,Send renewal reminder | Offer Annual Plan discount | Recommend personalized content,
1058,1059,Scott Wagner,bridgethill@example.org,bridgethill,1978-08-29,Female,South Kellyhaven,2024-03-05,2025-03-05,Annual,0,0.454505105231857,45.45,45.45,Medium,About to Leave,0.646,0.08166666666666667,0,0,1,0,-41,3.0,0,0,Send renewal reminder | Assign priority support | Collect feedback and offer service recovery | Recommend personalized content,
1059,1060,Robert Campbell,randalljames@example.org,randalljames,1998-12-27,Female,North Hannahtown,2024-03-30,2025-03-30,Annual,0,0.29801305482592466,29.8,29.8,Low,Loyal,0.682,0.18000000000000002,0,0,0,0,-16,3.5,0,0,Send renewal reminder | Recommend personalized content,Recommend premium Comedy bundle | Recommend premium device streaming bundle | Recommend mobile premium pack
1060,1061,Jack Williams,brendan37@example.com,brendan37,1948-05-27,Male,East Jackieberg,2024-03-30,2025-03-30,Monthly,0,0.4872530360510402,48.73,48.73,Medium,About to Leave,0.7071999999999999,0.13546666666666668,1,0,0,0,-16,3.6,1,0,Send renewal reminder | Offer Annual Plan discount | Recommend personalized content,
1061,1062,Melissa Horn,trichardson@example.net,trichardson,1944-03-17,Male,Briannachester,2024-01-23,2025-01-22,Monthly,0,0.6024073486206842,60.24,60.24,Medium,About to Leave,0.7168000000000001,0.08509090909090909,1,0,1,0,-83,3.4,1,0,Send renewal reminder | Offer Annual Plan discount | Assign priority support | Collect feedback and offer service recovery | Recommend personalized content,
1062,1063,Paula Smith,kbates@example.org,kbates,1984-01-20,Female,New Charles,2024-01-29,2025-01-28,Monthly,0,0.43423144416842097,43.42,43.42,Medium,About to Leave,0.7976,0.1904,1,0,0,0,-77,3.8,0,0,Send renewal reminder | Offer Annual Plan discount | Recommend personalized content,
1063,1064,Scott Huynh,umontes@example.com,umontes,1955-06-23,Female,Howeborough,2024-02-05,2025-02-04,Annual,0,0.2940720459727407,29.41,29.41,Low,Loyal,0.7696000000000001,0.5920000000000001,0,0,0,0,-70,4.8,0,0,Send renewal reminder | Recommend personalized content,Recommend lifestyle and family content pack | Recommend offline mobile viewing pack | Offer loyalty reward / premium upsell
1064,1065,Amber Levy,ubrooks@example.org,ubrooks,1955-06-16,Female,East Christina,2024-01-05,2025-01-04,Monthly,0,0.5080283251158108,50.8,50.8,Medium,About to Leave,0.6711999999999999,0.10955555555555556,1,0,0,0,-101,3.1,1,0,Send renewal reminder | Offer Annual Plan discount | Collect feedback and offer service recovery | Recommend personalized content,
1065,1066,Lisa Mendez,strongkristen@example.com,strongkristen,1967-10-17,Female,Port Martin,2024-03-23,2025-03-23,Annual,0,0.2838179365099592,28.38,28.38,Low,Loyal,0.7476,0.3426666666666667,0,0,0,0,-23,3.8,0,0,Send renewal reminder | Recommend personalized content,Recommend premium Documentary bundle | Recommend reading/documentary combo | Recommend mobile premium pack
1066,1067,Sean Young,amyfloyd@example.com,amyfloyd,2004-03-20,Male,Markfort,2024-03-29,2025-03-29,Monthly,0,0.5590040428355043,55.9,55.9,Medium,About to Leave,0.7832000000000001,0.12050000000000001,1,0,1,0,-17,4.1,1,0,Send renewal reminder | Offer Annual Plan discount | Assign priority support | Recommend personalized content,
1067,1068,Malik Soto,rebecca57@example.org,rebecca57,1940-02-02,Female,Wardhaven,2024-02-04,2025-02-03,Monthly,0,0.5570407486285999,55.7,55.7,Medium,About to Leave,0.7240000000000001,0.08916666666666667,1,0,1,0,-71,4.5,1,0,Send renewal reminder | Offer Annual Plan discount | Assign priority support | Recommend personalized content,
1068,1069,Brittany Lang,esmith@example.org,esmith,1969-10-18,Female,Hillhaven,2024-02-14,2025-02-13,Annual,0,0.258636111721462,25.86,25.86,Low,Loyal,0.792,0.23500000000000001,0,0,0,0,-61,3.5,0,0,Send renewal reminder | Recommend personalized content,Recommend premium Documentary bundle | Recommend lifestyle and family content pack | Recommend offline mobile viewing pack | Offer loyalty reward / premium upsell
1069,1070,Kendra Williams,andreabutler@example.org,andreabutler,1937-02-19,Male,Dawnton,2024-01-02,2025-01-01,Annual,0,0.3278632009814857,32.79,32.79,Low,About to Leave,0.6812,0.524,0,0,0,0,-104,3.1,0,0,Send renewal reminder | Collect feedback and offer service recovery | Recommend personalized content,
1070,1071,John Spencer,megan63@example.org,megan63,1951-07-01,Female,Mercerbury,2024-03-12,2025-03-12,Annual,0,0.4568087989785723,45.68,45.68,Medium,About to Leave,0.6524000000000001,0.07828571428571429,0,0,1,0,-34,3.7,0,0,Send renewal reminder | Assign priority support | Recommend personalized content,
1071,1072,Donald Flowers,stacey20@example.com,stacey20,1994-04-22,Male,West Markmouth,2024-02-04,2025-02-03,Monthly,0,0.4760758788789241,47.61,47.61,Medium,About to Leave,0.6932,0.11280000000000001,1,0,0,0,-71,4.1,1,0,Send renewal reminder | Offer Annual Plan discount | Recommend personalized content,
1072,1073,Andre Webb,wbrown@example.com,wbrown,1935-08-20,Female,Patriciafurt,2024-02-09,2025-02-08,Annual,0,0.30364732204107514,30.36,30.36,Low,About to Leave,0.7464000000000001,0.2648888888888889,0,0,0,0,-66,3.2,0,0,Send renewal reminder | Collect feedback and offer service recovery | Recommend personalized content,
1073,1074,Courtney Morrison,harriswilliam@example.com,harriswilliam,1948-05-15,Male,Lake Karen,2024-01-28,2025-01-27,Annual,0,0.4525712589897041,45.26,45.26,Medium,About to Leave,0.6980000000000001,0.08666666666666667,0,0,1,0,-78,4.0,0,0,Send renewal reminder | Assign priority support | Recommend personalized content,
1074,1075,Daniel Baker,hbrowning@example.com,hbrowning,1957-01-05,Male,Lake Marymouth,2024-03-21,2025-03-21,Monthly,0,0.4652149138461688,46.52,46.52,Medium,About to Leave,0.7328,0.17233333333333334,1,0,0,0,-25,3.9,0,0,Send renewal reminder | Offer Annual Plan discount | Recommend personalized content,
1075,1076,Kathryn Smith,lindawilliams@example.net,lindawilliams,1941-05-18,Female,Williamsview,2024-01-08,2025-01-07,Monthly,0,0.427621762506912,42.76,42.76,Medium,About to Leave,0.7828,0.27422222222222226,1,0,0,0,-98,3.9,0,0,Send renewal reminder | Offer Annual Plan discount | Recommend personalized content,
1076,1077,Scott Love,newmaneric@example.org,newmaneric,1988-11-23,Male,Jeromefort,2024-02-18,2025-02-17,Monthly,0,0.4940599818251664,49.41,49.41,Medium,About to Leave,0.6668,0.134,1,0,0,0,-57,3.4,1,0,Send renewal reminder | Offer Annual Plan discount | Collect feedback and offer service recovery | Recommend personalized content,
1077,1078,Crystal Johnson,cwallace@example.org,cwallace,2002-02-18,Male,South James,2024-02-25,2025-02-24,Annual,0,0.43737036343941665,43.74,43.74,Medium,About to Leave,0.6788000000000001,0.07200000000000001,0,0,1,0,-50,4.4,0,0,Send renewal reminder | Assign priority support | Recommend personalized content,
1078,1079,Grant Silva,rogerperry@example.com,rogerperry,1979-03-03,Male,Dianaborough,2024-01-03,2025-01-02,Annual,0,0.28698617038425894,28.7,28.7,Low,Loyal,0.7991999999999999,0.17013333333333333,0,0,0,0,-103,4.6,0,0,Send renewal reminder | Recommend personalized content,Recommend reading/documentary combo | Recommend offline mobile viewing pack | Offer loyalty reward / premium upsell
1079,1080,Jennifer Farrell,christina85@example.net,christina85,1984-04-12,Male,Caseville,2024-03-21,2025-03-21,Annual,0,0.3324264660390774,33.24,33.24,Low,About to Leave,0.6764,0.11022222222222222,0,0,0,0,-25,3.2,0,0,Send renewal reminder | Collect feedback and offer service recovery | Recommend personalized content,
1080,1081,Jay Miller,darlenemorgan@example.net,darlenemorgan,1986-03-28,Male,East Joe,2024-01-23,2025-01-22,Monthly,0,0.4208266242160415,42.08,42.08,Medium,About to Leave,0.8228000000000001,0.3186666666666667,1,0,0,0,-83,3.9,0,0,Send renewal reminder | Offer Annual Plan discount | Recommend personalized content,
1081,1082,Sharon Smith,kimberly94@example.org,kimberly94,1941-03-17,Male,Ericastad,2024-03-17,2025-03-17,Monthly,0,0.4918396543761479,49.18,49.18,Medium,About to Leave,0.652,0.09000000000000001,1,0,0,0,-29,3.5,1,0,Send renewal reminder | Offer Annual Plan discount | Recommend personalized content,
1082,1083,Karla Lopez,michaellarson@example.com,michaellarson,1980-05-05,Male,North Tammy,2024-01-01,2024-12-31,Annual,0,0.4321255281931714,43.21,43.21,Medium,About to Leave,0.6828000000000001,0.0765925925925926,0,0,1,0,-105,3.9,0,0,Send renewal reminder | Assign priority support | Recommend personalized content,
1083,1084,Ashley Henry,fwallace@example.com,fwallace,1993-03-29,Female,Riverabury,2024-01-30,2025-01-29,Monthly,0,0.6148467928252982,61.48,61.48,Medium,About to Leave,0.6280000000000001,0.05090909090909091,1,0,1,0,-76,4.0,1,0,Send renewal reminder | Offer Annual Plan discount | Assign priority support | Recommend personalized content,
1084,1085,James Smith,jose31@example.org,jose31,1974-08-03,Male,South Krystal,2024-03-03,2025-03-03,Annual,0,0.4319495121283888,43.19,43.19,Medium,About to Leave,0.6664000000000001,0.09447619047619048,0,0,1,0,-43,3.2,0,0,Send renewal reminder | Assign priority support | Collect feedback and offer service recovery | Recommend personalized content,
1085,1086,Ms. Patricia Williams,rosemelissa@example.com,rosemelissa,1951-10-03,Female,Torresport,2024-02-01,2025-01-31,Monthly,0,0.5862236764658817,58.62,58.62,Medium,About to Leave,0.7600000000000001,0.0787878787878788,1,0,1,0,-74,5.0,1,0,Send renewal reminder | Offer Annual Plan discount | Assign priority support | Recommend personalized content,
1086,1087,Christopher Harding,pmedina@example.com,pmedina,1993-01-19,Female,East Jesseville,2024-02-25,2025-02-24,Annual,0,0.2878042838902949,28.78,28.78,Low,Loyal,0.772,0.4033333333333334,0,0,0,0,-50,3.5,0,0,Send renewal reminder | Recommend personalized content,Recommend premium device streaming bundle | Recommend family multi-screen plan | Offer loyalty reward / premium upsell
1087,1088,Katherine Carter,burnsscott@example.com,burnsscott,1957-04-17,Male,Hernandezmouth,2024-02-29,2025-02-28,Monthly,0,0.5799266215625338,57.99,57.99,Medium,About to Leave,0.7520000000000001,0.11750000000000001,1,0,1,0,-46,3.5,1,0,Send renewal reminder | Offer Annual Plan discount | Assign priority support | Recommend personalized content,
1088,1089,Gabriel Day,johnsontravis@example.org,johnsontravis,2002-11-20,Male,North Isabellaton,2024-02-20,2025-02-19,Monthly,0,0.375780210648638,37.58,37.58,Medium,About to Leave,0.8799999999999999,0.3333333333333333,1,0,0,0,-55,5.0,0,0,Send renewal reminder | Offer Annual Plan discount | Recommend personalized content,
1089,1090,Steve Smith,deborahrodgers@example.org,deborahrodgers,1979-01-11,Female,Williamshire,2024-03-19,2025-03-19,Annual,0,0.44596366369428103,44.6,44.6,Medium,About to Leave,0.666,0.07866666666666668,0,0,1,0,-27,3.0,0,0,Send renewal reminder | Assign priority support | Collect feedback and offer service recovery | Recommend personalized content,
1090,1091,Michael Lopez,rortiz@example.org,rortiz,1974-07-13,Male,Johnsonside,2024-02-18,2025-02-17,Annual,0,0.29505259096629843,29.51,29.51,Low,Loyal,0.7292000000000001,0.14600000000000002,0,0,0,0,-57,4.6,0,0,Send renewal reminder | Recommend personalized content,Recommend premium Comedy bundle | Recommend reading/documentary combo | Recommend offline mobile viewing pack
1091,1092,Rachel Moses,yvaughn@example.org,yvaughn,1991-10-30,Male,Mitchellchester,2024-02-07,2025-02-06,Monthly,0,0.5999609446089994,60.0,60.0,Medium,About to Leave,0.6888000000000001,0.06448484848484849,1,0,1,0,-68,4.4,1,0,Send renewal reminder | Offer Annual Plan discount | Assign priority support | Recommend personalized content,
1092,1093,Michael Gardner,gutierreznicholas@example.com,gutierreznicholas,1970-01-02,Female,Cookside,2024-03-03,2025-03-03,Annual,0,0.6522908973736405,65.23,65.23,High,About to Leave,0.5880000000000001,0.03878787878787879,0,0,1,1,-43,4.0,1,0,Send renewal reminder | Assign priority support | Trigger engagement campaign | Recommend personalized content,
1093,1094,John Roy,aaronmiller@example.org,aaronmiller,1948-10-04,Male,Port Stephanie,2024-01-11,2025-01-10,Monthly,0,0.5894393241050684,58.94,58.94,Medium,About to Leave,0.7096000000000001,0.06593939393939395,1,0,1,0,-95,4.8,1,0,Send renewal reminder | Offer Annual Plan discount | Assign priority support | Recommend personalized content,
1094,1095,Michael Ramirez,mramos@example.com,mramos,1991-08-05,Female,South Angela,2024-03-25,2025-03-25,Annual,0,0.29256616039708583,29.26,29.26,Low,Loyal,0.7248,0.09933333333333334,0,0,0,0,-21,4.9,0,0,Send renewal reminder | Recommend personalized content,Recommend premium Drama bundle | Recommend premium device streaming bundle | Recommend offline mobile viewing pack
1095,1096,Lynn Morris,guerrerosusan@example.org,guerrerosusan,2003-01-11,Male,Davidton,2024-03-17,2025-03-17,Annual,0,0.6298387890894138,62.98,62.98,Medium,About to Leave,0.5716000000000001,0.04429629629629629,0,0,1,1,-29,3.3,1,0,Send renewal reminder | Assign priority support | Trigger engagement campaign | Collect feedback and offer service recovery | Recommend personalized content,
1096,1097,Benjamin Garcia,kathyluna@example.net,kathyluna,1952-07-31,Female,Sarafurt,2024-03-01,2025-03-01,Monthly,0,0.6310733622998869,63.11,63.11,Medium,About to Leave,0.6372,0.10266666666666666,1,0,0,1,-45,3.6,1,0,Send renewal reminder | Offer Annual Plan discount | Trigger engagement campaign | Recommend personalized content,
1097,1098,Judy Smith,pclayton@example.net,pclayton,1958-08-01,Male,New Jennifer,2024-01-03,2025-01-02,Monthly,0,0.45258684753202033,45.26,45.26,Medium,About to Leave,0.7576,0.6853333333333333,1,0,0,0,-103,3.8,0,0,Send renewal reminder | Offer Annual Plan discount | Recommend personalized content,
1098,1099,Katherine Keith,evanselizabeth@example.com,evanselizabeth,2001-02-14,Female,East Stephanie,2024-03-28,2025-03-28,Annual,0,0.2395808197896314,23.96,23.96,Low,Loyal,0.8432000000000001,0.48200000000000004,0,0,0,0,-18,4.1,0,0,Send renewal reminder | Recommend personalized content,Recommend premium Drama bundle | Recommend premium device streaming bundle | Recommend offline mobile viewing pack | Offer loyalty reward / premium upsell
1099,1100,Micheal Mosley,adam03@example.org,adam03,1967-03-29,Female,New Donnahaven,2024-03-25,2025-03-25,Monthly,0,0.5420008792463089,54.2,54.2,Medium,About to Leave,0.7844000000000002,0.12209523809523812,1,0,1,0,-21,4.7,1,0,Send renewal reminder | Offer Annual Plan discount | Assign priority support | Recommend personalized content,
1100,1101,Daniel Anderson,shieldsmichelle@example.com,shieldsmichelle,2000-07-04,Female,Sanfordberg,2024-04-13,2025-04-13,Monthly,0,0.39451687736275276,39.45,39.45,Medium,About to Leave,0.8220000000000001,0.9400000000000001,1,0,0,0,-2,3.5,0,0,Send renewal reminder | Offer Annual Plan discount | Recommend personalized content,
1101,1102,Kelli Johnson,evanchan@example.net,evanchan,2005-06-20,Female,Davidmouth,2024-02-07,2025-02-06,Annual,0,0.4189350096090817,41.89,41.89,Medium,About to Leave,0.7488000000000001,0.09362962962962965,0,0,1,0,-68,4.4,0,0,Send renewal reminder | Assign priority support | Recommend personalized content,
1102,1103,Nicole Mitchell,wbaker@example.net,wbaker,1945-10-14,Male,Port John,2024-02-16,2025-02-15,Monthly,0,0.4408021785515092,44.08,44.08,Medium,About to Leave,0.768,0.6933333333333334,1,0,0,0,-59,4.0,0,0,Send renewal reminder | Offer Annual Plan discount | Recommend personalized content,
1103,1104,Jill Alexander,hmercado@example.com,hmercado,1949-11-10,Male,Lisatown,2024-01-09,2025-01-08,Annual,0,0.2875829294452985,28.76,28.76,Low,Loyal,0.758,0.3466666666666667,0,0,0,0,-97,4.0,0,0,Send renewal reminder | Recommend personalized content,Recommend premium device streaming bundle | Recommend family multi-screen plan
1104,1105,Cody Stone,prose@example.com,prose,1963-05-19,Male,Jacobtown,2024-01-30,2025-01-29,Monthly,0,0.43387947575418245,43.39,43.39,Medium,About to Leave,0.7436,0.5720000000000001,1,0,0,0,-76,4.3,0,0,Send renewal reminder | Offer Annual Plan discount | Recommend personalized content,
1105,1106,Heather Ward,kingmaria@example.net,kingmaria,1973-10-08,Female,Morrisshire,2024-03-04,2025-03-04,Monthly,0,0.4596205186612584,45.96,45.96,Medium,About to Leave,0.7332,0.13946666666666668,1,0,0,0,-42,4.1,0,0,Send renewal reminder | Offer Annual Plan discount | Recommend personalized content,
1106,1107,Kyle Johnson,jodihanson@example.org,jodihanson,2002-04-22,Male,Mcgeeshire,2024-02-22,2025-02-21,Monthly,0,0.6046258385076543,60.46,60.46,Medium,About to Leave,0.6872,0.0736969696969697,1,0,1,0,-53,3.6,1,0,Send renewal reminder | Offer Annual Plan discount | Assign priority support | Recommend personalized content,
1107,1108,Dale Cooley,ejensen@example.org,ejensen,1948-07-06,Male,Danielleborough,2024-01-11,2025-01-10,Monthly,0,0.42485084431035736,42.49,42.49,Medium,About to Leave,0.7544000000000001,0.12022222222222223,1,0,0,0,-95,4.7,0,0,Send renewal reminder | Offer Annual Plan discount | Recommend personalized content,
1108,1109,Megan Morgan,ashley76@example.com,ashley76,1989-12-05,Female,Jacksonborough,2024-01-16,2025-01-15,Monthly,0,0.41482616815648843,41.48,41.48,Medium,About to Leave,0.8240000000000001,0.16333333333333336,1,0,0,0,-90,4.5,0,0,Send renewal reminder | Offer Annual Plan discount | Recommend personalized content,
1109,1110,Angela Duncan,maria76@example.net,maria76,1944-10-20,Male,Larsonborough,2024-04-11,2025-04-11,Monthly,0,0.6029373766678192,60.29,60.29,Medium,About to Leave,0.6784000000000001,0.06375757575757576,1,0,1,0,-4,4.2,1,0,Send renewal reminder | Offer Annual Plan discount | Assign priority support | Recommend personalized content,
1110,1111,Katherine Savage,michaelnelson@example.org,michaelnelson,1993-08-27,Male,New Linda,2024-01-05,2025-01-04,Annual,0,0.4581165459572262,45.81,45.81,Medium,About to Leave,0.6812,0.08785185185185186,0,0,1,0,-101,3.1,0,0,Send renewal reminder | Assign priority support | Collect feedback and offer service recovery | Recommend personalized content,
1111,1112,William Bates,lpadilla@example.net,lpadilla,1960-06-21,Male,Alexisside,2024-01-30,2025-01-29,Monthly,0,0.42733859243064876,42.73,42.73,Medium,About to Leave,0.7264,0.6613333333333333,1,0,0,0,-76,3.2,0,0,Send renewal reminder | Offer Annual Plan discount | Collect feedback and offer service recovery | Recommend personalized content,
1112,1113,Katie Rice,william10@example.net,william10,1981-05-25,Female,Vangbury,2024-03-14,2025-03-14,Monthly,0,0.5714497248084794,57.14,57.14,Medium,About to Leave,0.7132000000000001,0.07551515151515152,1,0,1,0,-32,4.1,1,0,Send renewal reminder | Offer Annual Plan discount | Assign priority support | Recommend personalized content,
1113,1114,Heidi Greer,valenciajoseph@example.org,valenciajoseph,1975-01-23,Female,Greenburgh,2024-03-09,2025-03-09,Annual,0,0.4376806893427268,43.77,43.77,Medium,About to Leave,0.6932,0.07748148148148148,0,0,1,0,-37,4.1,0,0,Send renewal reminder | Assign priority support | Recommend personalized content,
1114,1115,Benjamin Simmons,boyersheri@example.com,boyersheri,1952-10-23,Male,Mccartyview,2024-03-09,2025-03-09,Annual,0,0.23092530058160474,23.09,23.09,Low,Loyal,0.8848000000000001,0.49800000000000005,0,0,0,0,-37,4.9,0,0,Send renewal reminder | Recommend personalized content,Recommend premium Documentary bundle | Recommend premium device streaming bundle | Recommend family multi-screen plan | Offer loyalty reward / premium upsell
1115,1116,Richard Simpson,christina08@example.net,christina08,1962-07-05,Male,North Christina,2024-02-01,2025-01-31,Monthly,0,0.5967611677337189,59.68,59.68,Medium,About to Leave,0.6568,0.07437037037037036,1,0,1,0,-74,3.4,1,0,Send renewal reminder | Offer Annual Plan discount | Assign priority support | Collect feedback and offer service recovery | Recommend personalized content,
1116,1117,Johnathan Garcia,daniel93@example.com,daniel93,1999-05-12,Female,Hurleyville,2024-02-03,2025-02-02,Monthly,0,0.5467950961538329,54.68,54.68,Medium,About to Leave,0.7480000000000001,0.08727272727272728,1,0,1,0,-72,4.0,1,0,Send renewal reminder | Offer Annual Plan discount | Assign priority support | Recommend personalized content,
1117,1118,Jacqueline Robinson,kevinholt@example.com,kevinholt,1936-05-06,Male,Suzannemouth,2024-01-05,2025-01-04,Annual,0,0.27280302347228,27.28,27.28,Low,Loyal,0.7648,0.12155555555555557,0,0,0,0,-101,4.9,0,0,Send renewal reminder | Recommend personalized content,Recommend premium Comedy bundle | Recommend premium device streaming bundle | Recommend offline mobile viewing pack | Offer loyalty reward / premium upsell
1118,1119,Blake Welch,aroberts@example.net,aroberts,1992-03-27,Male,Lake Corybury,2024-03-18,2025-03-18,Annual,0,0.3576019712257438,35.76,35.76,Medium,About to Leave,0.6312,0.08733333333333333,0,0,0,0,-28,3.1,0,0,Send renewal reminder | Collect feedback and offer service recovery | Recommend personalized content,
1119,1120,Erik Williams,qmiller@example.net,qmiller,1957-04-15,Female,Jimeneztown,2024-02-21,2025-02-20,Annual,0,0.28751564460723134,28.75,28.75,Low,Loyal,0.778,0.2066666666666667,0,0,0,0,-54,4.0,0,0,Send renewal reminder | Recommend personalized content,Recommend premium device streaming bundle | Recommend family multi-screen plan | Offer loyalty reward / premium upsell
1120,1121,Laura Ross,bfoster@example.net,bfoster,1944-08-15,Female,Armstrongberg,2024-04-13,2025-04-13,Monthly,0,0.3986408392406616,39.86,39.86,Medium,About to Leave,0.8692,0.492,1,0,0,0,-2,4.6,0,0,Send renewal reminder | Offer Annual Plan discount | Recommend personalized content,
1121,1122,Patrick Carter,andrew42@example.net,andrew42,1969-07-30,Female,Angelahaven,2024-01-17,2025-01-16,Monthly,0,0.6059691879190616,60.6,60.6,Medium,About to Leave,0.6612,0.07187878787878789,1,0,1,0,-89,3.1,1,0,Send renewal reminder | Offer Annual Plan discount | Assign priority support | Collect feedback and offer service recovery | Recommend personalized content,
1122,1123,Luis Mccoy,wilcoxkara@example.com,wilcoxkara,1953-11-19,Female,Silvaton,2024-03-02,2025-03-02,Monthly,0,0.47106802478792065,47.11,47.11,Medium,About to Leave,0.732,0.13444444444444445,1,0,0,0,-44,3.5,0,0,Send renewal reminder | Offer Annual Plan discount | Recommend personalized content,
1123,1124,Samuel James,julie98@example.net,julie98,1965-11-05,Female,East Robert,2024-01-19,2025-01-18,Monthly,0,0.3951296723150668,39.51,39.51,Medium,About to Leave,0.8440000000000001,0.24500000000000002,1,0,0,0,-87,4.5,0,0,Send renewal reminder | Offer Annual Plan discount | Recommend personalized content,
1124,1125,James Moody,michele73@example.com,michele73,1995-06-29,Female,East Sarahborough,2024-03-02,2025-03-02,Monthly,0,0.4087792832753691,40.88,40.88,Medium,About to Leave,0.7788,0.3546666666666667,1,0,0,0,-44,4.4,0,0,Send renewal reminder | Offer Annual Plan discount | Recommend personalized content,
1125,1126,Crystal Horton,bkirby@example.net,bkirby,2003-04-24,Male,Amyview,2024-01-12,2025-01-11,Annual,0,0.6388663390665744,63.89,63.89,Medium,About to Leave,0.6136000000000001,0.043866666666666665,0,0,1,1,-94,4.3,1,0,Send renewal reminder | Assign priority support | Trigger engagement campaign | Recommend personalized content,
1126,1127,Larry Bass,greese@example.net,greese,1949-06-03,Male,Lake Samantha,2024-02-05,2025-02-04,Monthly,0,0.44786884503825497,44.79,44.79,Medium,About to Leave,0.7128,0.278,1,0,0,0,-70,3.9,0,0,Send renewal reminder | Offer Annual Plan discount | Recommend personalized content,
1127,1128,Dennis Davis,isimmons@example.org,isimmons,1938-07-05,Female,Johnfort,2024-01-30,2025-01-29,Annual,0,0.6306206397960195,63.06,63.06,Medium,About to Leave,0.5712,0.04883333333333333,0,0,1,1,-76,3.1,1,0,Send renewal reminder | Assign priority support | Trigger engagement campaign | Collect feedback and offer service recovery | Recommend personalized content,
1128,1129,Jeffrey Harris,georgemullins@example.net,georgemullins,1937-07-23,Male,Rossmouth,2024-02-07,2025-02-06,Annual,0,0.40191499089722293,40.19,40.19,Medium,About to Leave,0.7324000000000002,0.11638095238095239,0,0,1,0,-68,3.7,0,0,Send renewal reminder | Assign priority support | Recommend personalized content,
1129,1130,Ashley Mendoza,carolyn16@example.net,carolyn16,1937-10-12,Female,West Thomas,2024-01-01,2024-12-31,Monthly,0,0.601479222479995,60.15,60.15,Medium,About to Leave,0.7048000000000001,0.07450000000000001,1,0,1,0,-105,4.9,1,0,Send renewal reminder | Offer Annual Plan discount | Assign priority support | Recommend personalized content,
1130,1131,Paul Jones,changchristy@example.net,changchristy,1973-12-29,Female,West Andrea,2024-02-05,2025-02-04,Annual,0,0.39723555193037974,39.72,39.72,Medium,About to Leave,0.7472000000000001,0.10488888888888889,0,0,1,0,-70,3.6,0,0,Send renewal reminder | Assign priority support | Recommend personalized content,
1131,1132,David Kramer,wrightjennifer@example.net,wrightjennifer,1984-04-02,Male,East Ivan,2024-01-30,2025-01-29,Monthly,0,0.5801879773080767,58.02,58.02,Medium,About to Leave,0.6664000000000001,0.09447619047619048,1,0,1,0,-76,3.2,1,0,Send renewal reminder | Offer Annual Plan discount | Assign priority support | Collect feedback and offer service recovery | Recommend personalized content,
1132,1133,Nichole Cobb,stephen50@example.com,stephen50,1943-03-27,Female,East Kylestad,2024-01-09,2025-01-08,Monthly,1,0.7736570598928542,77.37,77.37,High,About to Leave,0.6192000000000001,0.04096969696969697,1,0,1,1,-97,4.6,1,1,Send renewal reminder | Offer Annual Plan discount | Assign priority support | Trigger engagement campaign | Recommend personalized content,
1133,1134,Brooke Moore,rickyrobinson@example.com,rickyrobinson,1977-03-15,Female,North Hannahton,2024-03-02,2025-03-02,Monthly,0,0.45812250007701694,45.81,45.81,Medium,About to Leave,0.6872,0.18133333333333335,1,0,0,0,-44,3.6,0,0,Send renewal reminder | Offer Annual Plan discount | Recommend personalized content,
1134,1135,Margaret Harvey,emmawallace@example.com,emmawallace,1965-08-05,Male,North Matthew,2024-01-03,2025-01-02,Annual,0,0.2971869802484253,29.72,29.72,Low,Loyal,0.7636000000000001,0.23511111111111113,0,0,0,0,-103,4.3,0,0,Send renewal reminder | Recommend personalized content,Recommend premium Drama bundle | Recommend reading/documentary combo | Recommend family multi-screen plan | Offer loyalty reward / premium upsell
1135,1136,Carlos Myers,christinamiller@example.org,christinamiller,1952-09-18,Female,Taylorburgh,2024-04-11,2025-04-11,Monthly,0,0.6252312952593682,62.52,62.52,Medium,About to Leave,0.652,0.2033333333333333,1,0,0,1,-4,3.5,1,0,Send renewal reminder | Offer Annual Plan discount | Trigger engagement campaign | Recommend personalized content,
1136,1137,Kathleen Lloyd,ryanbarron@example.org,ryanbarron,1988-04-27,Female,Port Erichaven,2024-02-25,2025-02-24,Annual,0,0.44720174273393387,44.72,44.72,Medium,About to Leave,0.6812,0.08785185185185186,0,0,1,0,-50,3.1,0,0,Send renewal reminder | Assign priority support | Collect feedback and offer service recovery | Recommend personalized content,
1137,1138,Kevin Travis,brookemorales@example.net,brookemorales,1974-03-20,Male,Garciafort,2024-02-08,2025-02-07,Monthly,0,0.6018821759008027,60.19,60.19,Medium,About to Leave,0.6680000000000001,0.08,1,0,1,0,-67,4.0,1,0,Send renewal reminder | Offer Annual Plan discount | Assign priority support | Recommend personalized content,
1138,1139,Thomas Russell,brian08@example.org,brian08,1991-03-23,Female,Lake Margaretstad,2024-02-03,2025-02-02,Annual,0,0.4222316639806757,42.22,42.22,Medium,About to Leave,0.722,0.11523809523809525,0,0,1,0,-72,3.5,0,0,Send renewal reminder | Assign priority support | Recommend personalized content,
1139,1140,Gary White,lauramurray@example.com,lauramurray,1943-09-10,Female,New Yolanda,2024-02-07,2025-02-06,Annual,0,0.2697550176414344,26.98,26.98,Low,Loyal,0.8084,0.16133333333333336,0,0,0,0,-68,4.2,0,0,Send renewal reminder | Recommend personalized content,Recommend premium Drama bundle | Recommend reading/documentary combo | Recommend family multi-screen plan | Offer loyalty reward / premium upsell
1140,1141,Penny Chavez,pcrawford@example.net,pcrawford,1946-10-21,Female,Brittanyport,2024-02-14,2025-02-13,Annual,0,0.3072897888244125,30.73,30.73,Low,About to Leave,0.754,0.14266666666666666,0,0,0,0,-61,4.5,0,0,Send renewal reminder | Recommend personalized content,
1141,1142,Michael Ponce,marshallryan@example.com,marshallryan,1995-05-16,Male,Johntown,2024-03-20,2025-03-20,Annual,0,0.39028717032061966,39.03,39.03,Medium,About to Leave,0.7536000000000002,0.10483333333333335,0,0,1,0,-26,4.3,0,0,Send renewal reminder | Assign priority support | Recommend personalized content,
1142,1143,Kaitlyn Kelley,aobrien@example.net,aobrien,1964-03-13,Female,East Christian,2024-01-11,2025-01-10,Monthly,0,0.6165695807817922,61.66,61.66,Medium,About to Leave,0.648,0.08533333333333334,1,0,0,1,-95,4.0,1,0,Send renewal reminder | Offer Annual Plan discount | Trigger engagement campaign | Recommend personalized content,
1143,1144,Lisa Oliver,laceywarren@example.net,laceywarren,1969-11-23,Male,Ellisville,2024-01-26,2025-01-25,Monthly,0,0.567238647063302,56.72,56.72,Medium,About to Leave,0.6824000000000001,0.08516666666666667,1,0,1,0,-80,3.7,1,0,Send renewal reminder | Offer Annual Plan discount | Assign priority support | Recommend personalized content,
1144,1145,Corey Jennings,kevinwalsh@example.net,kevinwalsh,1939-07-31,Male,Wardfort,2024-01-18,2025-01-17,Monthly,0,0.3859621413138925,38.6,38.6,Medium,About to Leave,0.8688000000000001,0.9760000000000001,1,0,0,0,-88,4.4,0,0,Send renewal reminder | Offer Annual Plan discount | Recommend personalized content,
1145,1146,Debra Arroyo,gclayton@example.org,gclayton,1933-04-26,Male,Stacieville,2024-01-12,2025-01-11,Annual,0,0.2873969450355125,28.74,28.74,Low,Loyal,0.7540000000000001,0.5800000000000001,0,0,0,0,-94,4.5,0,0,Send renewal reminder | Recommend personalized content,Recommend premium Drama bundle | Recommend lifestyle and family content pack | Recommend family multi-screen plan
1146,1147,Joe Diaz,romeromadison@example.org,romeromadison,1968-02-22,Female,Richardshire,2024-04-03,2025-04-03,Annual,0,0.34406602493016164,34.41,34.41,Low,About to Leave,0.6880000000000001,0.11200000000000002,0,0,0,0,-12,4.0,0,0,Send renewal reminder | Recommend personalized content,
1147,1148,Tracy Davis,ngreen@example.com,ngreen,1966-06-03,Male,West Matthew,2024-04-06,2025-04-06,Annual,0,0.443233657974186,44.32,44.32,Medium,About to Leave,0.7288000000000001,0.07660606060606062,0,0,1,0,-9,4.4,0,0,Send renewal reminder | Assign priority support | Recommend personalized content,
1148,1149,Doris Wilson,sararoberson@example.org,sararoberson,1981-03-03,Male,Pittmanbury,2024-03-22,2025-03-22,Monthly,0,0.6038634102358121,60.39,60.39,Medium,About to Leave,0.6576000000000001,0.062303030303030305,1,0,1,0,-24,3.8,1,0,Send renewal reminder | Offer Annual Plan discount | Assign priority support | Recommend personalized content,
1149,1150,Patricia Miller,micheleramirez@example.net,micheleramirez,1943-03-29,Female,Lowefort,2024-03-13,2025-03-13,Monthly,0,0.5868316131652763,58.68,58.68,Medium,About to Leave,0.6732,0.08057142857142859,1,0,1,0,-33,4.1,1,0,Send renewal reminder | Offer Annual Plan discount | Assign priority support | Recommend personalized content,
1150,1151,Robin Jackson,kmorrison@example.org,kmorrison,1979-07-03,Male,New Gavinhaven,2024-03-07,2025-03-07,Annual,0,0.2967877912043372,29.68,29.68,Low,Loyal,0.7848,0.18233333333333335,0,0,0,0,-39,4.9,0,0,Send renewal reminder | Recommend personalized content,Recommend premium Sci-Fi bundle | Recommend reading/documentary combo | Recommend family multi-screen plan | Offer loyalty reward / premium upsell
1151,1152,Luke Johnson,hansenbrett@example.net,hansenbrett,2005-04-21,Female,Lake Sherriberg,2024-01-14,2025-01-13,Annual,0,0.4044493874709043,40.44,40.44,Medium,About to Leave,0.7832000000000001,0.12050000000000001,0,0,1,0,-92,4.1,0,0,Send renewal reminder | Assign priority support | Recommend personalized content,
1152,1153,Julie Daniels,brandyburton@example.org,brandyburton,1953-04-12,Male,North Eric,2024-03-03,2025-03-03,Annual,0,0.26594542747987354,26.59,26.59,Low,Loyal,0.812,0.47000000000000003,0,0,0,0,-43,3.5,0,0,Send renewal reminder | Recommend personalized content,Recommend premium Sci-Fi bundle | Recommend reading/documentary combo | Recommend family multi-screen plan | Offer loyalty reward / premium upsell
1153,1154,Cassandra Leonard,sean54@example.org,sean54,1987-09-13,Male,Lake Johnville,2024-01-24,2025-01-23,Monthly,0,0.40325180751056194,40.33,40.33,Medium,About to Leave,0.78,0.6000000000000001,1,0,0,0,-82,5.0,0,0,Send renewal reminder | Offer Annual Plan discount | Recommend personalized content,
1154,1155,Emily Castro,uwatts@example.net,uwatts,1983-11-23,Male,South Scottshire,2024-02-13,2025-02-12,Annual,0,0.24160062952257755,24.16,24.16,Low,Loyal,0.8191999999999999,0.28355555555555556,0,0,0,0,-62,4.6,0,0,Send renewal reminder | Recommend personalized content,Recommend reading/documentary combo | Recommend offline mobile viewing pack | Offer loyalty reward / premium upsell
1155,1156,George James,kblack@example.net,kblack,1936-09-03,Female,Blackside,2024-03-09,2025-03-09,Monthly,0,0.5947958803525965,59.48,59.48,Medium,About to Leave,0.7140000000000001,0.44666666666666666,1,0,0,1,-37,4.5,1,0,Send renewal reminder | Offer Annual Plan discount | Trigger engagement campaign | Recommend personalized content,
1156,1157,Sandra Flores,christopher45@example.net,christopher45,1964-04-21,Female,East Richardhaven,2024-02-03,2025-02-02,Annual,0,0.3036862506034897,30.37,30.37,Low,About to Leave,0.7011999999999999,0.21911111111111112,0,0,0,0,-72,3.1,0,0,Send renewal reminder | Collect feedback and offer service recovery | Recommend personalized content,
1157,1158,Kathleen Reynolds,bhill@example.org,bhill,1952-12-10,Female,New Timothystad,2024-01-30,2025-01-29,Monthly,0,0.609543535108124,60.95,60.95,Medium,About to Leave,0.6991999999999999,0.06521212121212122,1,0,1,0,-76,4.6,1,0,Send renewal reminder | Offer Annual Plan discount | Assign priority support | Recommend personalized content,
1158,1159,Frederick Wright,hhenry@example.org,hhenry,1968-01-13,Male,Mcbridechester,2024-02-01,2025-01-31,Monthly,0,0.6000024471811289,60.0,60.0,Medium,About to Leave,0.7124000000000001,0.09051851851851853,1,0,1,0,-74,3.7,1,0,Send renewal reminder | Offer Annual Plan discount | Assign priority support | Recommend personalized content,
1159,1160,Barbara Harper DDS,austinestrada@example.net,austinestrada,2004-02-17,Male,Bryanmouth,2024-02-23,2025-02-22,Annual,0,0.44022311257126495,44.02,44.02,Medium,About to Leave,0.7440000000000001,0.08466666666666668,0,0,1,0,-52,4.5,0,0,Send renewal reminder | Assign priority support | Recommend personalized content,
1160,1161,Parker May,piercehector@example.org,piercehector,1946-01-21,Female,East Jackton,2024-01-11,2025-01-10,Monthly,0,0.4873757252294824,48.74,48.74,Medium,About to Leave,0.7128,0.11488888888888889,1,0,0,0,-95,3.9,1,0,Send renewal reminder | Offer Annual Plan discount | Recommend personalized content,
1161,1162,Bryan Bolton,carl18@example.net,carl18,1974-02-26,Female,North Toni,2024-03-03,2025-03-03,Monthly,0,0.585887847935807,58.59,58.59,Medium,About to Leave,0.7288000000000001,0.07660606060606062,1,0,1,0,-43,4.4,1,0,Send renewal reminder | Offer Annual Plan discount | Assign priority support | Recommend personalized content,
1162,1163,Victoria Anderson,sanchezsherry@example.org,sanchezsherry,1967-07-16,Male,North Randallfort,2024-01-12,2025-01-11,Monthly,0,0.5763976466809734,57.64,57.64,Medium,About to Leave,0.7348000000000001,0.46266666666666667,1,0,0,1,-94,4.9,1,0,Send renewal reminder | Offer Annual Plan discount | Trigger engagement campaign | Recommend personalized content,
1163,1164,Julie Riley,dprice@example.org,dprice,1957-05-27,Female,South Kim,2024-03-30,2025-03-30,Monthly,0,0.5763013403140863,57.63,57.63,Medium,About to Leave,0.7028000000000001,0.09847619047619048,1,0,1,0,-16,3.9,1,0,Send renewal reminder | Offer Annual Plan discount | Assign priority support | Recommend personalized content,
1164,1165,Christine Moore,keith59@example.org,keith59,1987-01-17,Female,Youngland,2024-01-16,2025-01-15,Monthly,0,0.6180553549032476,61.81,61.81,Medium,About to Leave,0.6884000000000001,0.07013333333333334,1,0,1,0,-90,4.2,1,0,Send renewal reminder | Offer Annual Plan discount | Assign priority support | Recommend personalized content,
1165,1166,Christopher Johnson,ashley32@example.org,ashley32,1988-09-14,Female,Reedtown,2024-01-10,2025-01-09,Monthly,0,0.5910936465138528,59.11,59.11,Medium,About to Leave,0.7091999999999999,0.07173333333333334,1,0,1,0,-96,4.6,1,0,Send renewal reminder | Offer Annual Plan discount | Assign priority support | Recommend personalized content,
1166,1167,Jason Ward,klopez@example.net,klopez,1972-04-29,Female,Andrewmouth,2024-01-20,2025-01-19,Annual,0,0.39483090817353844,39.48,39.48,Medium,About to Leave,0.7448000000000001,0.09116666666666667,0,0,1,0,-86,4.9,0,0,Send renewal reminder | Assign priority support | Recommend personalized content,
1167,1168,Michelle Robinson,anna10@example.org,anna10,1934-03-31,Female,Kevinchester,2024-02-25,2025-02-24,Annual,0,0.3045569678008945,30.46,30.46,Low,About to Leave,0.7584000000000001,0.23377777777777778,0,0,0,0,-50,4.2,0,0,Send renewal reminder | Recommend personalized content,
1168,1169,Brianna Drake,vickierobinson@example.com,vickierobinson,1984-12-10,Female,Nguyenberg,2024-03-11,2025-03-11,Annual,0,0.45963798145732826,45.96,45.96,Medium,About to Leave,0.6484000000000001,0.0568,0,0,1,0,-35,4.2,0,0,Send renewal reminder | Assign priority support | Recommend personalized content,
1169,1170,Sarah Mosley,fhughes@example.com,fhughes,2000-10-15,Male,Harmonton,2024-02-22,2025-02-21,Annual,0,0.25478306505028386,25.48,25.48,Low,Loyal,0.768,0.6933333333333334,0,0,0,0,-53,4.0,0,0,Send renewal reminder | Recommend personalized content,Recommend premium Documentary bundle | Recommend reading/documentary combo | Recommend offline mobile viewing pack | Offer loyalty reward / premium upsell
1170,1171,Christopher Johnson,leonardharvey@example.org,leonardharvey,1957-09-27,Female,Steinshire,2024-01-29,2025-01-28,Annual,0,0.2534063335438935,25.34,25.34,Low,Loyal,0.7788,0.3546666666666667,0,0,0,0,-77,4.4,0,0,Send renewal reminder | Recommend personalized content,Recommend premium device streaming bundle | Recommend offline mobile viewing pack | Offer loyalty reward / premium upsell
1171,1172,Michelle West,normanjermaine@example.com,normanjermaine,1946-07-17,Male,Joneshaven,2024-01-29,2025-01-28,Annual,0,0.3831156117180471,38.31,38.31,Medium,About to Leave,0.7692,0.10633333333333334,0,0,1,0,-77,4.6,0,0,Send renewal reminder | Assign priority support | Recommend personalized content,
1172,1173,Crystal Gomez,xrodriguez@example.net,xrodriguez,1973-11-29,Female,Contrerasshire,2024-03-09,2025-03-09,Monthly,0,0.47038434860908473,47.04,47.04,Medium,About to Leave,0.7376,0.22844444444444445,1,0,0,0,-37,3.8,0,0,Send renewal reminder | Offer Annual Plan discount | Recommend personalized content,
1173,1174,Jennifer Pham,jonesalbert@example.net,jonesalbert,1940-01-26,Male,Williamsport,2024-02-02,2025-02-01,Monthly,0,0.45013433591075813,45.01,45.01,Medium,About to Leave,0.7676000000000001,0.2046666666666667,1,0,0,0,-73,3.8,0,0,Send renewal reminder | Offer Annual Plan discount | Recommend personalized content,
1174,1175,Michael Smith,rrobles@example.org,rrobles,1982-09-16,Female,Murphybury,2024-03-20,2025-03-20,Annual,0,0.4901404158199133,49.01,49.01,Medium,About to Leave,0.6676000000000001,0.20933333333333334,0,0,0,1,-26,3.8,1,0,Send renewal reminder | Trigger engagement campaign | Recommend personalized content,
1175,1176,Mr. Corey Martin,hollandjustin@example.net,hollandjustin,1986-12-10,Male,East David,2024-03-17,2025-03-17,Annual,0,0.41706661641926224,41.71,41.71,Medium,About to Leave,0.7428000000000001,0.11752380952380954,0,0,1,0,-29,3.9,0,0,Send renewal reminder | Assign priority support | Recommend personalized content,
1176,1177,Dominique Barnett,fmoore@example.net,fmoore,2005-01-05,Male,Sandersville,2024-03-04,2025-03-04,Monthly,0,0.5991662460551337,59.92,59.92,Medium,About to Leave,0.6712,0.07906666666666667,1,0,1,0,-42,3.1,1,0,Send renewal reminder | Offer Annual Plan discount | Assign priority support | Collect feedback and offer service recovery | Recommend personalized content,
1177,1178,Alexandra French,susangay@example.org,susangay,1961-09-20,Female,Port David,2024-02-05,2025-02-04,Monthly,0,0.6027805216236429,60.28,60.28,Medium,About to Leave,0.6676000000000001,0.06853333333333333,1,0,1,0,-70,3.8,1,0,Send renewal reminder | Offer Annual Plan discount | Assign priority support | Recommend personalized content,
1178,1179,Sandy Garcia,nsoto@example.org,nsoto,1988-12-13,Female,East Danielstad,2024-01-08,2025-01-07,Annual,0,0.29281695525492596,29.28,29.28,Low,Loyal,0.7248,0.09933333333333334,0,0,0,0,-98,4.9,0,0,Send renewal reminder | Recommend personalized content,Recommend premium Action bundle | Recommend premium device streaming bundle | Recommend family multi-screen plan
1179,1180,Richard Morales,shaneandrade@example.com,shaneandrade,1992-07-30,Female,Brettburgh,2024-01-06,2025-01-05,Annual,0,0.43050600461176425,43.05,43.05,Medium,About to Leave,0.748,0.11809523809523811,0,0,1,0,-100,4.0,0,0,Send renewal reminder | Assign priority support | Recommend personalized content,
1180,1181,Martha Douglas,brian63@example.net,brian63,1997-05-04,Female,East Ashley,2024-04-14,2025-04-14,Monthly,0,0.5955221593903862,59.55,59.55,Medium,About to Leave,0.6528,0.0695,1,0,1,0,-1,3.9,1,0,Send renewal reminder | Offer Annual Plan discount | Assign priority support | Recommend personalized content,
1181,1182,John Campbell,anthonyjones@example.org,anthonyjones,1959-02-09,Female,Juliemouth,2024-04-07,2025-04-07,Annual,0,0.6571682328065164,65.72,65.72,High,About to Leave,0.5512,0.039066666666666666,0,0,1,1,-8,3.1,1,0,Send renewal reminder | Assign priority support | Trigger engagement campaign | Collect feedback and offer service recovery | Recommend personalized content,
1182,1183,Michael Patton,jennifermiller@example.org,jennifermiller,1969-07-21,Male,Annaville,2024-02-19,2025-02-18,Monthly,0,0.4944061882870716,49.44,49.44,Medium,About to Leave,0.6832,0.09400000000000001,1,0,0,0,-56,4.1,1,0,Send renewal reminder | Offer Annual Plan discount | Recommend personalized content,
1183,1184,Emma Martinez,kerri32@example.org,kerri32,1970-10-23,Female,Oliviaberg,2024-03-28,2025-03-28,Monthly,0,0.6179453288233594,61.79,61.79,Medium,About to Leave,0.6412,0.07303703703703704,1,0,1,0,-18,3.1,1,0,Send renewal reminder | Offer Annual Plan discount | Assign priority support | Collect feedback and offer service recovery | Recommend personalized content,
1184,1185,Kristopher Miller,jessicahernandez@example.com,jessicahernandez,1980-06-11,Female,West Peterburgh,2024-01-01,2024-12-31,Annual,0,0.32548567598851447,32.55,32.55,Low,About to Leave,0.6911999999999999,0.16433333333333333,0,0,0,0,-105,3.1,0,0,Send renewal reminder | Collect feedback and offer service recovery | Recommend personalized content,
1185,1186,Antonio Chavez,vjohnson@example.net,vjohnson,1991-10-03,Female,New Erinchester,2024-01-13,2025-01-12,Monthly,0,0.45591566420914126,45.59,45.59,Medium,About to Leave,0.7612,0.18480000000000002,1,0,0,0,-93,3.1,0,0,Send renewal reminder | Offer Annual Plan discount | Collect feedback and offer service recovery | Recommend personalized content,
1186,1187,Jordan Wallace,guerrerosheri@example.org,guerrerosheri,1937-11-13,Female,Coxfurt,2024-03-29,2025-03-29,Annual,0,0.27184057766263836,27.18,27.18,Low,Loyal,0.7636000000000001,0.23511111111111113,0,0,0,0,-17,4.3,0,0,Send renewal reminder | Recommend personalized content,Recommend premium Action bundle | Recommend lifestyle and family content pack | Recommend offline mobile viewing pack | Offer loyalty reward / premium upsell
1187,1188,Alexander Pearson,heather26@example.net,heather26,1949-05-16,Male,Manuelview,2024-01-13,2025-01-12,Monthly,0,0.5823899616170848,58.24,58.24,Medium,About to Leave,0.6928000000000001,0.08616666666666667,1,0,1,0,-93,3.9,1,0,Send renewal reminder | Offer Annual Plan discount | Assign priority support | Recommend personalized content,
1188,1189,Daniel Allen,amy73@example.com,amy73,1984-03-17,Male,Lake Lindsey,2024-01-14,2025-01-13,Monthly,0,0.6001994176805633,60.02,60.02,Medium,About to Leave,0.7092,0.22533333333333333,1,0,0,1,-92,4.6,1,0,Send renewal reminder | Offer Annual Plan discount | Trigger engagement campaign | Recommend personalized content,
1189,1190,Bryan Martin,hunterthomas@example.org,hunterthomas,1992-12-07,Male,Hernandezmouth,2024-03-16,2025-03-16,Annual,0,0.32415478843115525,32.42,32.42,Low,About to Leave,0.6716,0.17733333333333334,0,0,0,0,-30,3.3,0,0,Send renewal reminder | Collect feedback and offer service recovery | Recommend personalized content,
1190,1191,Wyatt Li,rwest@example.org,rwest,1936-10-09,Female,New Stephen,2024-04-07,2025-04-07,Monthly,0,0.6329883481864349,63.3,63.3,Medium,About to Leave,0.6628000000000001,0.06266666666666666,1,0,1,0,-8,3.9,1,0,Send renewal reminder | Offer Annual Plan discount | Assign priority support | Recommend personalized content,
1191,1192,Sean Berry,natalie27@example.com,natalie27,2002-06-21,Female,Smithhaven,2024-02-15,2025-02-14,Annual,0,0.4616869660629688,46.17,46.17,Medium,About to Leave,0.6428,0.061777777777777786,0,0,1,0,-60,3.9,0,0,Send renewal reminder | Assign priority support | Recommend personalized content,
1192,1193,Laura Vega,zwilliams@example.net,zwilliams,1982-03-12,Female,Samuelstad,2024-01-24,2025-01-23,Annual,0,0.4163839544192401,41.64,41.64,Medium,About to Leave,0.6976,0.09790476190476191,0,0,1,0,-82,3.8,0,0,Send renewal reminder | Assign priority support | Recommend personalized content,
1193,1194,Lori Garcia MD,matthewjackson@example.net,matthewjackson,1982-08-22,Male,South Marcusland,2024-03-24,2025-03-24,Monthly,0,0.42363528370615045,42.36,42.36,Medium,About to Leave,0.7476,0.3426666666666667,1,0,0,0,-22,3.8,0,0,Send renewal reminder | Offer Annual Plan discount | Recommend personalized content,
1194,1195,Jenna Martinez,martin73@example.com,martin73,1978-12-13,Male,Markton,2024-01-04,2025-01-03,Monthly,0,0.410005185051606,41.0,41.0,Medium,About to Leave,0.7996000000000001,0.3626666666666667,1,0,0,0,-102,4.8,0,0,Send renewal reminder | Offer Annual Plan discount | Recommend personalized content,
1195,1196,Clinton Greene,aaron27@example.com,aaron27,1965-08-22,Female,Johnfurt,2024-01-21,2025-01-20,Monthly,0,0.632615511272487,63.26,63.26,Medium,About to Leave,0.6332000000000001,0.051272727272727275,1,0,1,0,-85,4.1,1,0,Send renewal reminder | Offer Annual Plan discount | Assign priority support | Recommend personalized content,
1196,1197,Patrick Perez,bpatterson@example.net,bpatterson,1988-04-16,Male,Dawnchester,2024-01-15,2025-01-14,Monthly,0,0.5314607785849855,53.15,53.15,Medium,About to Leave,0.7548000000000001,0.1041904761904762,1,0,1,0,-91,4.9,1,0,Send renewal reminder | Offer Annual Plan discount | Assign priority support | Recommend personalized content,
1197,1198,Tiffany Oneill,xturner@example.org,xturner,1937-08-29,Female,Douglasbury,2024-02-12,2025-02-11,Annual,0,0.29708032179568034,29.71,29.71,Low,Loyal,0.7532,0.23244444444444445,0,0,0,0,-63,4.1,0,0,Send renewal reminder | Recommend personalized content,Recommend premium Drama bundle | Recommend lifestyle and family content pack | Recommend family multi-screen plan
1198,1199,Tammy Jarvis,cruztodd@example.org,cruztodd,1976-11-30,Female,Matthewbury,2024-03-25,2025-03-25,Monthly,0,0.4576633427398238,45.77,45.77,Medium,About to Leave,0.7668,0.156,1,0,0,0,-21,3.4,0,0,Send renewal reminder | Offer Annual Plan discount | Collect feedback and offer service recovery | Recommend personalized content,
1199,1200,Joseph Taylor,brooksaudrey@example.com,brooksaudrey,1988-12-03,Female,Port Michaelmouth,2024-02-16,2025-02-15,Monthly,0,0.3953977476971876,39.54,39.54,Medium,About to Leave,0.8244000000000001,0.2848888888888889,1,0,0,0,-59,4.7,0,0,Send renewal reminder | Offer Annual Plan discount | Recommend personalized content,
1200,1201,Jessica Chambers,christopher10@example.org,christopher10,1990-10-27,Female,Kennedyview,2024-01-13,2025-01-12,Monthly,0,0.47516535838694707,47.52,47.52,Medium,About to Leave,0.7080000000000001,0.18666666666666668,1,0,0,0,-93,4.0,1,0,Send renewal reminder | Offer Annual Plan discount | Recommend personalized content,
1201,1202,Benjamin Harvey,amy83@example.net,amy83,1968-11-07,Male,West Timothy,2024-02-16,2025-02-15,Annual,0,0.5017564545055418,50.18,50.18,Medium,About to Leave,0.6472,0.13688888888888887,0,0,0,1,-59,3.6,1,0,Send renewal reminder | Trigger engagement campaign | Recommend personalized content,
1202,1203,Robert Harmon,elizabethkhan@example.org,elizabethkhan,1941-01-03,Male,Jamesshire,2024-03-12,2025-03-12,Monthly,0,0.4959318712440879,49.59,49.59,Medium,About to Leave,0.6911999999999999,0.16433333333333333,1,0,0,0,-34,3.1,1,0,Send renewal reminder | Offer Annual Plan discount | Collect feedback and offer service recovery | Recommend personalized content,
1203,1204,Andrew Smith,nwilliams@example.org,nwilliams,2004-08-17,Female,East Christophertown,2024-03-02,2025-03-02,Annual,0,0.26653683509777243,26.65,26.65,Low,Loyal,0.7876,0.15866666666666668,0,0,0,0,-44,3.8,0,0,Send renewal reminder | Recommend personalized content,Recommend premium Documentary bundle | Recommend lifestyle and family content pack | Recommend mobile premium pack | Offer loyalty reward / premium upsell
1204,1205,Sean Fitzgerald,simmonselizabeth@example.net,simmonselizabeth,1988-09-27,Male,Port Scott,2024-02-21,2025-02-20,Monthly,0,0.40043905161335125,40.04,40.04,Medium,About to Leave,0.8136000000000001,0.4193333333333334,1,0,0,0,-54,4.3,0,0,Send renewal reminder | Offer Annual Plan discount | Recommend personalized content,
1205,1206,Alexander Anderson,lunderwood@example.net,lunderwood,1943-09-17,Female,Carlland,2024-03-25,2025-03-25,Annual,0,0.3127683950289572,31.28,31.28,Low,About to Leave,0.7188,0.14400000000000002,0,0,0,0,-21,4.4,0,0,Send renewal reminder | Recommend personalized content,
1206,1207,Jonathan Smith,cynthiasummers@example.net,cynthiasummers,1968-04-21,Female,Lake Jeremystad,2024-03-28,2025-03-28,Monthly,0,0.5897597464927248,58.98,58.98,Medium,About to Leave,0.6964000000000001,0.09933333333333334,1,0,1,0,-18,3.2,1,0,Send renewal reminder | Offer Annual Plan discount | Assign priority support | Collect feedback and offer service recovery | Recommend personalized content,
1207,1208,James Wallace,justinwilson@example.com,justinwilson,1998-08-12,Male,Jennatown,2024-01-20,2025-01-19,Monthly,0,0.4597385447969675,45.97,45.97,Medium,About to Leave,0.7584000000000001,0.23377777777777778,1,0,0,0,-86,4.2,0,0,Send renewal reminder | Offer Annual Plan discount | Recommend personalized content,
1208,1209,Andrew Moore,maldonadoashley@example.net,maldonadoashley,1936-07-03,Female,Hernandezchester,2024-02-22,2025-02-21,Annual,0,0.4457271434088103,44.57,44.57,Medium,About to Leave,0.6876000000000001,0.08566666666666667,0,0,1,0,-53,3.8,0,0,Send renewal reminder | Assign priority support | Recommend personalized content,
1209,1210,Carmen Frazier,powersdavid@example.com,powersdavid,1994-08-19,Male,North Sheriborough,2024-01-19,2025-01-18,Annual,0,0.22256076727088794,22.26,22.26,Low,Loyal,0.8848000000000001,0.49800000000000005,0,0,0,0,-87,4.9,0,0,Send renewal reminder | Recommend personalized content,Recommend premium Comedy bundle | Recommend premium device streaming bundle | Recommend mobile premium pack | Offer loyalty reward / premium upsell
1210,1211,Leah Lee,kaylamckee@example.net,kaylamckee,1960-12-26,Male,East Jessicabury,2024-01-03,2025-01-02,Annual,0,0.26038730901995794,26.04,26.04,Low,Loyal,0.8132,0.19280000000000003,0,0,0,0,-103,4.1,0,0,Send renewal reminder | Recommend personalized content,Recommend premium device streaming bundle | Recommend family multi-screen plan | Offer loyalty reward / premium upsell
1211,1212,Edward Miller,jeffrey42@example.net,jeffrey42,1945-12-30,Male,Aaronfort,2024-03-14,2025-03-14,Annual,0,0.29497560112755156,29.5,29.5,Low,Loyal,0.754,0.14266666666666666,0,0,0,0,-32,4.5,0,0,Send renewal reminder | Recommend personalized content,Recommend premium Sci-Fi bundle | Recommend reading/documentary combo | Recommend family multi-screen plan
1212,1213,Holly Moreno,stokesandrew@example.com,stokesandrew,1942-07-20,Male,Bestmouth,2024-03-28,2025-03-28,Annual,0,0.47320867241050235,47.32,47.32,Medium,About to Leave,0.6676000000000001,0.06853333333333333,0,0,1,0,-18,3.8,0,0,Send renewal reminder | Assign priority support | Recommend personalized content,
1213,1214,Joseph Phillips,allisonpalmer@example.com,allisonpalmer,1997-08-11,Male,Lake April,2024-02-22,2025-02-21,Monthly,0,0.5565195830143438,55.65,55.65,Medium,About to Leave,0.7184000000000001,0.10019047619047619,1,0,1,0,-53,4.2,1,0,Send renewal reminder | Offer Annual Plan discount | Assign priority support | Recommend personalized content,
1214,1215,Christy Johnson,bradley65@example.com,bradley65,1961-01-08,Female,East Erin,2024-01-18,2025-01-17,Monthly,0,0.4813570171717057,48.14,48.14,Medium,About to Leave,0.6768,0.17866666666666667,1,0,0,0,-88,3.4,1,0,Send renewal reminder | Offer Annual Plan discount | Collect feedback and offer service recovery | Recommend personalized content,
1215,1216,Christopher Christensen,lindseyharris@example.net,lindseyharris,1999-08-13,Female,Catherineshire,2024-01-13,2025-01-12,Monthly,0,0.4635490454538109,46.35,46.35,Medium,About to Leave,0.7128,0.278,1,0,0,0,-93,3.9,0,0,Send renewal reminder | Offer Annual Plan discount | Recommend personalized content,
1216,1217,William Hines,huntdaniel@example.com,huntdaniel,1994-02-08,Female,Jacquelineshire,2024-01-03,2025-01-02,Monthly,0,0.4253829109926103,42.54,42.54,Medium,About to Leave,0.778,0.2066666666666667,1,0,0,0,-103,4.0,0,0,Send renewal reminder | Offer Annual Plan discount | Recommend personalized content,
1217,1218,Joel Garner,michaelespinoza@example.org,michaelespinoza,1969-10-31,Male,Alexanderside,2024-02-08,2025-02-07,Monthly,0,0.628789963188565,62.88,62.88,Medium,About to Leave,0.662,0.4066666666666666,1,0,0,1,-67,3.5,1,0,Send renewal reminder | Offer Annual Plan discount | Trigger engagement campaign | Recommend personalized content,
1218,1219,George Jones,flandry@example.org,flandry,1936-08-02,Male,Arellanomouth,2024-03-27,2025-03-27,Monthly,0,0.5962614144466731,59.63,59.63,Medium,About to Leave,0.6688000000000001,0.064,1,0,1,0,-19,4.4,1,0,Send renewal reminder | Offer Annual Plan discount | Assign priority support | Recommend personalized content,
1219,1220,Reginald Smith,bbell@example.org,bbell,1966-06-03,Female,West Samuelfort,2024-03-20,2025-03-20,Annual,0,0.43781591568825406,43.78,43.78,Medium,About to Leave,0.7144,0.22733333333333333,0,0,0,1,-26,4.7,0,0,Send renewal reminder | Trigger engagement campaign | Recommend personalized content,
1220,1221,Alexander Whitaker,smithamy@example.net,smithamy,1964-04-12,Male,South Caitlin,2024-01-15,2025-01-14,Annual,0,0.29917433393442816,29.92,29.92,Low,Loyal,0.762,0.2688888888888889,0,0,0,0,-91,3.5,0,0,Send renewal reminder | Recommend personalized content,Recommend premium Action bundle | Recommend lifestyle and family content pack | Recommend offline mobile viewing pack
1221,1222,Jacob Stone,jhall@example.com,jhall,2006-02-20,Male,New Pamela,2024-04-14,2025-04-14,Monthly,0,0.4703791281615289,47.04,47.04,Medium,About to Leave,0.6564,0.132,1,0,0,0,-1,3.2,0,0,Send renewal reminder | Offer Annual Plan discount | Collect feedback and offer service recovery | Recommend personalized content,
1222,1223,Leslie Johnson,alec37@example.org,alec37,1944-05-12,Male,Lake Alexandraborough,2024-03-08,2025-03-08,Monthly,0,0.6221624119641747,62.22,62.22,Medium,About to Leave,0.6476000000000001,0.069,1,0,1,0,-38,3.8,1,0,Send renewal reminder | Offer Annual Plan discount | Assign priority support | Recommend personalized content,
1223,1224,Becky Wilson,stephennewman@example.net,stephennewman,1966-11-05,Male,Maldonadoshire,2024-03-12,2025-03-12,Monthly,0,0.5677665485875871,56.78,56.78,Medium,About to Leave,0.7784,0.10755555555555557,1,0,1,0,-34,4.2,1,0,Send renewal reminder | Offer Annual Plan discount | Assign priority support | Recommend personalized content,
1224,1225,Carlos Hill,melissafleming@example.com,melissafleming,1936-12-20,Male,East Amy,2024-04-07,2025-04-07,Annual,0,0.32623071358425915,32.62,32.62,Low,About to Leave,0.6572,0.09066666666666667,0,0,0,0,-8,3.6,0,0,Send renewal reminder | Recommend personalized content,
1225,1226,Evan Garcia,mike48@example.com,mike48,1995-03-13,Female,Allisonborough,2024-02-16,2025-02-15,Monthly,0,0.40553841478511204,40.55,40.55,Medium,About to Leave,0.774,0.23777777777777778,1,0,0,0,-59,4.5,0,0,Send renewal reminder | Offer Annual Plan discount | Recommend personalized content,
1226,1227,Michael Evans,carolyn45@example.org,carolyn45,1950-02-13,Male,East Laura,2024-01-19,2025-01-18,Annual,0,0.28388377151882804,28.39,28.39,Low,Loyal,0.8088000000000001,0.2808888888888889,0,0,0,0,-87,4.4,0,0,Send renewal reminder | Recommend personalized content,Recommend premium device streaming bundle | Recommend offline mobile viewing pack | Offer loyalty reward / premium upsell
1227,1228,Jesus Reynolds,jimenezgeoffrey@example.com,jimenezgeoffrey,1942-02-07,Male,Lake Brittany,2024-02-15,2025-02-14,Monthly,0,0.4493613534818892,44.94,44.94,Medium,About to Leave,0.7424000000000001,0.1357777777777778,1,0,0,0,-60,3.7,0,0,Send renewal reminder | Offer Annual Plan discount | Recommend personalized content,
1228,1229,Lisa Walker,reneecox@example.com,reneecox,1993-08-09,Male,Lake Jordan,2024-02-07,2025-02-06,Annual,0,0.5072155149454625,50.72,50.72,Medium,About to Leave,0.6168,0.08053333333333332,0,0,0,1,-68,3.4,1,0,Send renewal reminder | Trigger engagement campaign | Collect feedback and offer service recovery | Recommend personalized content,
1229,1230,Erik Gonzales,riosamber@example.org,riosamber,1976-03-30,Male,Shortfurt,2024-02-11,2025-02-10,Monthly,0,0.5803949448922724,58.04,58.04,Medium,About to Leave,0.6636,0.06355555555555556,1,0,1,0,-64,4.3,1,0,Send renewal reminder | Offer Annual Plan discount | Assign priority support | Recommend personalized content,
1230,1231,Richard Lang,jenniferodom@example.org,jenniferodom,1951-11-19,Female,Port Thomasfort,2024-03-10,2025-03-10,Monthly,0,0.6294349702573487,62.94,62.94,Medium,About to Leave,0.6536000000000001,0.05720000000000001,1,0,1,0,-36,4.3,1,0,Send renewal reminder | Offer Annual Plan discount | Assign priority support | Recommend personalized content,
1231,1232,Tracey Jenkins,annataylor@example.com,annataylor,1947-04-28,Male,East Aaron,2024-04-10,2025-04-10,Monthly,0,0.453481170840622,45.35,45.35,Medium,About to Leave,0.6664,0.17600000000000002,1,0,0,0,-5,3.2,0,0,Send renewal reminder | Offer Annual Plan discount | Collect feedback and offer service recovery | Recommend personalized content,
1232,1233,Travis Banks,gomezryan@example.org,gomezryan,1970-09-29,Female,East Brian,2024-01-21,2025-01-20,Monthly,0,0.48024976047598184,48.02,48.02,Medium,About to Leave,0.6971999999999999,0.11288888888888889,1,0,0,0,-85,3.6,1,0,Send renewal reminder | Offer Annual Plan discount | Recommend personalized content,
1233,1234,Denise Joseph,shirley12@example.org,shirley12,1979-12-02,Female,East Corey,2024-04-02,2025-04-02,Annual,0,0.4901776891367968,49.02,49.02,Medium,About to Leave,0.6844,0.09093333333333334,0,0,0,1,-13,4.7,1,0,Send renewal reminder | Trigger engagement campaign | Recommend personalized content,
1234,1235,Carrie Guerrero,destiny87@example.net,destiny87,1969-11-11,Male,West Christopher,2024-03-14,2025-03-14,Monthly,0,0.6034390148194226,60.34,60.34,Medium,About to Leave,0.6472,0.061575757575757575,1,0,1,0,-32,3.6,1,0,Send renewal reminder | Offer Annual Plan discount | Assign priority support | Recommend personalized content,
1235,1236,Bruce Jacobs,benjaminbass@example.net,benjaminbass,1967-08-19,Male,Pettyhaven,2024-03-08,2025-03-08,Monthly,0,0.45309325003568557,45.31,45.31,Medium,About to Leave,0.6984,0.1136,1,0,0,0,-38,4.2,0,0,Send renewal reminder | Offer Annual Plan discount | Recommend personalized content,
1236,1237,Robert Palmer,millertyler@example.net,millertyler,1981-11-04,Male,Carolynview,2024-03-19,2025-03-19,Monthly,0,0.6349384966282666,63.49,63.49,Medium,About to Leave,0.6524000000000001,0.06193939393939394,1,0,1,0,-27,3.7,1,0,Send renewal reminder | Offer Annual Plan discount | Assign priority support | Recommend personalized content,
1237,1238,Jessica Estes PhD,allennicole@example.org,allennicole,1943-05-07,Female,Bushfort,2024-03-08,2025-03-08,Annual,0,0.48020691075024785,48.02,48.02,Medium,About to Leave,0.6316,0.06048484848484848,0,0,1,0,-38,3.3,1,0,Send renewal reminder | Assign priority support | Collect feedback and offer service recovery | Recommend personalized content,
1238,1239,Autumn Chambers,johnprice@example.net,johnprice,1936-09-04,Female,Monicamouth,2024-02-27,2025-02-26,Annual,0,0.4845191782899989,48.45,48.45,Medium,About to Leave,0.6468,0.2013333333333333,0,0,0,1,-48,3.4,1,0,Send renewal reminder | Trigger engagement campaign | Collect feedback and offer service recovery | Recommend personalized content,
1239,1240,David Harris,william88@example.net,william88,1935-02-11,Female,West Danielburgh,2024-04-06,2025-04-06,Monthly,0,0.45887572020885736,45.89,45.89,Medium,About to Leave,0.754,0.14266666666666666,1,0,0,0,-9,4.5,0,0,Send renewal reminder | Offer Annual Plan discount | Recommend personalized content,
1240,1241,Jeffrey Becker,elizabethnelson@example.net,elizabethnelson,1952-05-15,Female,Jenniferhaven,2024-02-27,2025-02-26,Monthly,0,0.5559058729977578,55.59,55.59,Medium,About to Leave,0.7636000000000001,0.11980952380952382,1,0,1,0,-48,4.3,1,0,Send renewal reminder | Offer Annual Plan discount | Assign priority support | Recommend personalized content,
1241,1242,Chris Humphrey,billy70@example.org,billy70,1958-06-21,Male,East Charlesport,2024-02-23,2025-02-22,Annual,0,0.30959441297350554,30.96,30.96,Low,About to Leave,0.6971999999999999,0.11288888888888889,0,0,0,0,-52,3.6,0,0,Send renewal reminder | Recommend personalized content,
1242,1243,Henry Tucker,fjoyce@example.net,fjoyce,1968-01-02,Male,North Thomasville,2024-02-16,2025-02-15,Monthly,0,0.4394585376939865,43.95,43.95,Medium,About to Leave,0.7572,0.2026666666666667,1,0,0,0,-59,3.6,0,0,Send renewal reminder | Offer Annual Plan discount | Recommend personalized content,
1243,1244,Whitney Jones,gvega@example.net,gvega,1985-01-09,Male,Loganstad,2024-01-01,2024-12-31,Annual,0,0.4278887988772137,42.79,42.79,Medium,About to Leave,0.7396000000000001,0.09066666666666667,0,0,1,0,-105,4.8,0,0,Send renewal reminder | Assign priority support | Recommend personalized content,
1244,1245,Edward Santiago,waremaria@example.com,waremaria,1942-11-11,Female,New Joshua,2024-02-13,2025-02-12,Annual,0,0.6775181992408985,67.75,67.75,High,About to Leave,0.5616000000000001,0.03986666666666666,0,0,1,1,-62,3.3,1,0,Send renewal reminder | Assign priority support | Trigger engagement campaign | Collect feedback and offer service recovery | Recommend personalized content,
1245,1246,Whitney Cabrera,awest@example.com,awest,1990-07-02,Female,Jenniferborough,2024-02-24,2025-02-23,Annual,0,0.4423530486849092,44.24,44.24,Medium,About to Leave,0.7196000000000001,0.07253333333333334,0,0,1,0,-51,4.8,0,0,Send renewal reminder | Assign priority support | Recommend personalized content,
1246,1247,Andrew Greene,michael56@example.org,michael56,1979-12-15,Female,Boyerchester,2024-02-05,2025-02-04,Annual,0,0.46970860750957566,46.97,46.97,Medium,About to Leave,0.626,0.06533333333333333,0,0,1,0,-70,3.0,0,0,Send renewal reminder | Assign priority support | Collect feedback and offer service recovery | Recommend personalized content,
1247,1248,Cody Cook,whitemichelle@example.net,whitemichelle,1966-06-22,Female,North Aaron,2024-03-28,2025-03-28,Monthly,0,0.6527409431195655,65.27,65.27,High,About to Leave,0.6376000000000001,0.08373333333333334,1,0,0,1,-18,3.8,1,0,Send renewal reminder | Offer Annual Plan discount | Trigger engagement campaign | Recommend personalized content,
1248,1249,Haley Jackson,sbennett@example.org,sbennett,1991-02-15,Male,Riversside,2024-03-15,2025-03-15,Annual,0,0.4833236514175826,48.33,48.33,Medium,About to Leave,0.6744,0.07577777777777778,0,0,0,1,-31,4.7,1,0,Send renewal reminder | Trigger engagement campaign | Recommend personalized content,
1249,1250,Douglas Thomas,jasonrasmussen@example.com,jasonrasmussen,1937-05-22,Male,Carolville,2024-03-04,2025-03-04,Monthly,0,0.4332424635315547,43.32,43.32,Medium,About to Leave,0.762,0.2688888888888889,1,0,0,0,-42,3.5,0,0,Send renewal reminder | Offer Annual Plan discount | Recommend personalized content,
1250,1251,Keith Juarez,qbrown@example.net,qbrown,1944-04-06,Male,Port Gary,2024-01-18,2025-01-17,Annual,0,0.48352388717816536,48.35,48.35,Medium,About to Leave,0.626,0.19333333333333333,0,0,0,1,-88,3.0,1,0,Send renewal reminder | Trigger engagement campaign | Collect feedback and offer service recovery | Recommend personalized content,
1251,1252,Maria Miller,dennis03@example.com,dennis03,1947-08-17,Male,New Jacobfurt,2024-03-27,2025-03-27,Annual,0,0.45156022194984224,45.16,45.16,Medium,About to Leave,0.6972,0.08106666666666668,0,0,1,0,-19,3.6,0,0,Send renewal reminder | Assign priority support | Recommend personalized content,
1252,1253,John Nichols,ashleygray@example.org,ashleygray,1988-06-24,Male,West Jeffrey,2024-03-20,2025-03-20,Annual,0,0.32022876146970536,32.02,32.02,Low,About to Leave,0.7276,0.17133333333333334,0,0,0,0,-26,3.8,0,0,Send renewal reminder | Recommend personalized content,
1253,1254,Angela Terry,baileynorton@example.org,baileynorton,1997-03-24,Male,New Elizabeth,2024-03-22,2025-03-22,Annual,0,0.3992426725220555,39.92,39.92,Medium,About to Leave,0.7391999999999999,0.10247619047619048,0,0,1,0,-24,4.6,0,0,Send renewal reminder | Assign priority support | Recommend personalized content,
1254,1255,Tracie Thomas,justin95@example.com,justin95,1951-10-13,Female,South Angelamouth,2024-01-08,2025-01-07,Annual,0,0.4153808746218416,41.54,41.54,Medium,About to Leave,0.7396000000000001,0.09066666666666667,0,0,1,0,-98,4.8,0,0,Send renewal reminder | Assign priority support | Recommend personalized content,
1255,1256,Chad Kennedy,joshua03@example.org,joshua03,1950-08-25,Female,Sotoville,2024-02-14,2025-02-13,Annual,0,0.42874523401920217,42.87,42.87,Medium,About to Leave,0.6636,0.06355555555555556,0,0,1,0,-61,4.3,0,0,Send renewal reminder | Assign priority support | Recommend personalized content,
1256,1257,Renee Green,nfoster@example.com,nfoster,1972-12-27,Female,Larryshire,2024-04-14,2025-04-14,Annual,0,0.45489580620156395,45.49,45.49,Medium,About to Leave,0.6872,0.0736969696969697,0,0,1,0,-1,3.6,0,0,Send renewal reminder | Assign priority support | Recommend personalized content,
1257,1258,James Hubbard,erica62@example.org,erica62,1997-05-20,Female,South Hannah,2024-01-24,2025-01-23,Annual,0,0.3196949588841058,31.97,31.97,Low,About to Leave,0.7272,0.22577777777777777,0,0,0,0,-82,3.6,0,0,Send renewal reminder | Recommend personalized content,
1258,1259,Julie Wong,amanda85@example.net,amanda85,1974-04-02,Female,Christinaton,2024-02-27,2025-02-26,Monthly,0,0.5694600146646163,56.95,56.95,Medium,About to Leave,0.7336000000000001,0.08386666666666667,1,0,1,0,-48,4.3,1,0,Send renewal reminder | Offer Annual Plan discount | Assign priority support | Recommend personalized content,
1259,1260,Crystal Gonzalez,gbautista@example.net,gbautista,1937-10-16,Female,Gilesport,2024-03-06,2025-03-06,Annual,0,0.3205379748015133,32.05,32.05,Low,About to Leave,0.7364,0.19866666666666669,0,0,0,0,-40,3.2,0,0,Send renewal reminder | Collect feedback and offer service recovery | Recommend personalized content,
1260,1261,Ryan Gallagher,randywhite@example.net,randywhite,1950-03-29,Male,Danielsmouth,2024-01-08,2025-01-07,Monthly,0,0.4235655206681281,42.36,42.36,Medium,About to Leave,0.7732,0.16613333333333336,1,0,0,0,-98,4.1,0,0,Send renewal reminder | Offer Annual Plan discount | Recommend personalized content,
1261,1262,Jose Taylor,uhall@example.com,uhall,1978-01-21,Male,North Thomas,2024-01-31,2025-01-30,Monthly,0,0.5347920026522869,53.48,53.48,Medium,About to Leave,0.7884000000000001,0.12100000000000001,1,0,1,0,-75,4.2,1,0,Send renewal reminder | Offer Annual Plan discount | Assign priority support | Recommend personalized content,
1262,1263,Leslie Morales,jaclyn86@example.com,jaclyn86,1969-09-14,Female,Johnsonborough,2024-01-13,2025-01-12,Monthly,0,0.5840806445977429,58.41,58.41,Medium,About to Leave,0.7120000000000001,0.10083333333333334,1,0,1,0,-93,3.5,1,0,Send renewal reminder | Offer Annual Plan discount | Assign priority support | Recommend personalized content,
1263,1264,Amber Peters,contrerasbrooke@example.org,contrerasbrooke,1992-05-06,Male,Nancybury,2024-02-24,2025-02-23,Annual,0,0.32119078288131786,32.12,32.12,Low,About to Leave,0.6728,0.09266666666666667,0,0,0,0,-51,3.9,0,0,Send renewal reminder | Recommend personalized content,
1264,1265,Alex Mccall,mfreeman@example.com,mfreeman,1983-11-19,Female,Nelsonhaven,2024-03-03,2025-03-03,Monthly,0,0.599198801096717,59.92,59.92,Medium,About to Leave,0.6924000000000001,0.09733333333333334,1,0,1,0,-43,3.7,1,0,Send renewal reminder | Offer Annual Plan discount | Assign priority support | Recommend personalized content,
1265,1266,Briana Hall,mckinneykatherine@example.net,mckinneykatherine,1968-10-27,Male,New Antonio,2024-01-06,2025-01-05,Annual,0,0.2744535804204395,27.45,27.45,Low,Loyal,0.808,0.8266666666666668,0,0,0,0,-100,4.0,0,0,Send renewal reminder | Recommend personalized content,Recommend premium Action bundle | Recommend reading/documentary combo | Recommend mobile premium pack | Offer loyalty reward / premium upsell
1266,1267,Christine Reed,rebeccahernandez@example.com,rebeccahernandez,1997-10-10,Male,West Rachelstad,2024-03-08,2025-03-08,Monthly,0,0.5724480728416174,57.24,57.24,Medium,About to Leave,0.7032,0.08716666666666667,1,0,1,0,-38,4.1,1,0,Send renewal reminder | Offer Annual Plan discount | Assign priority support | Recommend personalized content,
1267,1268,Joshua Kirk,forddouglas@example.net,forddouglas,1968-02-18,Female,East Bettyfurt,2024-02-04,2025-02-03,Annual,0,0.3049499451097284,30.49,30.49,Low,About to Leave,0.716,0.6533333333333333,0,0,0,0,-71,3.0,0,0,Send renewal reminder | Collect feedback and offer service recovery | Recommend personalized content,
1268,1269,Sean Allen,rodriguezhenry@example.org,rodriguezhenry,1949-01-31,Female,Christinaland,2024-02-03,2025-02-02,Monthly,0,0.5794795069785239,57.95,57.95,Medium,About to Leave,0.6940000000000001,0.06484848484848485,1,0,1,0,-72,4.5,1,0,Send renewal reminder | Offer Annual Plan discount | Assign priority support | Recommend personalized content,
1269,1270,Billy Wallace,pattersonandrea@example.org,pattersonandrea,1946-09-16,Female,West Timothyborough,2024-01-18,2025-01-17,Annual,0,0.31815738345742023,31.82,31.82,Low,About to Leave,0.6936,0.09533333333333334,0,0,0,0,-88,4.3,0,0,Send renewal reminder | Recommend personalized content,
1270,1271,Kevin Allen,allisonstrong@example.org,allisonstrong,1939-04-20,Male,New Rickymouth,2024-01-09,2025-01-08,Annual,0,0.46232586523122354,46.23,46.23,Medium,About to Leave,0.6619999999999999,0.07481481481481482,0,0,1,0,-97,3.5,0,0,Send renewal reminder | Assign priority support | Recommend personalized content,
1271,1272,Andrew Johnson,matthewharrison@example.net,matthewharrison,1982-03-21,Male,Meyerville,2024-03-26,2025-03-26,Annual,0,0.4754620484408976,47.55,47.55,Medium,About to Leave,0.6732,0.06339393939393939,0,0,1,0,-20,4.1,1,0,Send renewal reminder | Assign priority support | Recommend personalized content,
1272,1273,James Fritz,kparker@example.org,kparker,1940-05-07,Female,Donnaview,2024-01-14,2025-01-13,Monthly,0,0.4599550834558712,46.0,46.0,Medium,About to Leave,0.7264,0.15893333333333334,1,0,0,0,-92,3.2,0,0,Send renewal reminder | Offer Annual Plan discount | Collect feedback and offer service recovery | Recommend personalized content,
1273,1274,Lee Gonzalez DDS,kevin83@example.org,kevin83,1966-12-07,Male,Adamsbury,2024-01-08,2025-01-07,Monthly,0,0.442279553892421,44.23,44.23,Medium,About to Leave,0.7164,0.33066666666666666,1,0,0,0,-98,3.2,0,0,Send renewal reminder | Offer Annual Plan discount | Collect feedback and offer service recovery | Recommend personalized content,
1274,1275,Katelyn Mccarthy,zwashington@example.net,zwashington,1937-05-16,Female,North Steven,2024-02-24,2025-02-23,Monthly,0,0.48276199574095635,48.28,48.28,Medium,About to Leave,0.652,0.09000000000000001,1,0,0,0,-51,3.5,1,0,Send renewal reminder | Offer Annual Plan discount | Recommend personalized content,
1275,1276,William Thomas,alyssa28@example.com,alyssa28,1952-05-02,Male,Chelseamouth,2024-04-02,2025-04-02,Monthly,0,0.41300373796716344,41.3,41.3,Medium,About to Leave,0.76,0.20000000000000004,1,0,0,0,-13,5.0,0,0,Send renewal reminder | Offer Annual Plan discount | Recommend personalized content,
1276,1277,Melanie Martin,riceallison@example.com,riceallison,1969-01-16,Male,Simmonsside,2024-01-01,2024-12-31,Annual,0,0.29807461269005786,29.81,29.81,Low,Loyal,0.7848,0.18233333333333335,0,0,0,0,-105,4.9,0,0,Send renewal reminder | Recommend personalized content,Recommend lifestyle and family content pack | Recommend mobile premium pack | Offer loyalty reward / premium upsell
1277,1278,Melissa Goodwin,garciajennifer@example.net,garciajennifer,1978-06-11,Male,Butlerland,2024-03-26,2025-03-26,Annual,0,0.4204145319860125,42.04,42.04,Medium,About to Leave,0.7036000000000001,0.43866666666666665,0,0,0,1,-20,4.3,0,0,Send renewal reminder | Trigger engagement campaign | Recommend personalized content,
1278,1279,Renee Hayes,dawnmiller@example.com,dawnmiller,1986-05-28,Female,Pamelastad,2024-02-02,2025-02-01,Monthly,0,0.45702825372144446,45.7,45.7,Medium,About to Leave,0.748,0.23111111111111113,1,0,0,0,-73,4.0,0,0,Send renewal reminder | Offer Annual Plan discount | Recommend personalized content,
1279,1280,Edward Jenkins,leah52@example.com,leah52,1974-05-28,Male,Grahamfort,2024-03-08,2025-03-08,Monthly,0,0.5497503122946054,54.98,54.98,Medium,About to Leave,0.8040000000000002,0.12250000000000001,1,0,1,0,-38,4.5,1,0,Send renewal reminder | Offer Annual Plan discount | Assign priority support | Recommend personalized content,
1280,1281,Brandy Williamson,kevin03@example.com,kevin03,1981-08-06,Male,Leeview,2024-02-02,2025-02-01,Annual,0,0.31872418654152945,31.87,31.87,Low,About to Leave,0.7236,0.19066666666666668,0,0,0,0,-73,4.3,0,0,Send renewal reminder | Recommend personalized content,
1281,1282,John Wolfe,lkent@example.net,lkent,1976-11-03,Female,Campbellfurt,2024-03-19,2025-03-19,Monthly,0,0.4690732493658531,46.91,46.91,Medium,About to Leave,0.6676,0.09200000000000001,1,0,0,0,-27,3.8,0,0,Send renewal reminder | Offer Annual Plan discount | Recommend personalized content,
1282,1283,Michael Cole,jennifer96@example.com,jennifer96,1969-10-17,Male,Owenschester,2024-03-06,2025-03-06,Monthly,0,0.4602356990799656,46.02,46.02,Medium,About to Leave,0.7324,0.22711111111111112,1,0,0,0,-40,3.7,0,0,Send renewal reminder | Offer Annual Plan discount | Recommend personalized content,
1283,1284,Krystal Walker,nicholas17@example.com,nicholas17,2004-01-22,Male,New Jennifer,2024-02-19,2025-02-18,Annual,0,0.3947718530883071,39.48,39.48,Medium,About to Leave,0.7324000000000002,0.11638095238095239,0,0,1,0,-56,3.7,0,0,Send renewal reminder | Assign priority support | Recommend personalized content,
1284,1285,Shawna Gonzales,robertking@example.net,robertking,1956-04-28,Female,Port Joehaven,2024-02-28,2025-02-27,Monthly,0,0.5981313875762793,59.81,59.81,Medium,About to Leave,0.6664000000000001,0.09447619047619048,1,0,1,0,-47,3.2,1,0,Send renewal reminder | Offer Annual Plan discount | Assign priority support | Collect feedback and offer service recovery | Recommend personalized content,
1285,1286,Maria Jensen,williamrogers@example.com,williamrogers,1951-08-08,Female,East Jorge,2024-03-04,2025-03-04,Monthly,0,0.44356325381671313,44.36,44.36,Medium,About to Leave,0.7372,0.33866666666666667,1,0,0,0,-42,3.6,0,0,Send renewal reminder | Offer Annual Plan discount | Recommend personalized content,
1286,1287,Stephanie Randall,kathryn10@example.net,kathryn10,1970-06-30,Female,East Ronald,2024-02-26,2025-02-25,Annual,0,0.47013989789340366,47.01,47.01,Medium,About to Leave,0.6588,0.07377777777777779,0,0,0,1,-49,4.4,0,0,Send renewal reminder | Trigger engagement campaign | Recommend personalized content,
1287,1288,John Bauer,amandamartin@example.com,amandamartin,1998-07-27,Male,Adrianborough,2024-03-05,2025-03-05,Monthly,0,0.578593952771602,57.86,57.86,Medium,About to Leave,0.6916,0.08874074074074075,1,0,1,0,-41,3.3,1,0,Send renewal reminder | Offer Annual Plan discount | Assign priority support | Collect feedback and offer service recovery | Recommend personalized content,
1288,1289,Sean Davis,clayjamie@example.org,clayjamie,1949-12-08,Male,Howardmouth,2024-02-16,2025-02-15,Annual,0,0.44683323555402055,44.68,44.68,Medium,About to Leave,0.6576000000000001,0.062303030303030305,0,0,1,0,-59,3.8,0,0,Send renewal reminder | Assign priority support | Recommend personalized content,
1289,1290,Maria Walsh,abigailconrad@example.com,abigailconrad,1978-06-03,Male,Powellton,2024-02-26,2025-02-25,Annual,0,0.31832458798641394,31.83,31.83,Low,About to Leave,0.716,0.15733333333333335,0,0,0,0,-49,3.0,0,0,Send renewal reminder | Collect feedback and offer service recovery | Recommend personalized content,
1290,1291,Damon Walker,brian46@example.org,brian46,1987-09-22,Male,Craigville,2024-03-24,2025-03-24,Annual,0,0.38954463907742276,38.95,38.95,Medium,About to Leave,0.7464,0.1325714285714286,0,0,1,0,-22,3.2,0,0,Send renewal reminder | Assign priority support | Collect feedback and offer service recovery | Recommend personalized content,
1291,1292,Timothy Thompson,austin23@example.com,austin23,1959-03-22,Female,Lake Samanthashire,2024-01-08,2025-01-07,Annual,0,0.42341235798231636,42.34,42.34,Medium,About to Leave,0.7228000000000001,0.09140740740740742,0,0,1,0,-98,3.9,0,0,Send renewal reminder | Assign priority support | Recommend personalized content,
1292,1293,Tyler Morgan,garymeyers@example.org,garymeyers,1989-12-29,Male,East Nathan,2024-03-15,2025-03-15,Monthly,0,0.6365449617985528,63.65,63.65,Medium,About to Leave,0.6312,0.06573333333333334,1,0,1,0,-31,3.1,1,0,Send renewal reminder | Offer Annual Plan discount | Assign priority support | Collect feedback and offer service recovery | Recommend personalized content,
1293,1294,David Davis,zpruitt@example.org,zpruitt,1995-08-14,Female,North Megan,2024-02-17,2025-02-16,Annual,0,0.297877979803032,29.79,29.79,Low,Loyal,0.7436,0.5720000000000001,0,0,0,0,-58,4.3,0,0,Send renewal reminder | Recommend personalized content,Recommend lifestyle and family content pack | Recommend mobile premium pack
1294,1295,Cindy Decker,cohenpaul@example.net,cohenpaul,1976-02-03,Male,South Michelle,2024-01-04,2025-01-03,Annual,0,0.37142189562853134,37.14,37.14,Medium,About to Leave,0.7884000000000001,0.12100000000000001,0,0,1,0,-102,4.2,0,0,Send renewal reminder | Assign priority support | Recommend personalized content,
1295,1296,Robert Wise,thomasthompson@example.net,thomasthompson,1977-02-18,Male,New Katie,2024-02-08,2025-02-07,Annual,0,0.28712592691340294,28.71,28.71,Low,Loyal,0.7568,0.2675555555555556,0,0,0,0,-67,3.4,0,0,Send renewal reminder | Collect feedback and offer service recovery | Recommend personalized content,Recommend lifestyle and family content pack | Recommend offline mobile viewing pack
1296,1297,Antonio Williams,hancockjesus@example.com,hancockjesus,1960-08-10,Female,East Kristinmouth,2024-02-18,2025-02-17,Monthly,0,0.4281312344208808,42.81,42.81,Medium,About to Leave,0.7828,0.27422222222222226,1,0,0,0,-57,3.9,0,0,Send renewal reminder | Offer Annual Plan discount | Recommend personalized content,
1297,1298,Dominique Lucas,umclaughlin@example.net,umclaughlin,2003-04-09,Male,Smithchester,2024-02-06,2025-02-05,Annual,0,0.2686775509009774,26.87,26.87,Low,Loyal,0.7832,0.2076666666666667,0,0,0,0,-69,4.1,0,0,Send renewal reminder | Recommend personalized content,Recommend premium Sci-Fi bundle | Recommend reading/documentary combo | Recommend offline mobile viewing pack | Offer loyalty reward / premium upsell
1298,1299,Megan Frank,ewilson@example.com,ewilson,1969-04-30,Female,New Kimberlymouth,2024-02-12,2025-02-11,Annual,0,0.22316004491295394,22.32,22.32,Low,Loyal,0.8740000000000001,0.9800000000000001,0,0,0,0,-63,4.5,0,0,Send renewal reminder | Recommend personalized content,Recommend premium Comedy bundle | Recommend reading/documentary combo | Recommend mobile premium pack | Offer loyalty reward / premium upsell
1299,1300,Troy Ramirez,kristy17@example.org,kristy17,1976-07-16,Male,Timothyfurt,2024-01-13,2025-01-12,Monthly,0,0.5664165131662514,56.64,56.64,Medium,About to Leave,0.6924000000000001,0.09733333333333334,1,0,1,0,-93,3.7,1,0,Send renewal reminder | Offer Annual Plan discount | Assign priority support | Recommend personalized content,
1300,1301,Casey Perkins,cedwards@example.net,cedwards,1975-04-25,Male,Natalieburgh,2024-03-11,2025-03-11,Annual,0,0.2863296231281535,28.63,28.63,Low,Loyal,0.8048000000000001,0.3646666666666667,0,0,0,0,-35,4.9,0,0,Send renewal reminder | Recommend personalized content,Recommend reading/documentary combo | Recommend offline mobile viewing pack | Offer loyalty reward / premium upsell
1301,1302,Ashley Moody,daniel24@example.net,daniel24,1967-01-25,Female,Sherihaven,2024-04-07,2025-04-07,Monthly,0,0.6350439139313782,63.5,63.5,Medium,About to Leave,0.6588,0.07377777777777779,1,0,0,1,-8,4.4,1,0,Send renewal reminder | Offer Annual Plan discount | Trigger engagement campaign | Recommend personalized content,
1302,1303,Jennifer Coleman,thomasedward@example.net,thomasedward,1969-12-08,Female,East Tylerport,2024-01-03,2025-01-02,Monthly,0,0.6488905748136201,64.89,64.89,Medium,About to Leave,0.6264,0.13155555555555556,1,0,0,1,-103,3.2,1,0,Send renewal reminder | Offer Annual Plan discount | Trigger engagement campaign | Collect feedback and offer service recovery | Recommend personalized content,
1303,1304,Ryan Santiago,gtaylor@example.net,gtaylor,1982-03-30,Male,East Amandafort,2024-02-19,2025-02-18,Monthly,0,0.5889130158783941,58.89,58.89,Medium,About to Leave,0.7284000000000002,0.08346666666666668,1,0,1,0,-56,4.2,1,0,Send renewal reminder | Offer Annual Plan discount | Assign priority support | Recommend personalized content,
1304,1305,Craig Peters,williamsbenjamin@example.net,williamsbenjamin,1946-09-26,Female,Lake Kim,2024-03-06,2025-03-06,Monthly,0,0.45962273149440275,45.96,45.96,Medium,About to Leave,0.732,0.33666666666666667,1,0,0,0,-40,3.5,0,0,Send renewal reminder | Offer Annual Plan discount | Recommend personalized content,
1305,1306,Sherri Banks,smithphillip@example.com,smithphillip,2002-08-13,Female,Melissaside,2024-04-12,2025-04-12,Monthly,0,0.5427604093926166,54.28,54.28,Medium,About to Leave,0.7536000000000002,0.10483333333333335,1,0,1,0,-3,4.3,1,0,Send renewal reminder | Offer Annual Plan discount | Assign priority support | Recommend personalized content,
1306,1307,Monica Gomez,harringtonnicholas@example.org,harringtonnicholas,1959-04-11,Male,Mcguireport,2024-02-22,2025-02-21,Monthly,0,0.5727416985396411,57.27,57.27,Medium,About to Leave,0.7196000000000001,0.07253333333333334,1,0,1,0,-53,4.8,1,0,Send renewal reminder | Offer Annual Plan discount | Assign priority support | Recommend personalized content,
1307,1308,Cory Moreno,paul69@example.com,paul69,1995-05-16,Male,Lake Nancyland,2024-03-19,2025-03-19,Annual,0,0.45801744819139445,45.8,45.8,Medium,About to Leave,0.7028000000000001,0.07478787878787879,0,0,1,0,-27,3.9,0,0,Send renewal reminder | Assign priority support | Recommend personalized content,
1308,1309,Alejandro Rojas,warren18@example.net,warren18,1999-02-08,Female,Johnsonfort,2024-02-04,2025-02-03,Annual,0,0.2935031291867279,29.35,29.35,Low,Loyal,0.7340000000000001,0.19333333333333336,0,0,0,0,-71,4.5,0,0,Send renewal reminder | Recommend personalized content,Recommend premium Comedy bundle | Recommend reading/documentary combo | Recommend offline mobile viewing pack
1309,1310,Richard Rowe,victoriaowens@example.com,victoriaowens,1975-11-30,Female,Hardinmouth,2024-03-07,2025-03-07,Annual,0,0.4392385399104781,43.92,43.92,Medium,About to Leave,0.6836000000000001,0.06412121212121212,0,0,1,0,-39,4.3,0,0,Send renewal reminder | Assign priority support | Recommend personalized content,
1310,1311,Erica Weaver,alvarezkelly@example.net,alvarezkelly,1942-08-10,Female,Ashleyland,2024-01-17,2025-01-16,Monthly,0,0.6387371191367015,63.87,63.87,Medium,About to Leave,0.6228,0.05054545454545455,1,0,1,0,-89,3.9,1,0,Send renewal reminder | Offer Annual Plan discount | Assign priority support | Recommend personalized content,
1311,1312,David Parks,ruth36@example.net,ruth36,1997-10-15,Male,Lake Tylerville,2024-04-09,2025-04-09,Monthly,0,0.46918771875604054,46.92,46.92,Medium,About to Leave,0.7244,0.11760000000000001,1,0,0,0,-6,4.7,0,0,Send renewal reminder | Offer Annual Plan discount | Recommend personalized content,
1312,1313,Donald Reynolds,miranda01@example.com,miranda01,2002-08-20,Male,Jamesville,2024-04-02,2025-04-02,Monthly,0,0.57522840637228,57.52,57.52,Medium,About to Leave,0.7296,0.0805925925925926,1,0,1,0,-13,4.8,1,0,Send renewal reminder | Offer Annual Plan discount | Assign priority support | Recommend personalized content,
1313,1314,Tammy Santos DVM,mcculloughanthony@example.org,mcculloughanthony,1951-10-25,Male,Fieldsbury,2024-02-05,2025-02-04,Annual,0,0.24738666550236152,24.74,24.74,Low,Loyal,0.8592,0.328,0,0,0,0,-70,4.6,0,0,Send renewal reminder | Recommend personalized content,Recommend lifestyle and family content pack | Recommend mobile premium pack | Offer loyalty reward / premium upsell
1314,1315,Douglas Frank,joshua34@example.net,joshua34,1978-01-31,Male,Port Christianview,2024-01-09,2025-01-08,Annual,0,0.42462285962125956,42.46,42.46,Medium,About to Leave,0.7024000000000001,0.08146666666666667,0,0,1,0,-97,3.7,0,0,Send renewal reminder | Assign priority support | Recommend personalized content,
1315,1316,Juan Duran,murillomisty@example.org,murillomisty,1949-09-10,Female,Erikberg,2024-03-08,2025-03-08,Monthly,0,0.39711679441554554,39.71,39.71,Medium,About to Leave,0.7948000000000001,0.24311111111111114,1,0,0,0,-38,4.9,0,0,Send renewal reminder | Offer Annual Plan discount | Recommend personalized content,
1316,1317,Mrs. Maria Holland MD,emma23@example.com,emma23,2001-12-18,Female,North Eric,2024-03-01,2025-03-01,Monthly,0,0.3979271887752944,39.79,39.79,Medium,About to Leave,0.7928000000000001,0.4113333333333334,1,0,0,0,-45,3.9,0,0,Send renewal reminder | Offer Annual Plan discount | Recommend personalized content,
1317,1318,Rachael Miles DDS,michelle53@example.org,michelle53,1998-03-24,Female,Greenechester,2024-02-18,2025-02-17,Monthly,0,0.5887701443646469,58.88,58.88,Medium,About to Leave,0.7292,0.08966666666666667,1,0,1,0,-57,4.6,1,0,Send renewal reminder | Offer Annual Plan discount | Assign priority support | Recommend personalized content,
1318,1319,Jeffrey Chambers,ocastillo@example.net,ocastillo,1935-03-08,Female,Jerryfurt,2024-03-09,2025-03-09,Monthly,0,0.6204002556874988,62.04,62.04,Medium,About to Leave,0.6368,0.060848484848484846,1,0,1,0,-37,3.4,1,0,Send renewal reminder | Offer Annual Plan discount | Assign priority support | Collect feedback and offer service recovery | Recommend personalized content,
1319,1320,Sheena Gaines,danahaynes@example.org,danahaynes,2004-09-10,Female,West Victoria,2024-01-08,2025-01-07,Monthly,0,0.46437342176737817,46.44,46.44,Medium,About to Leave,0.748,0.23111111111111113,1,0,0,0,-98,4.0,0,0,Send renewal reminder | Offer Annual Plan discount | Recommend personalized content,
1320,1321,Patrick Macdonald,riosmarie@example.com,riosmarie,1953-01-22,Female,North Andrew,2024-03-06,2025-03-06,Annual,0,0.4416427627985136,44.16,44.16,Medium,About to Leave,0.7084000000000001,0.08766666666666667,0,0,1,0,-40,4.2,0,0,Send renewal reminder | Assign priority support | Recommend personalized content,
1321,1322,Elizabeth Wheeler,donaldmccullough@example.org,donaldmccullough,1941-06-21,Female,South Victorburgh,2024-04-01,2025-04-01,Annual,0,0.25681288836713445,25.68,25.68,Low,Loyal,0.7972,0.23600000000000002,0,0,0,0,-14,3.6,0,0,Send renewal reminder | Recommend personalized content,Recommend premium Documentary bundle | Recommend premium device streaming bundle | Recommend mobile premium pack | Offer loyalty reward / premium upsell
1322,1323,Joshua Williams,sherylgray@example.org,sherylgray,1977-12-30,Female,West Paulland,2024-03-07,2025-03-07,Annual,0,0.22572353446628218,22.57,22.57,Low,Loyal,0.8536,0.48600000000000004,0,0,0,0,-39,4.3,0,0,Send renewal reminder | Recommend personalized content,Recommend reading/documentary combo | Recommend mobile premium pack | Offer loyalty reward / premium upsell
1323,1324,Kenneth Adkins,lewiswilliam@example.com,lewiswilliam,1954-07-20,Male,Deleonville,2024-01-23,2025-01-22,Monthly,0,0.5816768185367416,58.17,58.17,Medium,About to Leave,0.7036000000000001,0.43866666666666665,1,0,0,1,-83,4.3,1,0,Send renewal reminder | Offer Annual Plan discount | Trigger engagement campaign | Recommend personalized content,
1324,1325,Elizabeth Johnson,nwilson@example.com,nwilson,1997-02-16,Female,Lake Melissashire,2024-03-26,2025-03-26,Monthly,0,0.4608258807484897,46.08,46.08,Medium,About to Leave,0.7188,0.14400000000000002,1,0,0,0,-20,4.4,0,0,Send renewal reminder | Offer Annual Plan discount | Recommend personalized content,
1325,1326,William Mckee,ysanders@example.org,ysanders,1965-01-05,Male,Lake Stevenland,2024-01-15,2025-01-14,Monthly,0,0.4332094843678226,43.32,43.32,Medium,About to Leave,0.79,0.18333333333333335,1,0,0,0,-91,5.0,0,0,Send renewal reminder | Offer Annual Plan discount | Recommend personalized content,
1326,1327,Brittany Rowe,leachderek@example.com,leachderek,1961-12-18,Female,Gallagherborough,2024-01-05,2025-01-04,Monthly,0,0.6012206229602383,60.12,60.12,Medium,About to Leave,0.6640000000000001,0.05800000000000001,1,0,1,0,-101,4.5,1,0,Send renewal reminder | Offer Annual Plan discount | Assign priority support | Recommend personalized content,
1327,1328,Emily Howard,christopherbridges@example.net,christopherbridges,1967-07-30,Female,Walkerton,2024-02-09,2025-02-08,Monthly,0,0.39109502383441935,39.11,39.11,Medium,About to Leave,0.8548000000000001,0.8626666666666668,1,0,0,0,-66,4.9,0,0,Send renewal reminder | Offer Annual Plan discount | Recommend personalized content,
1328,1329,Christopher Mckay,jay38@example.org,jay38,1940-08-25,Female,West Lisa,2024-03-04,2025-03-04,Annual,0,0.2796964734485854,27.97,27.97,Low,Loyal,0.7216,0.33266666666666667,0,0,0,0,-42,3.3,0,0,Send renewal reminder | Collect feedback and offer service recovery | Recommend personalized content,Recommend premium Sci-Fi bundle | Recommend lifestyle and family content pack | Recommend mobile premium pack
1329,1330,Katherine Mckenzie,rreed@example.net,rreed,1937-12-30,Male,South Kellyville,2024-03-08,2025-03-08,Annual,0,0.31764028833995367,31.76,31.76,Low,About to Leave,0.7288,0.19200000000000003,0,0,0,0,-38,4.4,0,0,Send renewal reminder | Recommend personalized content,
1330,1331,Vanessa Fletcher,aaronwelch@example.org,aaronwelch,1987-01-02,Female,East Robertshire,2024-02-23,2025-02-22,Annual,0,0.4596888673262514,45.97,45.97,Medium,About to Leave,0.672,0.08416666666666667,0,0,1,0,-52,3.5,0,0,Send renewal reminder | Assign priority support | Recommend personalized content,
1331,1332,James Strickland,sonya57@example.org,sonya57,1949-05-22,Female,Lake Williamville,2024-01-05,2025-01-04,Annual,0,0.2983773054183382,29.84,29.84,Low,Loyal,0.7076,0.11422222222222222,0,0,0,0,-101,3.8,0,0,Send renewal reminder | Recommend personalized content,Recommend premium Drama bundle | Recommend premium device streaming bundle | Recommend offline mobile viewing pack
1332,1333,Corey Thomas,melissamason@example.org,melissamason,2003-12-02,Male,East Darlenebury,2024-01-22,2025-01-21,Monthly,0,0.5625128520941246,56.25,56.25,Medium,About to Leave,0.728,0.09185185185185187,1,0,1,0,-84,4.0,1,0,Send renewal reminder | Offer Annual Plan discount | Assign priority support | Recommend personalized content,
1333,1334,Phillip Wilson,sanchezlinda@example.com,sanchezlinda,1980-09-03,Male,Hartmouth,2024-03-02,2025-03-02,Monthly,0,0.42300677451454877,42.3,42.3,Medium,About to Leave,0.7732,0.16613333333333336,1,0,0,0,-44,4.1,0,0,Send renewal reminder | Offer Annual Plan discount | Recommend personalized content,
1334,1335,Jason Thompson,wwhitaker@example.org,wwhitaker,2004-07-01,Male,East Johnville,2024-02-13,2025-02-12,Monthly,0,0.4320300064470453,43.2,43.2,Medium,About to Leave,0.7276,0.17133333333333334,1,0,0,0,-62,3.8,0,0,Send renewal reminder | Offer Annual Plan discount | Recommend personalized content,
1335,1336,Lindsay Clarke DVM,tina28@example.org,tina28,1942-08-23,Male,Terrihaven,2024-04-08,2025-04-08,Annual,0,0.4505174635168136,45.05,45.05,Medium,About to Leave,0.6896,0.06577777777777778,0,0,1,0,-7,4.8,0,0,Send renewal reminder | Assign priority support | Recommend personalized content,
1336,1337,Tyler Hester,robert74@example.com,robert74,1934-08-12,Female,West Sergio,2024-04-13,2025-04-13,Annual,0,0.2929682781256912,29.3,29.3,Low,Loyal,0.754,0.14266666666666666,0,0,0,0,-2,4.5,0,0,Send renewal reminder | Recommend personalized content,Recommend premium Drama bundle | Recommend lifestyle and family content pack | Recommend offline mobile viewing pack
1337,1338,Kevin Haley,paige48@example.net,paige48,1981-07-10,Female,Joshuachester,2024-01-17,2025-01-16,Monthly,0,0.453118983700996,45.31,45.31,Medium,About to Leave,0.7372,0.33866666666666667,1,0,0,0,-89,3.6,0,0,Send renewal reminder | Offer Annual Plan discount | Recommend personalized content,
1338,1339,Eric Roberts,holly03@example.org,holly03,1933-10-23,Male,West Kimberlyhaven,2024-01-03,2025-01-02,Annual,0,0.4662829758277781,46.63,46.63,Medium,About to Leave,0.6612,0.07187878787878789,0,0,1,0,-103,3.1,0,0,Send renewal reminder | Assign priority support | Collect feedback and offer service recovery | Recommend personalized content,
1339,1340,Karen Davidson,fanderson@example.com,fanderson,1984-06-29,Female,Kevinchester,2024-03-05,2025-03-05,Annual,0,0.25859057519686235,25.86,25.86,Low,Loyal,0.79,0.18333333333333335,0,0,0,0,-41,5.0,0,0,Send renewal reminder | Recommend personalized content,Recommend premium device streaming bundle | Recommend mobile premium pack | Offer loyalty reward / premium upsell
1340,1341,Julia Moore,ewilson@example.com,ewilson,1941-11-08,Male,Martinezmouth,2024-02-14,2025-02-13,Annual,0,0.42661013628645866,42.66,42.66,Medium,About to Leave,0.7236,0.10076190476190476,0,0,1,0,-61,4.3,0,0,Send renewal reminder | Assign priority support | Recommend personalized content,
1341,1342,Victor Hernandez,kathleen05@example.net,kathleen05,1982-06-03,Male,Valenzuelahaven,2024-03-03,2025-03-03,Annual,0,0.4790649284590926,47.91,47.91,Medium,About to Leave,0.6328,0.055600000000000004,0,0,1,0,-43,3.9,1,0,Send renewal reminder | Assign priority support | Recommend personalized content,
1342,1343,Joseph Turner,raymond73@example.org,raymond73,1980-02-28,Male,Port Jessehaven,2024-03-13,2025-03-13,Annual,0,0.42891923828536543,42.89,42.89,Medium,About to Leave,0.754,0.09407407407407409,0,0,1,0,-33,4.5,0,0,Send renewal reminder | Assign priority support | Recommend personalized content,
1343,1344,Brian Wright,katherinebrown@example.net,katherinebrown,1965-03-04,Female,Shermanland,2024-01-05,2025-01-04,Annual,0,0.3968047282561237,39.68,39.68,Medium,About to Leave,0.7544000000000002,0.08546666666666668,0,0,1,0,-101,4.7,0,0,Send renewal reminder | Assign priority support | Recommend personalized content,
1344,1345,Robin Ellis,foxheather@example.net,foxheather,1956-06-15,Female,Maryshire,2024-03-15,2025-03-15,Annual,0,0.44096064398506557,44.1,44.1,Medium,About to Leave,0.6888000000000001,0.06448484848484849,0,0,1,0,-31,4.4,0,0,Send renewal reminder | Assign priority support | Recommend personalized content,
1345,1346,John Gonzalez,shannon15@example.net,shannon15,1946-10-18,Female,Harrisonfort,2024-04-06,2025-04-06,Annual,0,0.45505365110353124,45.51,45.51,Medium,About to Leave,0.6864000000000001,0.0882962962962963,0,0,1,0,-9,3.2,0,0,Send renewal reminder | Assign priority support | Collect feedback and offer service recovery | Recommend personalized content,
1346,1347,Logan Edwards,wellsjonathan@example.net,wellsjonathan,1991-07-23,Male,Heathshire,2024-01-19,2025-01-18,Annual,0,0.2787557155653751,27.88,27.88,Low,Loyal,0.7724000000000001,0.2715555555555556,0,0,0,0,-87,3.7,0,0,Send renewal reminder | Recommend personalized content,Recommend premium Documentary bundle | Recommend premium device streaming bundle | Recommend mobile premium pack | Offer loyalty reward / premium upsell
1347,1348,Brian Houston,ymartinez@example.com,ymartinez,1934-09-02,Male,East Kenneth,2024-02-26,2025-02-25,Annual,0,0.31177492735218904,31.18,31.18,Low,About to Leave,0.7784000000000001,0.16693333333333335,0,0,0,0,-49,4.2,0,0,Send renewal reminder | Recommend personalized content,
1348,1349,Jennifer Vazquez,madison87@example.net,madison87,1976-09-30,Female,Amychester,2024-02-02,2025-02-01,Monthly,0,0.5984683260443174,59.85,59.85,Medium,About to Leave,0.6992,0.08342857142857144,1,0,1,0,-73,4.6,1,0,Send renewal reminder | Offer Annual Plan discount | Assign priority support | Recommend personalized content,
1349,1350,Jason Lynn,hannahnewman@example.org,hannahnewman,1950-02-23,Male,East Robertside,2024-02-26,2025-02-25,Monthly,0,0.42137785743186745,42.14,42.14,Medium,About to Leave,0.7624000000000001,0.2036666666666667,1,0,0,0,-49,3.7,0,0,Send renewal reminder | Offer Annual Plan discount | Recommend personalized content,
1350,1351,Sarah Shields,acrawford@example.com,acrawford,2000-08-20,Male,Bridgesshire,2024-03-03,2025-03-03,Annual,0,0.4288792478408019,42.89,42.89,Medium,About to Leave,0.6768000000000001,0.09561904761904762,0,0,1,0,-43,3.4,0,0,Send renewal reminder | Assign priority support | Collect feedback and offer service recovery | Recommend personalized content,
1351,1352,Mary Thompson,patriciawoods@example.org,patriciawoods,1983-09-26,Male,Castrofort,2024-03-21,2025-03-21,Monthly,0,0.5784417725547498,57.84,57.84,Medium,About to Leave,0.7364,0.116,1,0,1,0,-25,3.2,1,0,Send renewal reminder | Offer Annual Plan discount | Assign priority support | Collect feedback and offer service recovery | Recommend personalized content,
1352,1353,Lauren Hartman,eclark@example.net,eclark,1949-12-13,Male,West Kenneth,2024-03-06,2025-03-06,Annual,0,0.4554759045601032,45.55,45.55,Medium,About to Leave,0.6624000000000001,0.06813333333333334,0,0,1,0,-40,3.7,0,0,Send renewal reminder | Assign priority support | Recommend personalized content,
1353,1354,Stephanie Young DVM,nicholschad@example.net,nicholschad,1992-01-20,Female,South Richardberg,2024-03-22,2025-03-22,Annual,0,0.3313363720116094,33.13,33.13,Low,About to Leave,0.6880000000000001,0.11200000000000002,0,0,0,0,-24,4.0,0,0,Send renewal reminder | Recommend personalized content,
1354,1355,Michele Morris,andreamartin@example.org,andreamartin,1962-12-26,Female,Douglasfort,2024-01-16,2025-01-15,Monthly,0,0.6237895866376457,62.38,62.38,Medium,About to Leave,0.6764000000000001,0.07946666666666667,1,0,1,0,-90,3.2,1,0,Send renewal reminder | Offer Annual Plan discount | Assign priority support | Collect feedback and offer service recovery | Recommend personalized content,
1355,1356,Michael Harrell,thomaswoodward@example.com,thomaswoodward,2004-05-14,Female,Lake Mitchellshire,2024-03-18,2025-03-18,Monthly,0,0.48288297637329003,48.29,48.29,Medium,About to Leave,0.7144,0.09800000000000002,1,0,0,0,-28,4.7,1,0,Send renewal reminder | Offer Annual Plan discount | Recommend personalized content,
1356,1357,Clayton Gordon,wallacemichael@example.net,wallacemichael,1963-01-02,Female,Andersontown,2024-02-24,2025-02-23,Annual,0,0.3050675466355189,30.51,30.51,Low,About to Leave,0.6976,0.18400000000000002,0,0,0,0,-51,3.8,0,0,Send renewal reminder | Recommend personalized content,
1357,1358,Christopher Bishop,lclark@example.org,lclark,1940-01-18,Male,Danielburgh,2024-01-11,2025-01-10,Monthly,0,0.42049047023840114,42.05,42.05,Medium,About to Leave,0.7636000000000001,0.23511111111111113,1,0,0,0,-95,4.3,0,0,Send renewal reminder | Offer Annual Plan discount | Recommend personalized content,
1358,1359,Michael Wood,johnstonseth@example.com,johnstonseth,1979-06-26,Female,East Robert,2024-01-18,2025-01-17,Monthly,0,0.6355675745735166,63.56,63.56,Medium,About to Leave,0.664,0.07444444444444444,1,0,0,1,-88,4.5,1,0,Send renewal reminder | Offer Annual Plan discount | Trigger engagement campaign | Recommend personalized content,
1359,1360,Mikayla Davis,andersonmark@example.com,andersonmark,1944-04-03,Female,Alexashire,2024-02-05,2025-02-04,Annual,0,0.2710170657915351,27.1,27.1,Low,Loyal,0.7392000000000001,0.19466666666666668,0,0,0,0,-70,4.6,0,0,Send renewal reminder | Recommend personalized content,Recommend premium Sci-Fi bundle | Recommend reading/documentary combo | Recommend mobile premium pack
1360,1361,Michael Lara,haileymcguire@example.org,haileymcguire,1937-12-15,Female,New Carlshire,2024-01-16,2025-01-15,Monthly,0,0.6273762993300382,62.74,62.74,Medium,About to Leave,0.6068,0.0536,1,0,1,0,-90,3.4,1,0,Send renewal reminder | Offer Annual Plan discount | Assign priority support | Collect feedback and offer service recovery | Recommend personalized content,
1361,1362,Debra Alexander,owenscameron@example.com,owenscameron,1959-01-18,Male,Lake Vernonmouth,2024-04-06,2025-04-06,Monthly,0,0.6405182405972096,64.05,64.05,Medium,About to Leave,0.622,0.08133333333333333,1,0,0,1,-9,3.5,1,0,Send renewal reminder | Offer Annual Plan discount | Trigger engagement campaign | Recommend personalized content,
1362,1363,Bradley Mendoza,djohnson@example.net,djohnson,1945-05-02,Male,Lake Melissamouth,2024-01-26,2025-01-25,Monthly,0,0.4228406163621394,42.28,42.28,Medium,About to Leave,0.7424000000000001,0.3406666666666667,1,0,0,0,-80,3.7,0,0,Send renewal reminder | Offer Annual Plan discount | Recommend personalized content,
1363,1364,Cheryl Reid,michaelmorgan@example.com,michaelmorgan,1976-07-29,Female,Crystalchester,2024-04-12,2025-04-12,Annual,0,0.660234395621747,66.02,66.02,High,About to Leave,0.5712,0.04883333333333333,0,0,1,1,-3,3.1,1,0,Send renewal reminder | Assign priority support | Trigger engagement campaign | Collect feedback and offer service recovery | Recommend personalized content,
1364,1365,Julia Hernandez,coxderek@example.com,coxderek,1947-05-01,Female,Copelandbury,2024-03-06,2025-03-06,Annual,0,0.2706538925318466,27.07,27.07,Low,Loyal,0.798,0.4133333333333334,0,0,0,0,-40,4.0,0,0,Send renewal reminder | Recommend personalized content,Recommend premium device streaming bundle | Recommend family multi-screen plan | Offer loyalty reward / premium upsell
1365,1366,Jessica Harris,garrett60@example.com,garrett60,1952-12-25,Female,Patrickton,2024-04-06,2025-04-06,Annual,0,0.4083353464019832,40.83,40.83,Medium,About to Leave,0.7324000000000002,0.11638095238095239,0,0,1,0,-9,3.7,0,0,Send renewal reminder | Assign priority support | Recommend personalized content,
1366,1367,Michael Miller,pamaustin@example.com,pamaustin,1980-09-06,Female,South Andrewfurt,2024-02-23,2025-02-22,Monthly,0,0.5494707018772591,54.95,54.95,Medium,About to Leave,0.7412000000000001,0.132,1,0,1,0,-52,3.1,1,0,Send renewal reminder | Offer Annual Plan discount | Assign priority support | Collect feedback and offer service recovery | Recommend personalized content,
1367,1368,Michael Nichols,tom53@example.org,tom53,1964-04-23,Male,Juarezville,2024-02-05,2025-02-04,Annual,0,0.45096715796971343,45.1,45.1,Medium,About to Leave,0.6824000000000001,0.08516666666666667,0,0,1,0,-70,3.7,0,0,Send renewal reminder | Assign priority support | Recommend personalized content,
1368,1369,Emily Thomas,tyronerodriguez@example.org,tyronerodriguez,1936-10-18,Female,Bradleystad,2024-01-04,2025-01-03,Monthly,0,0.5200095487817292,52.0,52.0,Medium,About to Leave,0.8044,0.1097777777777778,1,0,1,0,-102,4.7,1,0,Send renewal reminder | Offer Annual Plan discount | Assign priority support | Recommend personalized content,
1369,1370,Mason Wright,jwilkinson@example.org,jwilkinson,1998-12-12,Female,North Dominique,2024-02-19,2025-02-18,Annual,0,0.2988596439297236,29.89,29.89,Low,Loyal,0.7124,0.548,0,0,0,0,-56,3.7,0,0,Send renewal reminder | Recommend personalized content,Recommend premium Drama bundle | Recommend lifestyle and family content pack | Recommend family multi-screen plan
1370,1371,Cynthia Matthews,owensjames@example.org,owensjames,1965-04-09,Female,Lake Thomas,2024-01-28,2025-01-27,Annual,0,0.39222910962414687,39.22,39.22,Medium,About to Leave,0.7444000000000002,0.10304761904761905,0,0,1,0,-78,4.7,0,0,Send renewal reminder | Assign priority support | Recommend personalized content,
1371,1372,Pamela Peterson,davidaustin@example.net,davidaustin,1995-06-13,Male,West Nataliemouth,2024-02-15,2025-02-14,Annual,0,0.41331864926396705,41.33,41.33,Medium,About to Leave,0.7236000000000001,0.07624242424242425,0,0,1,0,-60,4.3,0,0,Send renewal reminder | Assign priority support | Recommend personalized content,
1372,1373,Patricia Reed,nathan93@example.com,nathan93,1933-06-11,Female,Contrerasbury,2024-02-06,2025-02-05,Annual,0,0.2588087309101411,25.88,25.88,Low,Loyal,0.782,0.8066666666666668,0,0,0,0,-69,3.5,0,0,Send renewal reminder | Recommend personalized content,Recommend premium Action bundle | Recommend lifestyle and family content pack | Recommend mobile premium pack | Offer loyalty reward / premium upsell
1373,1374,Raymond Smith,christineyoung@example.net,christineyoung,1995-12-06,Male,Thomasside,2024-01-06,2025-01-05,Monthly,0,0.5325776523528434,53.26,53.26,Medium,About to Leave,0.7496,0.10361904761904762,1,0,1,0,-100,4.8,1,0,Send renewal reminder | Offer Annual Plan discount | Assign priority support | Recommend personalized content,
1374,1375,Cynthia Dunn,rosspatrick@example.org,rosspatrick,1987-09-23,Female,New Ronaldfurt,2024-02-22,2025-02-21,Annual,0,0.2823828895521841,28.24,28.24,Low,Loyal,0.7772,0.15733333333333335,0,0,0,0,-53,3.6,0,0,Send renewal reminder | Recommend personalized content,Recommend premium Comedy bundle | Recommend reading/documentary combo | Recommend offline mobile viewing pack | Offer loyalty reward / premium upsell
1375,1376,Steven Hull,christine33@example.com,christine33,1944-06-23,Male,Robertsonton,2024-02-06,2025-02-05,Annual,0,0.42313299933472026,42.31,42.31,Medium,About to Leave,0.6788000000000001,0.07200000000000001,0,0,1,0,-69,4.4,0,0,Send renewal reminder | Assign priority support | Recommend personalized content,
1376,1377,Stephanie Anderson,dwilliams@example.net,dwilliams,1992-12-18,Female,East Dennis,2024-04-01,2025-04-01,Monthly,0,0.4684466183824349,46.84,46.84,Medium,About to Leave,0.7092,0.09733333333333334,1,0,0,0,-14,4.6,0,0,Send renewal reminder | Offer Annual Plan discount | Recommend personalized content,
1377,1378,Daniel Fox,fishermary@example.net,fishermary,1983-11-23,Female,South Michaelville,2024-03-30,2025-03-30,Annual,0,0.4670149405266085,46.7,46.7,Medium,About to Leave,0.6900000000000001,0.06000000000000001,0,0,1,0,-16,5.0,0,0,Send renewal reminder | Assign priority support | Recommend personalized content,
1378,1379,Tamara Carson,browntimothy@example.net,browntimothy,1965-04-16,Male,North Leahville,2024-01-05,2025-01-04,Annual,0,0.29349746928316234,29.35,29.35,Low,Loyal,0.7340000000000001,0.19333333333333336,0,0,0,0,-101,4.5,0,0,Send renewal reminder | Recommend personalized content,Recommend premium Sci-Fi bundle | Recommend reading/documentary combo | Recommend family multi-screen plan
1379,1380,Paul Barrera,masonkimberly@example.net,masonkimberly,1933-08-31,Male,Samanthaland,2024-03-21,2025-03-21,Monthly,0,0.6237551968186071,62.38,62.38,Medium,About to Leave,0.6464,0.39466666666666667,1,0,0,1,-25,3.2,1,0,Send renewal reminder | Offer Annual Plan discount | Trigger engagement campaign | Collect feedback and offer service recovery | Recommend personalized content,
1380,1381,Michael Ayala,maxwellkeith@example.com,maxwellkeith,1941-06-14,Male,South Kelsey,2024-04-09,2025-04-09,Annual,0,0.42226505881734056,42.23,42.23,Medium,About to Leave,0.7692,0.10633333333333334,0,0,1,0,-6,4.6,0,0,Send renewal reminder | Assign priority support | Recommend personalized content,
1381,1382,Ryan Rollins,timothy34@example.net,timothy34,1957-09-21,Female,West Luishaven,2024-03-10,2025-03-10,Annual,0,0.29155547601043086,29.16,29.16,Low,Loyal,0.7312,0.19766666666666668,0,0,0,0,-36,3.1,0,0,Send renewal reminder | Collect feedback and offer service recovery | Recommend personalized content,Recommend premium Drama bundle | Recommend lifestyle and family content pack | Recommend mobile premium pack
1382,1383,Jacob Chavez,kendraschwartz@example.org,kendraschwartz,1966-07-20,Female,New Ethanstad,2024-01-05,2025-01-04,Monthly,0,0.5937161095959036,59.37,59.37,Medium,About to Leave,0.646,0.08166666666666667,1,0,1,0,-101,3.0,1,0,Send renewal reminder | Offer Annual Plan discount | Assign priority support | Collect feedback and offer service recovery | Recommend personalized content,
1383,1384,Melissa Smith,aliciaperez@example.org,aliciaperez,1989-11-12,Female,Port Michaelville,2024-04-05,2025-04-05,Annual,0,0.2960301942191833,29.6,29.6,Low,Loyal,0.7791999999999999,0.23911111111111114,0,0,0,0,-10,4.6,0,0,Send renewal reminder | Recommend personalized content,Recommend reading/documentary combo | Recommend family multi-screen plan | Offer loyalty reward / premium upsell
1384,1385,Lisa Wilcox,darleneevans@example.org,darleneevans,1936-07-29,Female,Elliottfort,2024-01-06,2025-01-05,Annual,0,0.3534038995178311,35.34,35.34,Medium,About to Leave,0.6724,0.1096,0,0,0,0,-100,3.7,0,0,Send renewal reminder | Recommend personalized content,
1385,1386,Mark Perez,greid@example.com,greid,2005-01-14,Female,Guzmanville,2024-01-19,2025-01-18,Monthly,0,0.48146568972990333,48.15,48.15,Medium,About to Leave,0.7168,0.22311111111111112,1,0,0,0,-87,3.4,1,0,Send renewal reminder | Offer Annual Plan discount | Collect feedback and offer service recovery | Recommend personalized content,
1386,1387,Brian Norris,kristin34@example.org,kristin34,1972-05-30,Female,Robinsonmouth,2024-02-11,2025-02-10,Annual,0,0.4935691125048391,49.36,49.36,Medium,About to Leave,0.6316,0.06048484848484848,0,0,1,0,-64,3.3,1,0,Send renewal reminder | Assign priority support | Collect feedback and offer service recovery | Recommend personalized content,
1387,1388,Holly Baker,cfernandez@example.net,cfernandez,1991-03-03,Female,Lake Desiree,2024-03-05,2025-03-05,Annual,0,0.43777167004328715,43.78,43.78,Medium,About to Leave,0.6315999999999999,0.076,0,0,1,0,-41,3.3,0,0,Send renewal reminder | Assign priority support | Collect feedback and offer service recovery | Recommend personalized content,
1388,1389,Brian Miller,marcusking@example.com,marcusking,1957-12-10,Female,Johnsonside,2024-03-05,2025-03-05,Monthly,0,0.4449963419232773,44.5,44.5,Medium,About to Leave,0.7524000000000001,0.6813333333333333,1,0,0,0,-41,3.7,0,0,Send renewal reminder | Offer Annual Plan discount | Recommend personalized content,
1389,1390,Joseph King,johnlee@example.com,johnlee,1934-06-17,Female,Isabellaside,2024-01-15,2025-01-14,Monthly,0,0.43372732795749985,43.37,43.37,Medium,About to Leave,0.782,0.8066666666666668,1,0,0,0,-91,3.5,0,0,Send renewal reminder | Offer Annual Plan discount | Recommend personalized content,
1390,1391,John Hardin,emckinney@example.com,emckinney,1941-10-23,Male,Port Steven,2024-02-16,2025-02-15,Annual,0,0.32860004309268653,32.86,32.86,Low,About to Leave,0.6668,0.134,0,0,0,0,-59,3.4,0,0,Send renewal reminder | Collect feedback and offer service recovery | Recommend personalized content,
1391,1392,Jennifer Gordon,sotodavid@example.com,sotodavid,1942-02-28,Male,Manuelmouth,2024-02-23,2025-02-22,Monthly,0,0.6077454942877155,60.77,60.77,Medium,About to Leave,0.6984000000000001,0.07792592592592593,1,0,1,0,-52,4.2,1,0,Send renewal reminder | Offer Annual Plan discount | Assign priority support | Recommend personalized content,
1392,1393,Brandon Henderson,barry62@example.com,barry62,1942-05-14,Male,Lisaburgh,2024-01-03,2025-01-02,Monthly,0,0.6059198976289187,60.59,60.59,Medium,About to Leave,0.6988000000000001,0.07093333333333333,1,0,1,0,-103,4.4,1,0,Send renewal reminder | Offer Annual Plan discount | Assign priority support | Recommend personalized content,
1393,1394,Robert Knight,melissasimpson@example.net,melissasimpson,1934-10-16,Male,Chadberg,2024-03-08,2025-03-08,Monthly,0,0.4940104143643065,49.4,49.4,Medium,About to Leave,0.6716,0.17733333333333334,1,0,0,0,-38,3.3,1,0,Send renewal reminder | Offer Annual Plan discount | Collect feedback and offer service recovery | Recommend personalized content,
1394,1395,Crystal Brooks,ryanrichard@example.net,ryanrichard,1994-02-07,Female,Kathleenland,2024-01-20,2025-01-19,Monthly,0,0.43184143162046795,43.18,43.18,Medium,About to Leave,0.808,0.8266666666666668,1,0,0,0,-86,4.0,0,0,Send renewal reminder | Offer Annual Plan discount | Recommend personalized content,
1395,1396,Jessica Hopkins,yatestracey@example.net,yatestracey,1987-11-29,Female,Port Shawnshire,2024-02-14,2025-02-13,Monthly,0,0.521454444759588,52.15,52.15,Medium,About to Leave,0.7791999999999999,0.12152380952380952,1,0,1,0,-61,4.6,1,0,Send renewal reminder | Offer Annual Plan discount | Assign priority support | Recommend personalized content,
1396,1397,Jennifer Price,georgelane@example.net,georgelane,1945-03-02,Female,South Shane,2024-01-10,2025-01-09,Annual,0,0.40146114064731486,40.15,40.15,Medium,About to Leave,0.708,0.09904761904761905,0,0,1,0,-96,4.0,0,0,Send renewal reminder | Assign priority support | Recommend personalized content,
1397,1398,Kelly Harris,josephvaldez@example.net,josephvaldez,2005-11-25,Female,New Austin,2024-03-23,2025-03-23,Annual,0,0.2915550949806875,29.16,29.16,Low,Loyal,0.7072,0.544,0,0,0,0,-23,3.6,0,0,Send renewal reminder | Recommend personalized content,Recommend premium Action bundle | Recommend reading/documentary combo | Recommend family multi-screen plan
1398,1399,Wanda Stevenson,hughesjames@example.net,hughesjames,1993-07-26,Female,Laurenfurt,2024-02-19,2025-02-18,Annual,0,0.29187153789860387,29.19,29.19,Low,Loyal,0.7648,0.29800000000000004,0,0,0,0,-56,4.9,0,0,Send renewal reminder | Recommend personalized content,Recommend premium Comedy bundle | Recommend reading/documentary combo | Recommend family multi-screen plan | Offer loyalty reward / premium upsell
1399,1400,Tiffany Phillips,jasonjohnson@example.com,jasonjohnson,1939-04-10,Female,Lauratown,2024-02-23,2025-02-22,Annual,0,0.30064236676360395,30.06,30.06,Low,About to Leave,0.7716,0.1864,0,0,0,0,-52,3.3,0,0,Send renewal reminder | Collect feedback and offer service recovery | Recommend personalized content,
1400,1401,Claire Herrera,bobbysanchez@example.com,bobbysanchez,1958-09-26,Male,New Jenniferport,2024-04-09,2025-04-09,Annual,0,0.3296228341793689,32.96,32.96,Low,About to Leave,0.7232,0.11622222222222223,0,0,0,0,-6,4.1,0,0,Send renewal reminder | Recommend personalized content,
1401,1402,Thomas Harrison,parrishlisa@example.org,parrishlisa,1980-03-29,Female,Johnsonhaven,2024-03-29,2025-03-29,Annual,0,0.27498727722345206,27.5,27.5,Low,Loyal,0.798,0.16,0,0,0,0,-17,4.0,0,0,Send renewal reminder | Recommend personalized content,Recommend reading/documentary combo | Recommend family multi-screen plan | Offer loyalty reward / premium upsell
1402,1403,Joshua Rivas,thomas49@example.com,thomas49,1979-02-16,Male,New Jeanette,2024-03-06,2025-03-06,Annual,0,0.4536885857370499,45.37,45.37,Medium,About to Leave,0.6576,0.07885714285714286,0,0,1,0,-40,3.8,0,0,Send renewal reminder | Assign priority support | Recommend personalized content,
1403,1404,Christy Smith,gardnerdonna@example.org,gardnerdonna,1995-07-03,Female,Johntown,2024-02-02,2025-02-01,Annual,0,0.44446032556663817,44.45,44.45,Medium,About to Leave,0.7132000000000001,0.07551515151515152,0,0,1,0,-73,4.1,0,0,Send renewal reminder | Assign priority support | Recommend personalized content,
1404,1405,Terry Williams,coxseth@example.org,coxseth,1938-05-17,Male,East Peter,2024-01-19,2025-01-18,Annual,0,0.2898747231887881,28.99,28.99,Low,Loyal,0.7316,0.6653333333333333,0,0,0,0,-87,3.3,0,0,Send renewal reminder | Collect feedback and offer service recovery | Recommend personalized content,Recommend premium Comedy bundle | Recommend lifestyle and family content pack | Recommend mobile premium pack
1405,1406,Christopher Santos,erin14@example.org,erin14,1977-07-29,Female,East Christy,2024-02-20,2025-02-19,Monthly,0,0.6534026892535645,65.34,65.34,High,About to Leave,0.6020000000000001,0.049090909090909095,1,0,1,0,-55,3.5,1,0,Send renewal reminder | Offer Annual Plan discount | Assign priority support | Recommend personalized content,
1406,1407,Kayla Dawson,stephenduke@example.com,stephenduke,1942-05-02,Female,Jaredport,2024-01-20,2025-01-19,Monthly,0,0.5728096092324677,57.28,57.28,Medium,About to Leave,0.6928000000000001,0.08616666666666667,1,0,1,0,-86,3.9,1,0,Send renewal reminder | Offer Annual Plan discount | Assign priority support | Recommend personalized content,
1407,1408,Lisa Flores,parkerjoshua@example.org,parkerjoshua,1972-03-03,Female,Lyonsview,2024-01-28,2025-01-27,Monthly,0,0.41668829409827157,41.67,41.67,Medium,About to Leave,0.7891999999999999,0.14177777777777778,1,0,0,0,-78,4.6,0,0,Send renewal reminder | Offer Annual Plan discount | Recommend personalized content,
1408,1409,Jamie Watts,john24@example.com,john24,1941-12-26,Male,Kellyberg,2024-01-31,2025-01-30,Annual,0,0.47428677622505766,47.43,47.43,Medium,About to Leave,0.6384000000000001,0.05163636363636364,0,0,1,0,-75,4.2,1,0,Send renewal reminder | Assign priority support | Recommend personalized content,
1409,1410,Justin Chapman,melissa94@example.org,melissa94,1989-05-04,Female,South Dennisberg,2024-02-21,2025-02-20,Monthly,0,0.42629022588289534,42.63,42.63,Medium,About to Leave,0.7524000000000001,0.6813333333333333,1,0,0,0,-54,3.7,0,0,Send renewal reminder | Offer Annual Plan discount | Recommend personalized content,
1410,1411,Ashley Graham,alicia26@example.org,alicia26,1964-05-18,Male,West Sylviahaven,2024-01-20,2025-01-19,Annual,0,0.2572587514630599,25.73,25.73,Low,Loyal,0.7995999999999999,0.1431111111111111,0,0,0,0,-86,4.8,0,0,Send renewal reminder | Recommend personalized content,Recommend premium Sci-Fi bundle | Recommend premium device streaming bundle | Recommend offline mobile viewing pack | Offer loyalty reward / premium upsell
1411,1412,Allison Bates,paul30@example.org,paul30,1987-11-30,Female,South Brandonton,2024-02-12,2025-02-11,Monthly,0,0.5174126887108408,51.74,51.74,Medium,About to Leave,0.6412,0.1048,1,0,0,0,-63,3.1,1,0,Send renewal reminder | Offer Annual Plan discount | Collect feedback and offer service recovery | Recommend personalized content,
1412,1413,Stephen Johnson,brian37@example.net,brian37,2002-08-16,Male,Cowanmouth,2024-04-12,2025-04-12,Annual,0,0.26889419260094294,26.89,26.89,Low,Loyal,0.758,0.3466666666666667,0,0,0,0,-3,4.0,0,0,Send renewal reminder | Recommend personalized content,Recommend premium Drama bundle | Recommend premium device streaming bundle | Recommend offline mobile viewing pack
1413,1414,Beth Gordon,brownbrian@example.org,brownbrian,1946-01-02,Female,Port Anthony,2024-02-28,2025-02-27,Monthly,0,0.44833204761436046,44.83,44.83,Medium,About to Leave,0.7732,0.16613333333333336,1,0,0,0,-47,4.1,0,0,Send renewal reminder | Offer Annual Plan discount | Recommend personalized content,
1414,1415,Gregory Martinez,walkeranne@example.com,walkeranne,1983-12-12,Female,East Joseph,2024-04-11,2025-04-11,Annual,0,0.4667243988980379,46.67,46.67,Medium,About to Leave,0.6464,0.39466666666666667,0,0,0,1,-4,3.2,0,0,Send renewal reminder | Trigger engagement campaign | Collect feedback and offer service recovery | Recommend personalized content,
1415,1416,Kaylee Patton,hansoncourtney@example.org,hansoncourtney,1965-02-22,Female,North Michelle,2024-04-07,2025-04-07,Monthly,0,0.4336380337764646,43.36,43.36,Medium,About to Leave,0.7888000000000001,0.16853333333333337,1,0,0,0,-8,4.4,0,0,Send renewal reminder | Offer Annual Plan discount | Recommend personalized content,
1416,1417,Elizabeth Carey,ryanmyers@example.com,ryanmyers,1940-03-29,Female,Manuelport,2024-03-24,2025-03-24,Annual,0,0.41762106118058195,41.76,41.76,Medium,About to Leave,0.7120000000000001,0.10083333333333334,0,0,1,0,-22,3.5,0,0,Send renewal reminder | Assign priority support | Recommend personalized content,
1417,1418,Maria Flores,phamrachel@example.com,phamrachel,1952-12-17,Male,Maynardside,2024-02-07,2025-02-06,Annual,0,0.3357786286408768,33.58,33.58,Low,About to Leave,0.6868,0.268,0,0,0,0,-68,3.4,0,0,Send renewal reminder | Collect feedback and offer service recovery | Recommend personalized content,
1418,1419,Jane Whitehead,michelle35@example.com,michelle35,1943-05-30,Male,Smithstad,2024-01-17,2025-01-16,Monthly,0,0.44800362714845354,44.8,44.8,Medium,About to Leave,0.7664000000000001,0.7946666666666667,1,0,0,0,-89,3.2,0,0,Send renewal reminder | Offer Annual Plan discount | Collect feedback and offer service recovery | Recommend personalized content,
1419,1420,Brian Lam,djohnson@example.org,djohnson,1992-06-03,Male,Rhodesborough,2024-01-31,2025-01-30,Monthly,0,0.614181644765352,61.42,61.42,Medium,About to Leave,0.6888000000000001,0.14755555555555558,1,0,0,1,-75,4.4,1,0,Send renewal reminder | Offer Annual Plan discount | Trigger engagement campaign | Recommend personalized content,
1420,1421,Douglas Sullivan PhD,sanchezalexis@example.com,sanchezalexis,1987-02-22,Male,West Christopherburgh,2024-01-29,2025-01-28,Annual,0,0.3493484187119797,34.93,34.93,Low,About to Leave,0.6828,0.11120000000000001,0,0,0,0,-77,3.9,0,0,Send renewal reminder | Recommend personalized content,
1421,1422,David Perez,brandynichols@example.net,brandynichols,1938-11-22,Female,Meltonburgh,2024-02-08,2025-02-07,Monthly,0,0.44864651338389566,44.86,44.86,Medium,About to Leave,0.7884000000000001,0.2086666666666667,1,0,0,0,-67,4.2,0,0,Send renewal reminder | Offer Annual Plan discount | Recommend personalized content,
1422,1423,Christina Randolph,bernardwilliam@example.org,bernardwilliam,1942-10-16,Female,Tylerberg,2024-02-11,2025-02-10,Annual,0,0.27407926853912234,27.41,27.41,Low,Loyal,0.8340000000000001,0.196,0,0,0,0,-64,4.5,0,0,Send renewal reminder | Recommend personalized content,Recommend premium Action bundle | Recommend premium device streaming bundle | Recommend family multi-screen plan | Offer loyalty reward / premium upsell
1423,1424,Julie Jackson,williamtaylor@example.net,williamtaylor,1940-06-11,Male,Jacquelinemouth,2024-04-03,2025-04-03,Annual,0,0.3207695706952448,32.08,32.08,Low,About to Leave,0.7124,0.13626666666666667,0,0,0,0,-12,3.7,0,0,Send renewal reminder | Recommend personalized content,
1424,1425,Logan Alvarez,manuellawson@example.net,manuellawson,1973-02-06,Female,Blakebury,2024-03-28,2025-03-28,Monthly,0,0.44666629976557565,44.67,44.67,Medium,About to Leave,0.7532,0.23244444444444445,1,0,0,0,-18,4.1,0,0,Send renewal reminder | Offer Annual Plan discount | Recommend personalized content,
1425,1426,Katrina Rivera,jacksonharry@example.com,jacksonharry,1954-11-10,Female,Bairdhaven,2024-01-31,2025-01-30,Annual,0,0.3117073567226783,31.17,31.17,Low,About to Leave,0.7648,0.12155555555555557,0,0,0,0,-75,4.9,0,0,Send renewal reminder | Recommend personalized content,
1426,1427,Christine Christian,edward67@example.net,edward67,1944-09-22,Male,Ayersview,2024-01-10,2025-01-09,Annual,0,0.25942488168902295,25.94,25.94,Low,Loyal,0.802,0.31333333333333335,0,0,0,0,-96,3.5,0,0,Send renewal reminder | Recommend personalized content,Recommend premium Sci-Fi bundle | Recommend premium device streaming bundle | Recommend offline mobile viewing pack | Offer loyalty reward / premium upsell
1427,1428,Jessica Kim,nlevy@example.com,nlevy,1989-02-23,Male,Jayside,2024-02-21,2025-02-20,Annual,0,0.4387547083477272,43.88,43.88,Medium,About to Leave,0.7148000000000001,0.06630303030303031,0,0,1,0,-54,4.9,0,0,Send renewal reminder | Assign priority support | Recommend personalized content,
1428,1429,Derek Phelps,portiz@example.com,portiz,1954-12-03,Female,South Juliashire,2024-03-05,2025-03-05,Monthly,0,0.417030549704427,41.7,41.7,Medium,About to Leave,0.7836000000000001,0.7053333333333334,1,0,0,0,-41,4.3,0,0,Send renewal reminder | Offer Annual Plan discount | Recommend personalized content,
1429,1430,James Doyle,shannon58@example.org,shannon58,1988-05-16,Male,Aprilfort,2024-01-18,2025-01-17,Annual,0,0.45055057321402386,45.06,45.06,Medium,About to Leave,0.6940000000000002,0.08285714285714287,0,0,1,0,-88,4.5,0,0,Send renewal reminder | Assign priority support | Recommend personalized content,
1430,1431,Ashley Thompson,ryanvictoria@example.net,ryanvictoria,1994-11-10,Female,Lake Lisaport,2024-02-23,2025-02-22,Monthly,0,0.5901222922980642,59.01,59.01,Medium,About to Leave,0.7472000000000001,0.10488888888888889,1,0,1,0,-52,3.6,1,0,Send renewal reminder | Offer Annual Plan discount | Assign priority support | Recommend personalized content,
1431,1432,Jessica Gomez,lwebster@example.com,lwebster,1964-10-25,Male,Michelleport,2024-02-23,2025-02-22,Monthly,0,0.5846993860784346,58.47,58.47,Medium,About to Leave,0.7148000000000001,0.15422222222222223,1,0,0,1,-52,4.9,1,0,Send renewal reminder | Offer Annual Plan discount | Trigger engagement campaign | Recommend personalized content,
1432,1433,David Moss,shelby44@example.org,shelby44,1964-05-25,Male,Brianview,2024-03-27,2025-03-27,Annual,0,0.276280987155531,27.63,27.63,Low,Loyal,0.7744000000000001,0.18033333333333335,0,0,0,0,-19,4.7,0,0,Send renewal reminder | Recommend personalized content,Recommend premium Sci-Fi bundle | Recommend lifestyle and family content pack | Recommend offline mobile viewing pack | Offer loyalty reward / premium upsell
1433,1434,Kristen Alvarez,ariel03@example.com,ariel03,1936-10-02,Male,West Robert,2024-01-25,2025-01-24,Monthly,0,0.4129786043364176,41.3,41.3,Medium,About to Leave,0.7884000000000001,0.2086666666666667,1,0,0,0,-81,4.2,0,0,Send renewal reminder | Offer Annual Plan discount | Recommend personalized content,
1434,1435,Mary Espinoza,xbryant@example.org,xbryant,1976-01-01,Male,Powersland,2024-04-09,2025-04-09,Annual,0,0.3078164531733716,30.78,30.78,Low,About to Leave,0.6811999999999999,0.13146666666666668,0,0,0,0,-6,3.1,0,0,Send renewal reminder | Collect feedback and offer service recovery | Recommend personalized content,
1435,1436,Samuel Perez,hking@example.net,hking,1943-01-17,Female,Benjaminbury,2024-03-04,2025-03-04,Annual,0,0.2529830617029387,25.3,25.3,Low,Loyal,0.8392,0.8506666666666667,0,0,0,0,-42,4.6,0,0,Send renewal reminder | Recommend personalized content,Recommend reading/documentary combo | Recommend mobile premium pack | Offer loyalty reward / premium upsell
1436,1437,Jennifer James,stephaniepadilla@example.net,stephaniepadilla,1955-08-28,Male,Wongview,2024-03-29,2025-03-29,Annual,0,0.31112406156518463,31.11,31.11,Low,About to Leave,0.6916,0.532,0,0,0,0,-17,3.3,0,0,Send renewal reminder | Collect feedback and offer service recovery | Recommend personalized content,
1437,1438,Crystal Robinson,barbara88@example.net,barbara88,1974-04-07,Male,Moorebury,2024-02-28,2025-02-27,Annual,0,0.45694260290838196,45.69,45.69,Medium,About to Leave,0.6576000000000001,0.062303030303030305,0,0,1,0,-47,3.8,0,0,Send renewal reminder | Assign priority support | Recommend personalized content,
1438,1439,Michael Brown,nataliebryant@example.com,nataliebryant,1969-12-07,Female,Patelview,2024-02-06,2025-02-05,Annual,0,0.4914979012139757,49.15,49.15,Medium,About to Leave,0.6428,0.08453333333333334,0,0,0,1,-69,3.9,1,0,Send renewal reminder | Trigger engagement campaign | Recommend personalized content,
1439,1440,Andrea Lewis,schaeferroberto@example.com,schaeferroberto,1959-08-10,Female,Westton,2024-03-30,2025-03-30,Monthly,0,0.6036102823362218,60.36,60.36,Medium,About to Leave,0.6864000000000001,0.0882962962962963,1,0,1,0,-16,3.2,1,0,Send renewal reminder | Offer Annual Plan discount | Assign priority support | Collect feedback and offer service recovery | Recommend personalized content,
1440,1441,Carl Mendoza,arnoldlisa@example.net,arnoldlisa,2005-07-01,Female,East Manuelland,2024-03-21,2025-03-21,Annual,0,0.4737397899228236,47.37,47.37,Medium,About to Leave,0.6836000000000001,0.06412121212121212,0,0,1,0,-25,4.3,0,0,Send renewal reminder | Assign priority support | Recommend personalized content,
1441,1442,Lisa Mack,aaron29@example.net,aaron29,1953-03-17,Male,Christophertown,2024-03-05,2025-03-05,Monthly,0,0.61285557502632,61.29,61.29,Medium,About to Leave,0.6812,0.08785185185185186,1,0,1,0,-41,3.1,1,0,Send renewal reminder | Offer Annual Plan discount | Assign priority support | Collect feedback and offer service recovery | Recommend personalized content,
1442,1443,Matthew Boone,brittany34@example.org,brittany34,2005-12-17,Female,Henrytown,2024-03-23,2025-03-23,Annual,0,0.2847059232293514,28.47,28.47,Low,Loyal,0.7176,0.552,0,0,0,0,-23,3.8,0,0,Send renewal reminder | Recommend personalized content,Recommend premium Drama bundle | Recommend lifestyle and family content pack | Recommend offline mobile viewing pack
1443,1444,Kimberly Hughes,patelshaun@example.net,patelshaun,1996-05-18,Male,Port Nancymouth,2024-03-20,2025-03-20,Monthly,0,0.6196803893273785,61.97,61.97,Medium,About to Leave,0.6672,0.07525925925925926,1,0,1,0,-26,3.6,1,0,Send renewal reminder | Offer Annual Plan discount | Assign priority support | Recommend personalized content,
1444,1445,Curtis Williamson,april25@example.org,april25,1937-03-16,Female,Sawyerchester,2024-02-22,2025-02-21,Monthly,0,0.46517159570994515,46.52,46.52,Medium,About to Leave,0.712,0.16833333333333333,1,0,0,0,-53,3.5,0,0,Send renewal reminder | Offer Annual Plan discount | Recommend personalized content,
1445,1446,Dana Martin,laura88@example.net,laura88,1953-12-18,Male,Toddburgh,2024-04-04,2025-04-04,Annual,0,0.45981541769820294,45.98,45.98,Medium,About to Leave,0.6480000000000001,0.06222222222222223,0,0,1,0,-11,4.0,0,0,Send renewal reminder | Assign priority support | Recommend personalized content,
1446,1447,Tony Rodriguez,vickieschneider@example.net,vickieschneider,1988-03-19,Male,Hortonville,2024-01-01,2024-12-31,Monthly,0,0.4617578828156853,46.18,46.18,Medium,About to Leave,0.6616,0.133,1,0,0,0,-105,3.3,0,0,Send renewal reminder | Offer Annual Plan discount | Collect feedback and offer service recovery | Recommend personalized content,
1447,1448,Danielle Warren,esimmons@example.org,esimmons,1962-02-05,Female,Port Tina,2024-01-08,2025-01-07,Annual,0,0.4662284461574265,46.62,46.62,Medium,About to Leave,0.6932,0.43066666666666664,0,0,0,1,-98,4.1,0,0,Send renewal reminder | Trigger engagement campaign | Recommend personalized content,
1448,1449,Natalie Walter,brian80@example.com,brian80,1957-03-21,Female,Martinezville,2024-03-13,2025-03-13,Annual,0,0.24422155123706984,24.42,24.42,Low,Loyal,0.7888000000000001,0.7093333333333334,0,0,0,0,-33,4.4,0,0,Send renewal reminder | Recommend personalized content,Recommend premium Action bundle | Recommend lifestyle and family content pack | Recommend mobile premium pack | Offer loyalty reward / premium upsell
1449,1450,Vernon Brown,qjackson@example.net,qjackson,1993-02-14,Female,Aprilland,2024-02-22,2025-02-21,Monthly,0,0.6080990418766319,60.81,60.81,Medium,About to Leave,0.6364000000000001,0.06613333333333334,1,0,1,0,-53,3.2,1,0,Send renewal reminder | Offer Annual Plan discount | Assign priority support | Collect feedback and offer service recovery | Recommend personalized content,
1450,1451,Gina Harvey,michaelwalker@example.com,michaelwalker,1939-11-07,Female,Jessicaborough,2024-03-14,2025-03-14,Monthly,0,0.48768431564632553,48.77,48.77,Medium,About to Leave,0.718,0.11555555555555556,1,0,0,0,-32,4.0,1,0,Send renewal reminder | Offer Annual Plan discount | Recommend personalized content,
1451,1452,Jill Jones,sharpjessica@example.net,sharpjessica,1935-08-22,Female,Kentburgh,2024-02-28,2025-02-27,Annual,0,0.32633014700285295,32.63,32.63,Low,About to Leave,0.6924,0.18266666666666667,0,0,0,0,-47,3.7,0,0,Send renewal reminder | Recommend personalized content,
1452,1453,Zachary Hernandez,hansenmatthew@example.net,hansenmatthew,1945-08-07,Male,West Meganmouth,2024-03-29,2025-03-29,Annual,0,0.43645735708558964,43.65,43.65,Medium,About to Leave,0.6619999999999999,0.07481481481481482,0,0,1,0,-17,3.5,0,0,Send renewal reminder | Assign priority support | Recommend personalized content,
1453,1454,William Daniels,kathleen78@example.com,kathleen78,1998-08-14,Female,East Nicholasmouth,2024-03-23,2025-03-23,Annual,0,0.2915584489626528,29.16,29.16,Low,Loyal,0.7288,0.19200000000000003,0,0,0,0,-23,4.4,0,0,Send renewal reminder | Recommend personalized content,Recommend premium Drama bundle | Recommend lifestyle and family content pack | Recommend offline mobile viewing pack
1454,1455,Shane Peterson,deborah39@example.org,deborah39,1945-03-15,Male,North Kristen,2024-02-17,2025-02-16,Monthly,0,0.5711303012949986,57.11,57.11,Medium,About to Leave,0.7492,0.08506666666666667,1,0,1,0,-58,4.6,1,0,Send renewal reminder | Offer Annual Plan discount | Assign priority support | Recommend personalized content,
1455,1456,Mr. Nicholas Johnson,timothy23@example.net,timothy23,1979-04-06,Male,Glassview,2024-04-11,2025-04-11,Annual,0,0.4853340713568084,48.53,48.53,Medium,About to Leave,0.6848000000000001,0.07711111111111112,0,0,0,1,-4,4.9,1,0,Send renewal reminder | Trigger engagement campaign | Recommend personalized content,
1456,1457,John Newman,tarariley@example.org,tarariley,1960-10-26,Female,North James,2024-02-01,2025-01-31,Monthly,0,0.4850813991986487,48.51,48.51,Medium,About to Leave,0.7284,0.11688888888888889,1,0,0,0,-74,4.2,1,0,Send renewal reminder | Offer Annual Plan discount | Recommend personalized content,
1457,1458,Samantha Barber,smithmatthew@example.net,smithmatthew,1980-12-01,Male,Riveratown,2024-03-30,2025-03-30,Monthly,0,0.3882173283687969,38.82,38.82,Medium,About to Leave,0.8448000000000001,0.4313333333333334,1,0,0,0,-16,4.9,0,0,Send renewal reminder | Offer Annual Plan discount | Recommend personalized content,
1458,1459,Breanna George,adamsjesse@example.org,adamsjesse,1996-10-26,Male,Longhaven,2024-01-12,2025-01-11,Monthly,0,0.44936255594124813,44.94,44.94,Medium,About to Leave,0.7724000000000001,0.2715555555555556,1,0,0,0,-94,3.7,0,0,Send renewal reminder | Offer Annual Plan discount | Recommend personalized content,
1459,1460,Michael Conway,brendaallen@example.com,brendaallen,1968-06-30,Male,Harrisfort,2024-03-03,2025-03-03,Annual,0,0.5133000022978736,51.33,51.33,Medium,About to Leave,0.6216,0.09966666666666665,0,0,0,1,-43,3.3,1,0,Send renewal reminder | Trigger engagement campaign | Collect feedback and offer service recovery | Recommend personalized content,
1460,1461,Jimmy Yang,james55@example.com,james55,1952-11-04,Male,Williamsview,2024-02-05,2025-02-04,Annual,0,0.2935463152846539,29.35,29.35,Low,Loyal,0.7696000000000001,0.5920000000000001,0,0,0,0,-70,4.8,0,0,Send renewal reminder | Recommend personalized content,Recommend premium Documentary bundle | Recommend premium device streaming bundle | Recommend family multi-screen plan | Offer loyalty reward / premium upsell
1461,1462,Patrick Banks,cookhannah@example.org,cookhannah,1981-08-21,Male,Andersonville,2024-02-16,2025-02-15,Annual,0,0.5007972463000913,50.08,50.08,Medium,About to Leave,0.5864,0.048,0,0,1,0,-59,3.2,1,0,Send renewal reminder | Assign priority support | Collect feedback and offer service recovery | Recommend personalized content,
1462,1463,Jennifer Pratt,qhayes@example.net,qhayes,1945-02-07,Male,West Teresa,2024-03-08,2025-03-08,Annual,0,0.4453997170826286,44.54,44.54,Medium,About to Leave,0.6672,0.07525925925925926,0,0,1,0,-38,3.6,0,0,Send renewal reminder | Assign priority support | Recommend personalized content,
1463,1464,Christopher Campbell,dawn12@example.com,dawn12,1976-10-18,Male,Kellyburgh,2024-03-30,2025-03-30,Annual,0,0.4727325947910956,47.27,47.27,Medium,About to Leave,0.6424000000000001,0.0685,0,0,1,0,-16,3.7,0,0,Send renewal reminder | Assign priority support | Recommend personalized content,
1464,1465,Brandon Huff,myerskatherine@example.net,myerskatherine,1975-12-19,Male,West Jeremy,2024-03-09,2025-03-09,Annual,0,0.43256519114728004,43.26,43.26,Medium,About to Leave,0.6836000000000001,0.06412121212121212,0,0,1,0,-37,4.3,0,0,Send renewal reminder | Assign priority support | Recommend personalized content,
1465,1466,James Johnston,phamevan@example.com,phamevan,1987-06-08,Male,Lake Yvette,2024-03-24,2025-03-24,Monthly,0,0.5881887301848956,58.82,58.82,Medium,About to Leave,0.7244000000000002,0.08014814814814815,1,0,1,0,-22,4.7,1,0,Send renewal reminder | Offer Annual Plan discount | Assign priority support | Recommend personalized content,
1466,1467,Tonya Meyer,garnerjennifer@example.com,garnerjennifer,1945-03-27,Male,East Christopher,2024-02-17,2025-02-16,Monthly,0,0.585611140342427,58.56,58.56,Medium,About to Leave,0.6980000000000001,0.08666666666666667,1,0,1,0,-58,4.0,1,0,Send renewal reminder | Offer Annual Plan discount | Assign priority support | Recommend personalized content,
1467,1468,Jose Cole,yjones@example.com,yjones,1941-06-18,Female,North Darrell,2024-01-23,2025-01-22,Monthly,0,0.45746591275160187,45.75,45.75,Medium,About to Leave,0.6980000000000001,0.14,1,0,0,0,-83,4.0,0,0,Send renewal reminder | Offer Annual Plan discount | Recommend personalized content,
1468,1469,Tommy Myers,cooperlee@example.net,cooperlee,1972-12-28,Male,West Jeffrey,2024-03-05,2025-03-05,Annual,0,0.6265526884465713,62.66,62.66,Medium,About to Leave,0.5824,0.041466666666666666,0,0,1,1,-41,3.7,1,0,Send renewal reminder | Assign priority support | Trigger engagement campaign | Recommend personalized content,
1469,1470,Robert Jennings,juliesmith@example.com,juliesmith,1979-03-10,Male,West Josechester,2024-03-06,2025-03-06,Annual,0,0.4409674854529093,44.1,44.1,Medium,About to Leave,0.7136000000000001,0.08816666666666667,0,0,1,0,-40,4.3,0,0,Send renewal reminder | Assign priority support | Recommend personalized content,
1470,1471,Peter Lopez,murraysarah@example.org,murraysarah,2004-09-11,Male,East Jamesstad,2024-03-21,2025-03-21,Annual,0,0.29317915230102776,29.32,29.32,Low,Loyal,0.7668,0.4013333333333334,0,0,0,0,-25,3.4,0,0,Send renewal reminder | Collect feedback and offer service recovery | Recommend personalized content,Recommend premium Sci-Fi bundle | Recommend lifestyle and family content pack | Recommend mobile premium pack | Offer loyalty reward / premium upsell
1471,1472,Jessica Doyle,cookdaniel@example.org,cookdaniel,1982-08-12,Female,Port Philipchester,2024-02-11,2025-02-10,Annual,0,0.29267197411350687,29.27,29.27,Low,Loyal,0.7636000000000001,0.23511111111111113,0,0,0,0,-64,4.3,0,0,Send renewal reminder | Recommend personalized content,Recommend premium Action bundle | Recommend reading/documentary combo | Recommend mobile premium pack | Offer loyalty reward / premium upsell
1472,1473,Ellen Cox,freemanheather@example.com,freemanheather,1936-01-07,Male,New Jamesberg,2024-04-10,2025-04-10,Annual,0,0.48364600107636785,48.36,48.36,Medium,About to Leave,0.6164,0.09866666666666667,0,0,0,1,-5,3.2,1,0,Send renewal reminder | Trigger engagement campaign | Collect feedback and offer service recovery | Recommend personalized content,
1473,1474,Holly Shaw,llewis@example.org,llewis,1974-06-30,Male,North Alec,2024-02-28,2025-02-27,Annual,0,0.30778535612772595,30.78,30.78,Low,About to Leave,0.7280000000000001,0.56,0,0,0,0,-47,4.0,0,0,Send renewal reminder | Recommend personalized content,
1474,1475,Calvin Stewart,christine46@example.net,christine46,1966-05-02,Female,New John,2024-04-03,2025-04-03,Monthly,0,0.5802473843493343,58.02,58.02,Medium,About to Leave,0.722,0.11523809523809525,1,0,1,0,-12,3.5,1,0,Send renewal reminder | Offer Annual Plan discount | Assign priority support | Recommend personalized content,
1475,1476,Jeremy Martinez,millerangela@example.org,millerangela,1973-02-01,Male,West Stephanieberg,2024-03-29,2025-03-29,Monthly,0,0.6026175435213051,60.26,60.26,Medium,About to Leave,0.7084000000000001,0.08766666666666667,1,0,1,0,-17,4.2,1,0,Send renewal reminder | Offer Annual Plan discount | Assign priority support | Recommend personalized content,
1476,1477,James Mcintosh,mhall@example.net,mhall,1985-10-16,Female,Bethanyshire,2024-01-22,2025-01-21,Monthly,0,0.5770493779016301,57.7,57.7,Medium,About to Leave,0.7524,0.10533333333333333,1,0,1,0,-84,3.7,1,0,Send renewal reminder | Offer Annual Plan discount | Assign priority support | Recommend personalized content,
1477,1478,Paige Tran,princedorothy@example.org,princedorothy,1958-08-21,Male,New Jerry,2024-01-06,2025-01-05,Annual,0,0.2952978125109385,29.53,29.53,Low,Loyal,0.7528,0.3446666666666667,0,0,0,0,-100,3.9,0,0,Send renewal reminder | Recommend personalized content,Recommend premium Comedy bundle | Recommend reading/documentary combo | Recommend offline mobile viewing pack
1478,1479,Eric Huang,miguel07@example.org,miguel07,1959-06-26,Male,Williamsview,2024-02-28,2025-02-27,Annual,0,0.23974019936746566,23.97,23.97,Low,Loyal,0.8999999999999999,1.0,0,0,0,0,-47,5.0,0,0,Send renewal reminder | Recommend personalized content,Recommend premium Sci-Fi bundle | Recommend premium device streaming bundle | Recommend family multi-screen plan | Offer loyalty reward / premium upsell
1479,1480,Michelle Lambert DVM,donaldturner@example.com,donaldturner,1948-07-18,Female,North Sean,2024-03-11,2025-03-11,Annual,0,0.493113474058786,49.31,49.31,Medium,About to Leave,0.6168,0.08053333333333332,0,0,0,1,-35,3.4,1,0,Send renewal reminder | Trigger engagement campaign | Collect feedback and offer service recovery | Recommend personalized content,
1480,1481,Daniel Garcia,tmahoney@example.org,tmahoney,1971-09-03,Female,Elizabethfurt,2024-03-21,2025-03-21,Monthly,0,0.41290216223391646,41.29,41.29,Medium,About to Leave,0.79,0.18333333333333335,1,0,0,0,-25,5.0,0,0,Send renewal reminder | Offer Annual Plan discount | Recommend personalized content,
1481,1482,Christine Porter,spennington@example.org,spennington,2001-01-25,Male,Port Marcus,2024-04-06,2025-04-06,Monthly,0,0.4500359011330808,45.0,45.0,Medium,About to Leave,0.7596,0.12088888888888889,1,0,0,0,-9,4.8,0,0,Send renewal reminder | Offer Annual Plan discount | Recommend personalized content,
1482,1483,Sabrina Williams,njohnson@example.org,njohnson,1977-05-08,Male,East Michelle,2024-04-03,2025-04-03,Annual,0,0.41176424793580657,41.18,41.18,Medium,About to Leave,0.7996,0.0992,0,0,1,0,-12,4.8,0,0,Send renewal reminder | Assign priority support | Recommend personalized content,
1483,1484,Andrew Holmes,carteramy@example.com,carteramy,1983-03-29,Male,Meganland,2024-03-16,2025-03-16,Annual,0,0.2926023521519837,29.26,29.26,Low,Loyal,0.6968,0.536,0,0,0,0,-30,3.4,0,0,Send renewal reminder | Collect feedback and offer service recovery | Recommend personalized content,Recommend premium Documentary bundle | Recommend reading/documentary combo | Recommend family multi-screen plan
1484,1485,David Ferrell,elizabethbowen@example.org,elizabethbowen,1952-11-05,Female,South William,2024-02-13,2025-02-12,Monthly,0,0.44113634312836747,44.11,44.11,Medium,About to Leave,0.8048000000000001,0.1437777777777778,1,0,0,0,-62,4.9,0,0,Send renewal reminder | Offer Annual Plan discount | Recommend personalized content,
1485,1486,Sandra Little,canturichard@example.org,canturichard,2006-01-11,Male,Shawnshire,2024-03-26,2025-03-26,Annual,0,0.40788915393918423,40.79,40.79,Medium,About to Leave,0.7492,0.08506666666666667,0,0,1,0,-20,4.6,0,0,Send renewal reminder | Assign priority support | Recommend personalized content,
1486,1487,Cindy Wilson,susan15@example.org,susan15,1995-04-07,Male,East William,2024-04-01,2025-04-01,Annual,0,0.4254118295022916,42.54,42.54,Medium,About to Leave,0.6924000000000001,0.09733333333333334,0,0,1,0,-14,3.7,0,0,Send renewal reminder | Assign priority support | Recommend personalized content,
1487,1488,Debra Logan,rachaeljones@example.net,rachaeljones,1963-06-04,Male,North Stevenshire,2024-02-02,2025-02-01,Monthly,0,0.5726555425974604,57.27,57.27,Medium,About to Leave,0.7595999999999999,0.08586666666666667,1,0,1,0,-73,4.8,1,0,Send renewal reminder | Offer Annual Plan discount | Assign priority support | Recommend personalized content,
1488,1489,Matthew Gonzales,obennett@example.com,obennett,1991-12-30,Female,Meganfort,2024-01-29,2025-01-28,Monthly,0,0.6107909213394385,61.08,61.08,Medium,About to Leave,0.6716,0.09504761904761905,1,0,1,0,-77,3.3,1,0,Send renewal reminder | Offer Annual Plan discount | Assign priority support | Collect feedback and offer service recovery | Recommend personalized content,
1489,1490,Stephanie Alexander,wmoyer@example.com,wmoyer,1949-02-16,Male,Matthewfort,2024-01-03,2025-01-02,Monthly,0,0.5926280036576147,59.26,59.26,Medium,About to Leave,0.6776,0.07614814814814815,1,0,1,0,-103,3.8,1,0,Send renewal reminder | Offer Annual Plan discount | Assign priority support | Recommend personalized content,
1490,1491,Matthew Wong,ortegagrant@example.org,ortegagrant,1961-10-20,Male,Jessicaburgh,2024-01-07,2025-01-06,Annual,0,0.3032782412865682,30.33,30.33,Low,About to Leave,0.7832,0.2076666666666667,0,0,0,0,-99,4.1,0,0,Send renewal reminder | Recommend personalized content,
1491,1492,Pamela Anthony,dadams@example.org,dadams,1982-12-26,Male,Romeroside,2024-01-16,2025-01-15,Monthly,0,0.45298177980239074,45.3,45.3,Medium,About to Leave,0.6972,0.272,1,0,0,0,-90,3.6,0,0,Send renewal reminder | Offer Annual Plan discount | Recommend personalized content,
1492,1493,Susan Maldonado,hesterperry@example.net,hesterperry,1991-10-09,Female,Lake Angela,2024-03-11,2025-03-11,Annual,0,0.3069041466584902,30.69,30.69,Low,About to Leave,0.7412,0.2635555555555556,0,0,0,0,-35,3.1,0,0,Send renewal reminder | Collect feedback and offer service recovery | Recommend personalized content,
1493,1494,Michelle Allen,ariana79@example.com,ariana79,1991-07-03,Female,New Heather,2024-04-11,2025-04-11,Monthly,0,0.6122377450423185,61.22,61.22,Medium,About to Leave,0.6992,0.15022222222222223,1,0,0,1,-4,4.6,1,0,Send renewal reminder | Offer Annual Plan discount | Trigger engagement campaign | Recommend personalized content,
1494,1495,Kristin Ross,jeanetterichardson@example.com,jeanetterichardson,1967-06-19,Female,Matthewmouth,2024-01-22,2025-01-21,Monthly,0,0.5016407874926669,50.16,50.16,Medium,About to Leave,0.626,0.08666666666666667,1,0,0,0,-84,3.0,1,0,Send renewal reminder | Offer Annual Plan discount | Collect feedback and offer service recovery | Recommend personalized content,
1495,1496,Amber Anderson,sandovaljasmin@example.net,sandovaljasmin,2005-07-12,Female,Olsonburgh,2024-02-20,2025-02-19,Annual,0,0.4816024032601592,48.16,48.16,Medium,About to Leave,0.6788000000000001,0.11066666666666668,0,0,0,1,-55,4.4,1,0,Send renewal reminder | Trigger engagement campaign | Recommend personalized content,
1496,1497,Heather Singh,wilsonjoseph@example.net,wilsonjoseph,1945-11-27,Male,East Scott,2024-03-11,2025-03-11,Monthly,0,0.5727707956210968,57.28,57.28,Medium,About to Leave,0.7124000000000001,0.09051851851851853,1,0,1,0,-35,3.7,1,0,Send renewal reminder | Offer Annual Plan discount | Assign priority support | Recommend personalized content,
1497,1498,Jennifer Morales MD,bbrooks@example.com,bbrooks,1945-03-13,Male,Port Kevinshire,2024-03-21,2025-03-21,Annual,0,0.3044200444492459,30.44,30.44,Low,About to Leave,0.7111999999999999,0.32866666666666666,0,0,0,0,-25,3.1,0,0,Send renewal reminder | Collect feedback and offer service recovery | Recommend personalized content,
1498,1499,Sarah Castro,jeffrey86@example.net,jeffrey86,1936-03-21,Female,East Jacquelinehaven,2024-04-12,2025-04-12,Annual,0,0.2553395146365682,25.53,25.53,Low,Loyal,0.794,0.7133333333333334,0,0,0,0,-3,4.5,0,0,Send renewal reminder | Recommend personalized content,Recommend premium Drama bundle | Recommend lifestyle and family content pack | Recommend family multi-screen plan | Offer loyalty reward / premium upsell
1499,1500,Brandon Strong,kristen50@example.org,kristen50,1993-04-08,Male,Port Debbie,2024-01-06,2025-01-05,Monthly,0,0.4924631650174661,49.25,49.25,Medium,About to Leave,0.6668,0.134,1,0,0,0,-100,3.4,1,0,Send renewal reminder | Offer Annual Plan discount | Collect feedback and offer service recovery | Recommend personalized content,
1500,1501,Julie Houston,juan01@example.com,juan01,2002-04-27,Male,Jeffreyfort,2024-01-24,2025-01-23,Monthly,0,0.5939114385330326,59.39,59.39,Medium,About to Leave,0.7096,0.08457142857142859,1,0,1,0,-82,4.8,1,0,Send renewal reminder | Offer Annual Plan discount | Assign priority support | Recommend personalized content,
1501,1502,Kelly Young,omathews@example.org,omathews,1973-09-28,Male,Lamberttown,2024-03-02,2025-03-02,Annual,0,0.3338845203214574,33.39,33.39,Low,About to Leave,0.7248,0.09933333333333334,0,0,0,0,-44,4.9,0,0,Send renewal reminder | Recommend personalized content,
1502,1503,Janet Bryant,dsmith@example.org,dsmith,1975-05-27,Female,West Margaretfort,2024-02-22,2025-02-21,Monthly,0,0.40848795733902243,40.85,40.85,Medium,About to Leave,0.7944000000000001,0.14244444444444446,1,0,0,0,-53,4.7,0,0,Send renewal reminder | Offer Annual Plan discount | Recommend personalized content,
1503,1504,Jeffrey Reynolds,usmith@example.com,usmith,1940-06-09,Male,Jacksonton,2024-02-27,2025-02-26,Annual,0,0.3010179205529402,30.1,30.1,Low,About to Leave,0.7332,0.13946666666666668,0,0,0,0,-48,4.1,0,0,Send renewal reminder | Recommend personalized content,
1504,1505,Mitchell Johnson,scotthatfield@example.org,scotthatfield,1998-12-22,Female,North Vickiport,2024-04-06,2025-04-06,Monthly,0,0.6146776222543086,61.47,61.47,Medium,About to Leave,0.6932,0.43066666666666664,1,0,0,1,-9,4.1,1,0,Send renewal reminder | Offer Annual Plan discount | Trigger engagement campaign | Recommend personalized content,
1505,1506,Shawn Roberson,kellybrooks@example.org,kellybrooks,1978-06-17,Female,Lefort,2024-02-10,2025-02-09,Annual,0,0.45364998200393997,45.36,45.36,Medium,About to Leave,0.6936000000000001,0.07053333333333334,0,0,1,0,-65,4.3,0,0,Send renewal reminder | Assign priority support | Recommend personalized content,
1506,1507,Kara Wong,tiffany73@example.com,tiffany73,1959-08-20,Female,North Jose,2024-02-19,2025-02-18,Annual,0,0.2882792114476276,28.83,28.83,Low,Loyal,0.7336,0.28600000000000003,0,0,0,0,-56,4.3,0,0,Send renewal reminder | Recommend personalized content,Recommend premium Sci-Fi bundle | Recommend reading/documentary combo | Recommend offline mobile viewing pack
1507,1508,Danielle Hinton,teresahill@example.net,teresahill,1946-04-09,Female,Port Adamburgh,2024-03-27,2025-03-27,Monthly,0,0.5918145188485222,59.18,59.18,Medium,About to Leave,0.6524000000000001,0.07828571428571429,1,0,1,0,-19,3.7,1,0,Send renewal reminder | Offer Annual Plan discount | Assign priority support | Recommend personalized content,
1508,1509,Melissa Cruz,ecunningham@example.org,ecunningham,1935-04-03,Male,Lewisview,2024-01-24,2025-01-23,Monthly,0,0.6051708235809735,60.52,60.52,Medium,About to Leave,0.6619999999999999,0.07481481481481482,1,0,1,0,-82,3.5,1,0,Send renewal reminder | Offer Annual Plan discount | Assign priority support | Recommend personalized content,
1509,1510,Kayla Hernandez,danderson@example.net,danderson,1957-08-11,Female,East Robertshire,2024-02-15,2025-02-14,Annual,0,0.47175479990066127,47.18,47.18,Medium,About to Leave,0.5964,0.0528,0,0,1,0,-60,3.2,0,0,Send renewal reminder | Assign priority support | Collect feedback and offer service recovery | Recommend personalized content,
1510,1511,Elizabeth Johnson,kathymcdonald@example.com,kathymcdonald,1982-09-30,Female,East Shaneburgh,2024-01-15,2025-01-14,Monthly,0,0.6069300329186416,60.69,60.69,Medium,About to Leave,0.7091999999999999,0.07173333333333334,1,0,1,0,-91,4.6,1,0,Send renewal reminder | Offer Annual Plan discount | Assign priority support | Recommend personalized content,
1511,1512,Crystal Smith,christinafarmer@example.net,christinafarmer,1984-01-12,Male,Lake Rachel,2024-01-11,2025-01-10,Monthly,0,0.6133189604921094,61.33,61.33,Medium,About to Leave,0.6568,0.07437037037037036,1,0,1,0,-95,3.4,1,0,Send renewal reminder | Offer Annual Plan discount | Assign priority support | Collect feedback and offer service recovery | Recommend personalized content,
1512,1513,Tiffany Gonzalez,changnicholas@example.org,changnicholas,1940-11-08,Male,Caseymouth,2024-01-11,2025-01-10,Annual,0,0.25036882471154587,25.04,25.04,Low,Loyal,0.8191999999999999,0.28355555555555556,0,0,0,0,-95,4.6,0,0,Send renewal reminder | Recommend personalized content,Recommend premium Comedy bundle | Recommend lifestyle and family content pack | Recommend mobile premium pack | Offer loyalty reward / premium upsell
1513,1514,Tammy Cook,andersonjared@example.org,andersonjared,1941-03-18,Male,West Joy,2024-03-28,2025-03-28,Monthly,0,0.5593717244911397,55.94,55.94,Medium,About to Leave,0.7648000000000001,0.08626666666666669,1,0,1,0,-18,4.9,1,0,Send renewal reminder | Offer Annual Plan discount | Assign priority support | Recommend personalized content,
1514,1515,Jordan Cunningham,qbanks@example.net,qbanks,1956-02-12,Female,New Danielle,2024-01-02,2025-01-01,Monthly,0,0.5993509786680974,59.94,59.94,Medium,About to Leave,0.6315999999999999,0.076,1,0,1,0,-104,3.3,1,0,Send renewal reminder | Offer Annual Plan discount | Assign priority support | Collect feedback and offer service recovery | Recommend personalized content,
1515,1516,Rodney Wright,ryancampos@example.org,ryancampos,1958-08-08,Male,East Robert,2024-01-08,2025-01-07,Monthly,0,0.5564188601116883,55.64,55.64,Medium,About to Leave,0.734,0.10190476190476191,1,0,1,0,-98,4.5,1,0,Send renewal reminder | Offer Annual Plan discount | Assign priority support | Recommend personalized content,
1516,1517,Paul Schmidt,robert54@example.com,robert54,1969-06-24,Female,Rebeccatown,2024-01-05,2025-01-04,Monthly,0,0.5732574895812997,57.33,57.33,Medium,About to Leave,0.6844000000000001,0.06533333333333334,1,0,1,0,-101,4.7,1,0,Send renewal reminder | Offer Annual Plan discount | Assign priority support | Recommend personalized content,
1517,1518,Jonathan Stevens,anthony62@example.net,anthony62,1983-03-29,Male,Murrayland,2024-02-07,2025-02-06,Annual,0,0.47368254103856927,47.37,47.37,Medium,About to Leave,0.678,0.21333333333333335,0,0,0,1,-68,4.0,0,0,Send renewal reminder | Trigger engagement campaign | Recommend personalized content,
1518,1519,Robyn Campbell,jjones@example.net,jjones,1942-09-23,Female,Lewisborough,2024-01-15,2025-01-14,Monthly,0,0.46897520237514345,46.9,46.9,Medium,About to Leave,0.7232,0.11622222222222223,1,0,0,0,-91,4.1,0,0,Send renewal reminder | Offer Annual Plan discount | Recommend personalized content,
1519,1520,Gary Young,warnerkrystal@example.net,warnerkrystal,1962-12-03,Female,Dawnland,2024-03-15,2025-03-15,Annual,0,0.2780828316384215,27.81,27.81,Low,Loyal,0.7884000000000001,0.2086666666666667,0,0,0,0,-31,4.2,0,0,Send renewal reminder | Recommend personalized content,Recommend premium Action bundle | Recommend reading/documentary combo | Recommend mobile premium pack | Offer loyalty reward / premium upsell
1520,1521,Michael Hill,beckerjustin@example.net,beckerjustin,1973-07-27,Male,Carolside,2024-02-09,2025-02-08,Monthly,0,0.5390900477243364,53.91,53.91,Medium,About to Leave,0.7496,0.10361904761904762,1,0,1,0,-66,4.8,1,0,Send renewal reminder | Offer Annual Plan discount | Assign priority support | Recommend personalized content,
1521,1522,David Tucker,zjohnson@example.org,zjohnson,2001-06-26,Female,Turnerview,2024-03-28,2025-03-28,Monthly,0,0.5887594510514601,58.88,58.88,Medium,About to Leave,0.7191999999999998,0.07970370370370371,1,0,1,0,-18,4.6,1,0,Send renewal reminder | Offer Annual Plan discount | Assign priority support | Recommend personalized content,
1522,1523,Julie Banks,brandonmorales@example.com,brandonmorales,1937-05-10,Male,Kennethtown,2024-03-16,2025-03-16,Annual,0,0.43574517030592347,43.57,43.57,Medium,About to Leave,0.6420000000000001,0.07714285714285715,0,0,1,0,-30,3.5,0,0,Send renewal reminder | Assign priority support | Recommend personalized content,
1523,1524,Paul Richardson,judith92@example.net,judith92,1956-08-31,Female,East Maria,2024-03-03,2025-03-03,Annual,0,0.6092991788768359,60.93,60.93,Medium,About to Leave,0.6288,0.04918518518518519,0,0,1,1,-43,4.4,1,0,Send renewal reminder | Assign priority support | Trigger engagement campaign | Recommend personalized content,
1524,1525,Richard Parsons,chadstevens@example.net,chadstevens,1964-05-29,Male,South Samantha,2024-01-04,2025-01-03,Annual,0,0.3324830170173093,33.25,33.25,Low,About to Leave,0.696,0.21777777777777776,0,0,0,0,-102,3.0,0,0,Send renewal reminder | Collect feedback and offer service recovery | Recommend personalized content,
1525,1526,Casey Jones,james75@example.org,james75,1967-07-27,Male,South Tonyland,2024-04-04,2025-04-04,Monthly,0,0.45823057615510077,45.82,45.82,Medium,About to Leave,0.7011999999999999,0.21911111111111112,1,0,0,0,-11,3.1,0,0,Send renewal reminder | Offer Annual Plan discount | Collect feedback and offer service recovery | Recommend personalized content,
1526,1527,Lisa Adams,ghowell@example.net,ghowell,1960-08-03,Male,North Claudia,2024-04-14,2025-04-14,Annual,0,0.31620492571493397,31.62,31.62,Low,About to Leave,0.752,0.2016666666666667,0,0,0,0,-1,3.5,0,0,Send renewal reminder | Recommend personalized content,
1527,1528,Karen Stokes,lmay@example.net,lmay,1992-07-06,Male,Lake Michelle,2024-02-07,2025-02-06,Annual,0,0.6455857077761747,64.56,64.56,Medium,About to Leave,0.5760000000000001,0.05523809523809524,0,0,1,1,-68,3.0,1,0,Send renewal reminder | Assign priority support | Trigger engagement campaign | Collect feedback and offer service recovery | Recommend personalized content,
1528,1529,Melanie Wagner,youngmarissa@example.com,youngmarissa,1941-04-06,Female,Lake Amyberg,2024-03-16,2025-03-16,Monthly,0,0.431423385429955,43.14,43.14,Medium,About to Leave,0.7716000000000001,0.7986666666666667,1,0,0,0,-30,3.3,0,0,Send renewal reminder | Offer Annual Plan discount | Collect feedback and offer service recovery | Recommend personalized content,
1529,1530,Charles Robinson,curtismartin@example.com,curtismartin,1949-08-28,Male,Lake Angelaside,2024-02-23,2025-02-22,Annual,0,0.48209252824587373,48.21,48.21,Medium,About to Leave,0.6328,0.07044444444444445,0,0,0,1,-52,3.9,1,0,Send renewal reminder | Trigger engagement campaign | Recommend personalized content,
1530,1531,Larry Bass,karencardenas@example.net,karencardenas,1979-09-20,Male,Amandaburgh,2024-01-23,2025-01-22,Annual,0,0.4422601683815754,44.23,44.23,Medium,About to Leave,0.6884000000000001,0.07013333333333334,0,0,1,0,-83,4.2,0,0,Send renewal reminder | Assign priority support | Recommend personalized content,
1531,1532,Adam Lopez,stevenallen@example.net,stevenallen,1973-04-14,Male,Ryanfurt,2024-01-14,2025-01-13,Annual,0,0.27777964258374127,27.78,27.78,Low,Loyal,0.782,0.8066666666666668,0,0,0,0,-92,3.5,0,0,Send renewal reminder | Recommend personalized content,Recommend premium Action bundle | Recommend lifestyle and family content pack | Recommend family multi-screen plan | Offer loyalty reward / premium upsell
1532,1533,Eric Gutierrez,julie28@example.com,julie28,1941-10-19,Male,Norrishaven,2024-02-11,2025-02-10,Annual,0,0.2668425733027883,26.68,26.68,Low,Loyal,0.8236000000000001,0.8386666666666668,0,0,0,0,-64,4.3,0,0,Send renewal reminder | Recommend personalized content,Recommend premium Action bundle | Recommend reading/documentary combo | Recommend family multi-screen plan | Offer loyalty reward / premium upsell
1533,1534,Catherine Adams,ryan82@example.org,ryan82,1990-09-08,Female,Lake Miguelburgh,2024-03-28,2025-03-28,Annual,0,0.5970602117919607,59.71,59.71,Medium,About to Leave,0.6748000000000001,0.0660952380952381,0,0,1,1,-18,4.9,1,0,Send renewal reminder | Assign priority support | Trigger engagement campaign | Recommend personalized content,
1534,1535,James Garcia,meghansmith@example.org,meghansmith,1974-11-02,Male,Mckeemouth,2024-03-22,2025-03-22,Monthly,0,0.47109491907766265,47.11,47.11,Medium,About to Leave,0.6711999999999999,0.10955555555555556,1,0,0,0,-24,3.1,0,0,Send renewal reminder | Offer Annual Plan discount | Collect feedback and offer service recovery | Recommend personalized content,
1535,1536,Annette Velez,wallschase@example.net,wallschase,2001-11-28,Female,Pearsonfurt,2024-04-12,2025-04-12,Annual,0,0.5049228653216487,50.49,50.49,Medium,About to Leave,0.6228,0.05054545454545455,0,0,1,0,-3,3.9,1,0,Send renewal reminder | Assign priority support | Recommend personalized content,
1536,1537,Brian Reynolds,bhenderson@example.net,bhenderson,1939-11-28,Male,Danielleland,2024-01-14,2025-01-13,Monthly,0,0.41597553575104973,41.6,41.6,Medium,About to Leave,0.7528,0.3446666666666667,1,0,0,0,-92,3.9,0,0,Send renewal reminder | Offer Annual Plan discount | Recommend personalized content,
1537,1538,Mario Neal,heather02@example.com,heather02,2004-08-20,Female,West Carolyn,2024-01-02,2025-01-01,Annual,0,0.3209436000224337,32.09,32.09,Low,About to Leave,0.7224,0.17033333333333334,0,0,0,0,-104,3.7,0,0,Send renewal reminder | Recommend personalized content,
1538,1539,Rodney Bradley,debra24@example.org,debra24,1986-07-16,Female,Lake Carolineburgh,2024-01-26,2025-01-25,Monthly,0,0.5911685625922257,59.12,59.12,Medium,About to Leave,0.7232000000000001,0.08306666666666668,1,0,1,0,-80,4.1,1,0,Send renewal reminder | Offer Annual Plan discount | Assign priority support | Recommend personalized content,
1539,1540,Luke Raymond,dyertina@example.org,dyertina,1978-06-26,Male,Cynthiafort,2024-02-05,2025-02-04,Annual,0,0.3061223460508492,30.61,30.61,Low,About to Leave,0.722,0.22444444444444445,0,0,0,0,-70,3.5,0,0,Send renewal reminder | Recommend personalized content,
1540,1541,Wendy Davis,calvin90@example.com,calvin90,1971-08-30,Male,Port Jonathan,2024-04-12,2025-04-12,Monthly,0,0.6030957525773314,60.31,60.31,Medium,About to Leave,0.6368,0.060848484848484846,1,0,1,0,-3,3.4,1,0,Send renewal reminder | Offer Annual Plan discount | Assign priority support | Collect feedback and offer service recovery | Recommend personalized content,
1541,1542,Latasha Cochran,waynebrown@example.net,waynebrown,1957-10-15,Male,Angelafurt,2024-01-17,2025-01-16,Monthly,0,0.4592551815809355,45.93,45.93,Medium,About to Leave,0.6811999999999999,0.13146666666666668,1,0,0,0,-89,3.1,0,0,Send renewal reminder | Offer Annual Plan discount | Collect feedback and offer service recovery | Recommend personalized content,
1542,1543,Katherine Perez,mtaylor@example.com,mtaylor,1948-07-16,Female,Amandashire,2024-02-02,2025-02-01,Monthly,0,0.4169709556946876,41.7,41.7,Medium,About to Leave,0.7716000000000001,0.7986666666666667,1,0,0,0,-73,3.3,0,0,Send renewal reminder | Offer Annual Plan discount | Collect feedback and offer service recovery | Recommend personalized content,
1543,1544,Tony Chung,taylormark@example.net,taylormark,2001-08-22,Male,Lake Alicia,2024-01-05,2025-01-04,Annual,0,0.2942614293420923,29.43,29.43,Low,Loyal,0.7176,0.552,0,0,0,0,-101,3.8,0,0,Send renewal reminder | Recommend personalized content,Recommend premium Documentary bundle | Recommend lifestyle and family content pack | Recommend family multi-screen plan
1544,1545,Andrew Norris,angelarobertson@example.org,angelarobertson,1967-03-13,Female,Logantown,2024-04-01,2025-04-01,Annual,0,0.4086994295156985,40.87,40.87,Medium,About to Leave,0.754,0.09407407407407409,0,0,1,0,-14,4.5,0,0,Send renewal reminder | Assign priority support | Recommend personalized content,
1545,1546,Charles Haney,jamescaldwell@example.org,jamescaldwell,1935-02-19,Male,West Johnathanview,2024-01-01,2024-12-31,Annual,0,0.3042094702968122,30.42,30.42,Low,About to Leave,0.7536,0.17633333333333334,0,0,0,0,-105,4.3,0,0,Send renewal reminder | Recommend personalized content,
1546,1547,Eric Miller,shelbylopez@example.com,shelbylopez,1939-10-04,Male,Robertton,2024-03-30,2025-03-30,Monthly,0,0.633607250122362,63.36,63.36,Medium,About to Leave,0.5960000000000001,0.05777777777777778,1,0,1,0,-16,3.0,1,0,Send renewal reminder | Offer Annual Plan discount | Assign priority support | Collect feedback and offer service recovery | Recommend personalized content,
1547,1548,Anthony Carr,thomas61@example.net,thomas61,1988-10-17,Male,Lake Lauraville,2024-02-04,2025-02-03,Annual,0,0.3006229098915351,30.06,30.06,Low,About to Leave,0.6972,0.272,0,0,0,0,-71,3.6,0,0,Send renewal reminder | Recommend personalized content,
1548,1549,Cindy Garrett,erica32@example.net,erica32,1960-06-05,Female,Richardsonville,2024-01-19,2025-01-18,Monthly,0,0.47109377358905236,47.11,47.11,Medium,About to Leave,0.7268,0.1337777777777778,1,0,0,0,-87,3.4,0,0,Send renewal reminder | Offer Annual Plan discount | Collect feedback and offer service recovery | Recommend personalized content,
1549,1550,Brandon Myers,williamsrobert@example.net,williamsrobert,1941-05-15,Female,Briggsfurt,2024-02-20,2025-02-19,Monthly,0,0.585564267105486,58.56,58.56,Medium,About to Leave,0.7180000000000001,0.08266666666666668,1,0,1,0,-55,4.0,1,0,Send renewal reminder | Offer Annual Plan discount | Assign priority support | Recommend personalized content,
1550,1551,Richard Gregory,vjackson@example.org,vjackson,1956-11-24,Male,Veronicamouth,2024-02-18,2025-02-17,Annual,0,0.4387112616937129,43.87,43.87,Medium,About to Leave,0.7440000000000001,0.08466666666666668,0,0,1,0,-57,4.5,0,0,Send renewal reminder | Assign priority support | Recommend personalized content,
1551,1552,Jason Clark MD,tracyshaffer@example.com,tracyshaffer,1970-05-11,Male,Paulbury,2024-02-24,2025-02-23,Monthly,0,0.5994331832127666,59.94,59.94,Medium,About to Leave,0.6512,0.08216666666666667,1,0,1,0,-51,3.1,1,0,Send renewal reminder | Offer Annual Plan discount | Assign priority support | Collect feedback and offer service recovery | Recommend personalized content,
1552,1553,Kimberly Perkins,lawsonjonathan@example.net,lawsonjonathan,1941-04-15,Female,Cruzchester,2024-03-11,2025-03-11,Monthly,0,0.5566763208153073,55.67,55.67,Medium,About to Leave,0.7500000000000001,0.09166666666666667,1,0,1,0,-35,5.0,1,0,Send renewal reminder | Offer Annual Plan discount | Assign priority support | Recommend personalized content,
1553,1554,Jason Shaw,daniel28@example.org,daniel28,1971-09-13,Male,Johnsonmouth,2024-02-12,2025-02-11,Monthly,0,0.4836318437286381,48.36,48.36,Medium,About to Leave,0.7172,0.16933333333333334,1,0,0,0,-63,3.6,1,0,Send renewal reminder | Offer Annual Plan discount | Recommend personalized content,
1554,1555,James Dixon,robertvasquez@example.net,robertvasquez,1974-03-21,Male,New Wendyside,2024-01-31,2025-01-30,Monthly,0,0.41934071013863583,41.93,41.93,Medium,About to Leave,0.8240000000000001,0.4233333333333334,1,0,0,0,-75,4.5,0,0,Send renewal reminder | Offer Annual Plan discount | Recommend personalized content,
1555,1556,Lisa Griffin,jonesallison@example.net,jonesallison,2000-05-25,Female,Moranview,2024-02-17,2025-02-16,Annual,0,0.47083923320812826,47.08,47.08,Medium,About to Leave,0.6988000000000001,0.22133333333333335,0,0,0,1,-58,4.4,0,0,Send renewal reminder | Trigger engagement campaign | Recommend personalized content,
1556,1557,Adriana Ray,wendy28@example.com,wendy28,2002-08-14,Female,Jacobstad,2024-03-18,2025-03-18,Annual,0,0.2590291212607789,25.9,25.9,Low,Loyal,0.7924000000000001,0.8146666666666668,0,0,0,0,-28,3.7,0,0,Send renewal reminder | Recommend personalized content,Recommend premium Comedy bundle | Recommend reading/documentary combo | Recommend family multi-screen plan | Offer loyalty reward / premium upsell
1557,1558,Robert Guerrero,marcnguyen@example.org,marcnguyen,1964-12-27,Female,Port Angela,2024-03-16,2025-03-16,Monthly,0,0.5361946113947053,53.62,53.62,Medium,About to Leave,0.7676000000000001,0.11900000000000001,1,0,1,0,-30,3.8,1,0,Send renewal reminder | Offer Annual Plan discount | Assign priority support | Recommend personalized content,
1558,1559,Julie Pierce,burtoncynthia@example.com,burtoncynthia,1933-11-30,Male,West Rachel,2024-02-25,2025-02-24,Monthly,0,0.43399676662717324,43.4,43.4,Medium,About to Leave,0.7284,0.28400000000000003,1,0,0,0,-50,4.2,0,0,Send renewal reminder | Offer Annual Plan discount | Recommend personalized content,
1559,1560,Kevin Arnold,robertsamanda@example.net,robertsamanda,1966-08-04,Female,Seantown,2024-02-02,2025-02-01,Monthly,0,0.6222409768266183,62.22,62.22,Medium,About to Leave,0.668,0.06303030303030303,1,0,1,0,-73,4.0,1,0,Send renewal reminder | Offer Annual Plan discount | Assign priority support | Recommend personalized content,
1560,1561,Cynthia Carrillo,vgarcia@example.com,vgarcia,1960-02-19,Female,Laurieshire,2024-02-06,2025-02-05,Annual,0,0.30579215592306763,30.58,30.58,Low,About to Leave,0.712,0.16833333333333333,0,0,0,0,-69,3.5,0,0,Send renewal reminder | Recommend personalized content,
1561,1562,Karen Ruiz,joshuabutler@example.net,joshuabutler,1963-02-01,Male,Lake Anna,2024-02-01,2025-01-31,Monthly,0,0.4295026972629209,42.95,42.95,Medium,About to Leave,0.7736000000000001,0.3526666666666667,1,0,0,0,-74,4.3,0,0,Send renewal reminder | Offer Annual Plan discount | Recommend personalized content,
1562,1563,Bradley Conner,felliott@example.org,felliott,1948-12-14,Male,South Jennifermouth,2024-02-15,2025-02-14,Monthly,0,0.4152200511817568,41.52,41.52,Medium,About to Leave,0.7924000000000001,0.8146666666666668,1,0,0,0,-60,3.7,0,0,Send renewal reminder | Offer Annual Plan discount | Recommend personalized content,
1563,1564,Allison Williams,browncarlos@example.com,browncarlos,1973-01-14,Female,Michaelborough,2024-04-10,2025-04-10,Annual,0,0.2667363160720407,26.67,26.67,Low,Loyal,0.7472,0.6773333333333333,0,0,0,0,-5,3.6,0,0,Send renewal reminder | Recommend personalized content,Recommend premium Action bundle | Recommend reading/documentary combo | Recommend family multi-screen plan
1564,1565,Wanda Nguyen,kingkatelyn@example.com,kingkatelyn,1991-07-18,Male,Robertfurt,2024-01-28,2025-01-27,Annual,0,0.30970409518469455,30.97,30.97,Low,About to Leave,0.7124,0.13626666666666667,0,0,0,0,-78,3.7,0,0,Send renewal reminder | Recommend personalized content,
1565,1566,Melissa Gardner,stephanie39@example.com,stephanie39,1953-01-04,Female,Robertberg,2024-01-11,2025-01-10,Annual,0,0.32768764241940296,32.77,32.77,Low,About to Leave,0.7076,0.11422222222222222,0,0,0,0,-95,3.8,0,0,Send renewal reminder | Recommend personalized content,
1566,1567,Christina Hayes,fieldsjerry@example.net,fieldsjerry,1987-06-13,Male,West Lisa,2024-04-13,2025-04-13,Annual,0,0.30174212461582267,30.17,30.17,Low,About to Leave,0.7128,0.11488888888888889,0,0,0,0,-2,3.9,0,0,Send renewal reminder | Recommend personalized content,
1567,1568,Emily Smith,cruzbrandon@example.net,cruzbrandon,1939-11-13,Male,Owensberg,2024-03-09,2025-03-09,Monthly,0,0.582018795634536,58.2,58.2,Medium,About to Leave,0.6840000000000002,0.07250000000000001,1,0,1,0,-37,4.5,1,0,Send renewal reminder | Offer Annual Plan discount | Assign priority support | Recommend personalized content,
1568,1569,Darren Long,tdickerson@example.org,tdickerson,1937-11-03,Male,Lake Roymouth,2024-01-12,2025-01-11,Monthly,0,0.6131088891098445,61.31,61.31,Medium,About to Leave,0.6832,0.06973333333333334,1,0,1,0,-94,4.1,1,0,Send renewal reminder | Offer Annual Plan discount | Assign priority support | Recommend personalized content,
1569,1570,Jordan Lee,dwaynesmith@example.net,dwaynesmith,1969-10-13,Female,New Rodneymouth,2024-01-16,2025-01-15,Monthly,0,0.43564820914030145,43.56,43.56,Medium,About to Leave,0.7748,0.14586666666666667,1,0,0,0,-90,4.9,0,0,Send renewal reminder | Offer Annual Plan discount | Recommend personalized content,
1570,1571,Wendy Krause,jramos@example.com,jramos,1997-05-11,Male,Zacharyview,2024-03-25,2025-03-25,Annual,0,0.4144355432189472,41.44,41.44,Medium,About to Leave,0.6819999999999999,0.09619047619047619,0,0,1,0,-21,3.5,0,0,Send renewal reminder | Assign priority support | Recommend personalized content,
1571,1572,Justin Luna,brownelizabeth@example.com,brownelizabeth,1939-03-27,Male,Mckayfurt,2024-02-19,2025-02-18,Annual,0,0.6665270974257035,66.65,66.65,High,About to Leave,0.5512,0.039066666666666666,0,0,1,1,-56,3.1,1,0,Send renewal reminder | Assign priority support | Trigger engagement campaign | Collect feedback and offer service recovery | Recommend personalized content,
1572,1573,Mark Jones,hensonjustin@example.org,hensonjustin,1947-05-28,Female,Lake Lisa,2024-01-24,2025-01-23,Monthly,0,0.6553248847227198,65.53,65.53,High,About to Leave,0.5864,0.048,1,0,1,0,-82,3.2,1,0,Send renewal reminder | Offer Annual Plan discount | Assign priority support | Collect feedback and offer service recovery | Recommend personalized content,
1573,1574,Jacqueline Ferguson,psullivan@example.net,psullivan,1952-06-11,Female,Morrisonmouth,2024-03-23,2025-03-23,Monthly,0,0.593712340935681,59.37,59.37,Medium,About to Leave,0.6944000000000001,0.07350000000000001,1,0,1,0,-23,4.7,1,0,Send renewal reminder | Offer Annual Plan discount | Assign priority support | Recommend personalized content,
1574,1575,Michael Espinoza,zanderson@example.org,zanderson,1985-04-15,Male,Snyderchester,2024-02-24,2025-02-23,Monthly,0,0.5952417303861391,59.52,59.52,Medium,About to Leave,0.6612,0.07187878787878789,1,0,1,0,-51,3.1,1,0,Send renewal reminder | Offer Annual Plan discount | Assign priority support | Collect feedback and offer service recovery | Recommend personalized content,
1575,1576,Holly Lara,andrea50@example.org,andrea50,1993-03-18,Male,Jayland,2024-03-28,2025-03-28,Annual,0,0.4705662066673056,47.06,47.06,Medium,About to Leave,0.6472,0.07771428571428572,0,0,1,0,-18,3.6,0,0,Send renewal reminder | Assign priority support | Recommend personalized content,
1576,1577,Mark Saunders,leroyhahn@example.com,leroyhahn,1987-10-13,Male,Brittneyfurt,2024-02-20,2025-02-19,Annual,0,0.6135094041731537,61.35,61.35,Medium,About to Leave,0.5920000000000001,0.05083333333333333,0,0,1,1,-55,3.5,1,0,Send renewal reminder | Assign priority support | Trigger engagement campaign | Recommend personalized content,
1577,1578,Kyle Smith,qhall@example.net,qhall,1997-01-13,Male,East Andrew,2024-03-19,2025-03-19,Annual,0,0.26175623444772234,26.18,26.18,Low,Loyal,0.7668,0.4013333333333334,0,0,0,0,-27,3.4,0,0,Send renewal reminder | Collect feedback and offer service recovery | Recommend personalized content,Recommend premium Documentary bundle | Recommend lifestyle and family content pack | Recommend mobile premium pack | Offer loyalty reward / premium upsell
1578,1579,Christine Miller,charlesmacias@example.net,charlesmacias,1961-04-08,Female,East Jamesport,2024-03-28,2025-03-28,Annual,0,0.3013788724658713,30.14,30.14,Low,About to Leave,0.6816,0.266,0,0,0,0,-18,3.3,0,0,Send renewal reminder | Collect feedback and offer service recovery | Recommend personalized content,
1579,1580,Debbie Bryant,blozano@example.org,blozano,1999-09-07,Male,East Melissa,2024-03-12,2025-03-12,Annual,0,0.3022442588065659,30.22,30.22,Low,About to Leave,0.7364,0.19866666666666669,0,0,0,0,-34,3.2,0,0,Send renewal reminder | Collect feedback and offer service recovery | Recommend personalized content,
1580,1581,Jason Armstrong,davidlopez@example.net,davidlopez,1973-09-29,Female,Port Heatherbury,2024-03-16,2025-03-16,Monthly,1,0.7722467495333121,77.22,77.22,High,About to Leave,0.5924,0.04607407407407407,1,0,1,1,-30,3.7,1,1,Send renewal reminder | Offer Annual Plan discount | Assign priority support | Trigger engagement campaign | Recommend personalized content,
1581,1582,David Anderson,ortizamy@example.com,ortizamy,1970-09-25,Male,New Robinview,2024-02-04,2025-02-03,Monthly,0,0.6021022922742876,60.21,60.21,Medium,About to Leave,0.6896,0.09173333333333333,1,0,0,1,-71,4.8,1,0,Send renewal reminder | Offer Annual Plan discount | Trigger engagement campaign | Recommend personalized content,
1582,1583,Rebecca Smith,ericamooney@example.net,ericamooney,1992-08-06,Male,Maryborough,2024-01-18,2025-01-17,Annual,0,0.2956845108629654,29.57,29.57,Low,Loyal,0.7088,0.11520000000000001,0,0,0,0,-88,4.4,0,0,Send renewal reminder | Recommend personalized content,Recommend premium Sci-Fi bundle | Recommend lifestyle and family content pack | Recommend mobile premium pack
1583,1584,Timothy Young,bobbyjones@example.org,bobbyjones,1937-05-21,Female,North Johnfort,2024-04-08,2025-04-08,Monthly,0,0.5943114039160989,59.43,59.43,Medium,About to Leave,0.6428,0.061777777777777786,1,0,1,0,-7,3.9,1,0,Send renewal reminder | Offer Annual Plan discount | Assign priority support | Recommend personalized content,
1584,1585,Juan Parrish,david80@example.com,david80,1964-08-27,Male,Douglasfurt,2024-03-16,2025-03-16,Monthly,0,0.5703428655984166,57.03,57.03,Medium,About to Leave,0.7012,0.084,1,0,1,0,-30,3.1,1,0,Send renewal reminder | Offer Annual Plan discount | Assign priority support | Collect feedback and offer service recovery | Recommend personalized content,
1585,1586,Drew Davis,xavery@example.com,xavery,1958-05-12,Male,Lake Erik,2024-03-03,2025-03-03,Monthly,0,0.5939681843063629,59.4,59.4,Medium,About to Leave,0.6576000000000001,0.062303030303030305,1,0,1,0,-43,3.8,1,0,Send renewal reminder | Offer Annual Plan discount | Assign priority support | Recommend personalized content,
1586,1587,Heidi Hoffman,cynthia60@example.net,cynthia60,1941-03-21,Female,Port Nicholas,2024-02-23,2025-02-22,Monthly,0,0.40035922308047917,40.04,40.04,Medium,About to Leave,0.8200000000000001,0.17333333333333334,1,0,0,0,-52,5.0,0,0,Send renewal reminder | Offer Annual Plan discount | Recommend personalized content,
1587,1588,Amy Sanchez,nlambert@example.org,nlambert,1981-12-01,Female,Joshuaside,2024-02-21,2025-02-20,Annual,0,0.4694266166546359,46.94,46.94,Medium,About to Leave,0.6764000000000001,0.07946666666666667,0,0,1,0,-54,3.2,0,0,Send renewal reminder | Assign priority support | Collect feedback and offer service recovery | Recommend personalized content,
1588,1589,Taylor Young,salazarmisty@example.com,salazarmisty,2004-04-05,Female,Phillipport,2024-03-14,2025-03-14,Annual,0,0.2958003251917672,29.58,29.58,Low,Loyal,0.7324,0.22711111111111112,0,0,0,0,-32,3.7,0,0,Send renewal reminder | Recommend personalized content,Recommend premium Comedy bundle | Recommend premium device streaming bundle | Recommend mobile premium pack
1589,1590,Christopher Gross,glennnavarro@example.com,glennnavarro,1973-10-14,Female,Stoneland,2024-01-15,2025-01-14,Monthly,0,0.627755464878132,62.78,62.78,Medium,About to Leave,0.6536000000000001,0.07311111111111111,1,0,0,1,-91,4.3,1,0,Send renewal reminder | Offer Annual Plan discount | Trigger engagement campaign | Recommend personalized content,
1590,1591,Eric Anderson,bcarson@example.com,bcarson,1982-09-04,Male,Jeffreyfurt,2024-02-16,2025-02-15,Monthly,0,0.5737941139621053,57.38,57.38,Medium,About to Leave,0.7096000000000001,0.06593939393939395,1,0,1,0,-59,4.8,1,0,Send renewal reminder | Offer Annual Plan discount | Assign priority support | Recommend personalized content,
1591,1592,Brandy Hinton,dixonroger@example.com,dixonroger,1945-10-21,Female,Morganstad,2024-01-18,2025-01-17,Monthly,0,0.572398410610866,57.24,57.24,Medium,About to Leave,0.7495999999999999,0.07806060606060607,1,0,1,0,-88,4.8,1,0,Send renewal reminder | Offer Annual Plan discount | Assign priority support | Recommend personalized content,
1592,1593,Derek Cooper,whayes@example.com,whayes,1941-12-23,Female,South Lauraborough,2024-01-01,2024-12-31,Annual,0,0.25836918492937416,25.84,25.84,Low,Loyal,0.8136,0.162,0,0,0,0,-105,4.3,0,0,Send renewal reminder | Recommend personalized content,Recommend premium Comedy bundle | Recommend premium device streaming bundle | Recommend family multi-screen plan | Offer loyalty reward / premium upsell
1593,1594,Alison Kane,laura16@example.org,laura16,1955-02-28,Male,Port John,2024-03-31,2025-03-31,Monthly,0,0.44887668861209645,44.89,44.89,Medium,About to Leave,0.7284,0.28400000000000003,1,0,0,0,-15,4.2,0,0,Send renewal reminder | Offer Annual Plan discount | Recommend personalized content,
1594,1595,Lauren Hernandez,craigsimpson@example.com,craigsimpson,1935-04-22,Female,Turnermouth,2024-02-07,2025-02-06,Annual,0,0.28209646102104013,28.21,28.21,Low,Loyal,0.7716000000000001,0.7986666666666667,0,0,0,0,-68,3.3,0,0,Send renewal reminder | Collect feedback and offer service recovery | Recommend personalized content,Recommend premium device streaming bundle | Recommend offline mobile viewing pack | Offer loyalty reward / premium upsell
1595,1596,Casey Cole,maddoxlaura@example.com,maddoxlaura,1956-10-28,Female,South Loriside,2024-01-25,2025-01-24,Annual,0,0.2785343644949849,27.85,27.85,Low,Loyal,0.8048000000000001,0.3646666666666667,0,0,0,0,-81,4.9,0,0,Send renewal reminder | Recommend personalized content,Recommend premium Comedy bundle | Recommend lifestyle and family content pack | Recommend offline mobile viewing pack | Offer loyalty reward / premium upsell
1596,1597,Heidi Ray,hhunt@example.com,hhunt,1975-06-24,Male,Port Julieburgh,2024-02-25,2025-02-24,Annual,0,0.3006083871994108,30.06,30.06,Low,About to Leave,0.7216,0.13311111111111112,0,0,0,0,-50,3.3,0,0,Send renewal reminder | Collect feedback and offer service recovery | Recommend personalized content,
1597,1598,Christine Ochoa,ipatterson@example.com,ipatterson,1959-02-08,Female,Lake Tammyfort,2024-02-06,2025-02-05,Annual,0,0.4681311651974123,46.81,46.81,Medium,About to Leave,0.6332000000000001,0.051272727272727275,0,0,1,0,-69,4.1,0,0,Send renewal reminder | Assign priority support | Recommend personalized content,
1598,1599,Robyn Frederick,dawnjoseph@example.org,dawnjoseph,2000-11-06,Male,Lake Darrell,2024-01-22,2025-01-21,Monthly,0,0.5458923221384967,54.59,54.59,Medium,About to Leave,0.7632000000000001,0.09640000000000001,1,0,1,0,-84,4.1,1,0,Send renewal reminder | Offer Annual Plan discount | Assign priority support | Recommend personalized content,
1599,1600,Crystal Foster,cherylturner@example.net,cherylturner,1967-11-04,Female,New Jason,2024-02-26,2025-02-25,Monthly,0,0.428297982393938,42.83,42.83,Medium,About to Leave,0.7844000000000001,0.24044444444444446,1,0,0,0,-49,4.7,0,0,Send renewal reminder | Offer Annual Plan discount | Recommend personalized content,
1600,1601,Tina Nelson,morenobethany@example.org,morenobethany,1996-07-23,Female,Mccarthyborough,2024-02-15,2025-02-14,Annual,0,0.30933100536737923,30.93,30.93,Low,About to Leave,0.732,0.33666666666666667,0,0,0,0,-60,3.5,0,0,Send renewal reminder | Recommend personalized content,
1601,1602,Jennifer Hernandez,hannahayers@example.net,hannahayers,1979-09-10,Female,West Julie,2024-01-27,2025-01-26,Monthly,0,0.4437178789016801,44.37,44.37,Medium,About to Leave,0.7140000000000001,0.11600000000000002,1,0,0,0,-79,4.5,0,0,Send renewal reminder | Offer Annual Plan discount | Recommend personalized content,
1602,1603,Karen Graham,thomas33@example.org,thomas33,1998-02-24,Female,West Laura,2024-01-10,2025-01-09,Annual,0,0.4485008231370834,44.85,44.85,Medium,About to Leave,0.6212,0.07485714285714286,0,0,1,0,-96,3.1,0,0,Send renewal reminder | Assign priority support | Collect feedback and offer service recovery | Recommend personalized content,
1603,1604,Jennifer Collins,shannon84@example.com,shannon84,1971-12-31,Female,Port Michael,2024-04-10,2025-04-10,Monthly,0,0.46013922652250855,46.01,46.01,Medium,About to Leave,0.7228,0.556,1,0,0,0,-5,3.9,0,0,Send renewal reminder | Offer Annual Plan discount | Recommend personalized content,
1604,1605,Raven Mills,martinsteven@example.com,martinsteven,1950-03-29,Male,Port Arielview,2024-01-29,2025-01-28,Annual,0,0.24814791308606388,24.81,24.81,Low,Loyal,0.8380000000000001,0.48000000000000004,0,0,0,0,-77,4.0,0,0,Send renewal reminder | Recommend personalized content,Recommend premium device streaming bundle | Recommend mobile premium pack | Offer loyalty reward / premium upsell
1605,1606,Tyler Young,amandayu@example.com,amandayu,1943-02-27,Female,Lorraineberg,2024-03-29,2025-03-29,Monthly,0,0.5806790070907821,58.07,58.07,Medium,About to Leave,0.6420000000000001,0.07714285714285715,1,0,1,0,-17,3.5,1,0,Send renewal reminder | Offer Annual Plan discount | Assign priority support | Recommend personalized content,
1606,1607,Jonathan Bush,jenniferparsons@example.org,jenniferparsons,1972-11-14,Female,Dustinstad,2024-03-24,2025-03-24,Annual,0,0.29811589722415693,29.81,29.81,Low,Loyal,0.7876,0.15866666666666668,0,0,0,0,-22,3.8,0,0,Send renewal reminder | Recommend personalized content,Recommend premium Drama bundle | Recommend lifestyle and family content pack | Recommend mobile premium pack | Offer loyalty reward / premium upsell
1607,1608,Jacqueline Bush,michaeljefferson@example.com,michaeljefferson,1976-12-17,Male,North Jennifer,2024-04-08,2025-04-08,Annual,0,0.3356271920985725,33.56,33.56,Low,About to Leave,0.6932,0.11280000000000001,0,0,0,0,-7,4.1,0,0,Send renewal reminder | Recommend personalized content,
1608,1609,Brian Weaver,lisariley@example.com,lisariley,1967-12-15,Male,New Stacyton,2024-01-08,2025-01-07,Monthly,1,0.7598256909768855,75.98,75.98,High,About to Leave,0.6648000000000002,0.057833333333333334,1,0,1,1,-98,4.9,1,1,Send renewal reminder | Offer Annual Plan discount | Assign priority support | Trigger engagement campaign | Recommend personalized content,
1609,1610,Sandra Bright,tiffanyfoster@example.net,tiffanyfoster,2003-05-20,Male,North Elaineside,2024-02-14,2025-02-13,Annual,0,0.24598529706858668,24.6,24.6,Low,Loyal,0.8544,0.24700000000000003,0,0,0,0,-61,4.7,0,0,Send renewal reminder | Recommend personalized content,Recommend lifestyle and family content pack | Recommend offline mobile viewing pack | Offer loyalty reward / premium upsell
1610,1611,Heather Gibson,jessica22@example.net,jessica22,1940-10-09,Female,New Michelle,2024-03-17,2025-03-17,Monthly,0,0.6327341245429062,63.27,63.27,Medium,About to Leave,0.6264000000000001,0.07542857142857143,1,0,1,0,-29,3.2,1,0,Send renewal reminder | Offer Annual Plan discount | Assign priority support | Collect feedback and offer service recovery | Recommend personalized content,
1611,1612,Ruth Lewis DDS,alexanderward@example.com,alexanderward,1961-12-29,Female,Port John,2024-03-12,2025-03-12,Annual,0,0.295517886335081,29.55,29.55,Low,Loyal,0.7524000000000001,0.16293333333333335,0,0,0,0,-34,3.7,0,0,Send renewal reminder | Recommend personalized content,Recommend premium Drama bundle | Recommend premium device streaming bundle | Recommend offline mobile viewing pack
1612,1613,Kayla Wallace,qgomez@example.org,qgomez,1951-10-16,Male,Cannonshire,2024-01-10,2025-01-09,Monthly,0,0.4299101717598111,42.99,42.99,Medium,About to Leave,0.7296,0.11840000000000002,1,0,0,0,-96,4.8,0,0,Send renewal reminder | Offer Annual Plan discount | Recommend personalized content,
1613,1614,Brian Mitchell,fharris@example.net,fharris,1937-03-06,Female,Port Joseph,2024-01-18,2025-01-17,Monthly,1,0.7676658103447308,76.77,76.77,High,About to Leave,0.6228,0.06038095238095238,1,0,1,1,-88,3.9,1,1,Send renewal reminder | Offer Annual Plan discount | Assign priority support | Trigger engagement campaign | Recommend personalized content,
1614,1615,Lori Brown,pfigueroa@example.com,pfigueroa,1934-03-08,Female,New Anneview,2024-03-16,2025-03-16,Monthly,0,0.46317298273094354,46.32,46.32,Medium,About to Leave,0.7591999999999999,0.1434666666666667,1,0,0,0,-30,4.6,0,0,Send renewal reminder | Offer Annual Plan discount | Recommend personalized content,
1615,1616,Ricky Hicks,dvasquez@example.com,dvasquez,1969-12-25,Male,Abigailton,2024-03-24,2025-03-24,Annual,0,0.25765470829690573,25.77,25.77,Low,Loyal,0.8220000000000001,0.9400000000000001,0,0,0,0,-22,3.5,0,0,Send renewal reminder | Recommend personalized content,Recommend premium Sci-Fi bundle | Recommend premium device streaming bundle | Recommend mobile premium pack | Offer loyalty reward / premium upsell
1616,1617,Dawn King,russellpitts@example.net,russellpitts,1940-07-11,Male,Brianside,2024-03-29,2025-03-29,Monthly,0,0.47595546760027474,47.6,47.6,Medium,About to Leave,0.7384000000000001,0.14026666666666668,1,0,0,0,-17,4.2,1,0,Send renewal reminder | Offer Annual Plan discount | Recommend personalized content,
1617,1618,Jose Lopez,juliabailey@example.net,juliabailey,1960-05-12,Female,Port Rhonda,2024-02-16,2025-02-15,Annual,0,0.2559586541039006,25.6,25.6,Low,Loyal,0.7996000000000001,0.3626666666666667,0,0,0,0,-59,4.8,0,0,Send renewal reminder | Recommend personalized content,Recommend premium Action bundle | Recommend lifestyle and family content pack | Recommend family multi-screen plan | Offer loyalty reward / premium upsell
1618,1619,Carrie Soto MD,lynn22@example.org,lynn22,1994-03-08,Male,West Amy,2024-03-24,2025-03-24,Monthly,0,0.4606636853203719,46.07,46.07,Medium,About to Leave,0.728,0.13866666666666666,1,0,0,0,-22,4.0,0,0,Send renewal reminder | Offer Annual Plan discount | Recommend personalized content,
1619,1620,Melissa Lester,mbishop@example.org,mbishop,1990-10-08,Male,Joshuashire,2024-02-05,2025-02-04,Monthly,0,0.45202702375731707,45.2,45.2,Medium,About to Leave,0.7891999999999999,0.14177777777777778,1,0,0,0,-70,4.6,0,0,Send renewal reminder | Offer Annual Plan discount | Recommend personalized content,
1620,1621,Kenneth Vargas,krivera@example.org,krivera,1960-01-02,Female,Lake Monique,2024-03-03,2025-03-03,Monthly,0,0.5843735550615584,58.44,58.44,Medium,About to Leave,0.6964000000000001,0.09933333333333334,1,0,1,0,-43,3.2,1,0,Send renewal reminder | Offer Annual Plan discount | Assign priority support | Collect feedback and offer service recovery | Recommend personalized content,
1621,1622,Richard Barton,lopezkent@example.com,lopezkent,1956-05-08,Female,Brockview,2024-02-24,2025-02-23,Annual,0,0.4558380715302156,45.58,45.58,Medium,About to Leave,0.6872,0.0736969696969697,0,0,1,0,-51,3.6,0,0,Send renewal reminder | Assign priority support | Recommend personalized content,
1622,1623,William Carter,timothyshaffer@example.org,timothyshaffer,1991-02-09,Male,Andrewburgh,2024-02-17,2025-02-16,Monthly,0,0.4380827383367387,43.81,43.81,Medium,About to Leave,0.7244,0.11760000000000001,1,0,0,0,-58,4.7,0,0,Send renewal reminder | Offer Annual Plan discount | Recommend personalized content,
1623,1624,Denise Shaw,rgibson@example.com,rgibson,1977-05-18,Male,Port Colleenborough,2024-02-27,2025-02-26,Monthly,0,0.48572593579099876,48.57,48.57,Medium,About to Leave,0.7068,0.16733333333333333,1,0,0,0,-48,3.4,1,0,Send renewal reminder | Offer Annual Plan discount | Collect feedback and offer service recovery | Recommend personalized content,
1624,1625,Kathy Carter,joe37@example.net,joe37,1981-03-04,Female,Alexanderberg,2024-01-22,2025-01-21,Annual,0,0.45533925320746715,45.53,45.53,Medium,About to Leave,0.6644000000000001,0.05345454545454546,0,0,1,0,-84,4.7,0,0,Send renewal reminder | Assign priority support | Recommend personalized content,
1625,1626,Sara Hebert,gcrawford@example.com,gcrawford,1996-11-13,Female,Murphybury,2024-02-28,2025-02-27,Annual,0,0.29994912534083085,29.99,29.99,Low,Loyal,0.8136,0.162,0,0,0,0,-47,4.3,0,0,Send renewal reminder | Recommend personalized content,Recommend premium device streaming bundle | Recommend offline mobile viewing pack | Offer loyalty reward / premium upsell
1626,1627,Brian Key,mooregarrett@example.net,mooregarrett,1996-10-31,Male,Ashleytown,2024-02-17,2025-02-16,Annual,0,0.3221516999743738,32.22,32.22,Low,About to Leave,0.706,0.13111111111111112,0,0,0,0,-58,3.0,0,0,Send renewal reminder | Collect feedback and offer service recovery | Recommend personalized content,
1627,1628,Stephanie Sullivan,alexwade@example.com,alexwade,1990-08-13,Female,Chapmanfort,2024-02-18,2025-02-17,Annual,0,0.4547557170027395,45.48,45.48,Medium,About to Leave,0.6684,0.10866666666666668,0,0,0,1,-57,4.2,0,0,Send renewal reminder | Trigger engagement campaign | Recommend personalized content,
1628,1629,Dr. Nicole Collins,romeromichele@example.org,romeromichele,1962-11-23,Male,South Lee,2024-01-20,2025-01-19,Annual,0,0.3080914687106436,30.81,30.81,Low,About to Leave,0.7264,0.6613333333333333,0,0,0,0,-86,3.2,0,0,Send renewal reminder | Collect feedback and offer service recovery | Recommend personalized content,
1629,1630,Ernest Mosley,danielwood@example.com,danielwood,1977-07-22,Male,Middletonville,2024-03-15,2025-03-15,Annual,0,0.44098344390575983,44.1,44.1,Medium,About to Leave,0.672,0.08416666666666667,0,0,1,0,-31,3.5,0,0,Send renewal reminder | Assign priority support | Recommend personalized content,
1630,1631,Patricia Stephens,ericksonkathleen@example.net,ericksonkathleen,1938-11-25,Female,South Jesse,2024-01-13,2025-01-12,Monthly,0,0.45844034179308724,45.84,45.84,Medium,About to Leave,0.6984,0.1136,1,0,0,0,-93,4.2,0,0,Send renewal reminder | Offer Annual Plan discount | Recommend personalized content,
1631,1632,Amber Clarke,nsmith@example.net,nsmith,1950-05-11,Female,Andrewmouth,2024-02-09,2025-02-08,Monthly,0,0.4276777447973323,42.77,42.77,Medium,About to Leave,0.7436,0.14106666666666667,1,0,0,0,-66,4.3,0,0,Send renewal reminder | Offer Annual Plan discount | Recommend personalized content,
1632,1633,Teresa Jones,fvincent@example.org,fvincent,1987-03-31,Female,Leeborough,2024-04-08,2025-04-08,Monthly,0,0.47259223205288675,47.26,47.26,Medium,About to Leave,0.7116,0.22177777777777777,1,0,0,0,-7,3.3,0,0,Send renewal reminder | Offer Annual Plan discount | Collect feedback and offer service recovery | Recommend personalized content,
1633,1634,Melvin Anderson,robintaylor@example.com,robintaylor,1982-02-03,Male,Karenborough,2024-01-07,2025-01-06,Annual,0,0.29193097963177667,29.19,29.19,Low,Loyal,0.7236,0.19066666666666668,0,0,0,0,-99,4.3,0,0,Send renewal reminder | Recommend personalized content,Recommend premium Documentary bundle | Recommend reading/documentary combo | Recommend mobile premium pack
1634,1635,Julia Mooney,melvinjenkins@example.net,melvinjenkins,1980-05-15,Female,Fordfurt,2024-03-22,2025-03-22,Monthly,0,0.5752748623918115,57.53,57.53,Medium,About to Leave,0.7144000000000001,0.07213333333333334,1,0,1,0,-24,4.7,1,0,Send renewal reminder | Offer Annual Plan discount | Assign priority support | Recommend personalized content,
1635,1636,Bradley Hall,conleyanthony@example.net,conleyanthony,1946-09-30,Female,Anthonyshire,2024-02-03,2025-02-02,Monthly,0,0.44557356618190974,44.56,44.56,Medium,About to Leave,0.7140000000000001,0.11600000000000002,1,0,0,0,-72,4.5,0,0,Send renewal reminder | Offer Annual Plan discount | Recommend personalized content,
1636,1637,Elizabeth Sandoval,taylorkelly@example.com,taylorkelly,1976-01-31,Male,South Becky,2024-03-19,2025-03-19,Annual,0,0.3112469647517237,31.12,31.12,Low,About to Leave,0.718,0.11555555555555556,0,0,0,0,-27,4.0,0,0,Send renewal reminder | Recommend personalized content,
1637,1638,Matthew Smith,zkaufman@example.org,zkaufman,2000-08-26,Male,East Jennymouth,2024-01-18,2025-01-17,Annual,0,0.3000754796260666,30.01,30.01,Low,About to Leave,0.7488,0.14186666666666667,0,0,0,0,-88,4.4,0,0,Send renewal reminder | Recommend personalized content,
1638,1639,Sherri Washington,kevincole@example.net,kevincole,1937-10-04,Female,South Alexander,2024-01-05,2025-01-04,Monthly,0,0.39496302216138884,39.5,39.5,Medium,About to Leave,0.8748000000000001,0.332,1,0,0,0,-101,4.9,0,0,Send renewal reminder | Offer Annual Plan discount | Recommend personalized content,
1639,1640,Michael Pham,josephsarah@example.com,josephsarah,1976-10-21,Female,Ryanchester,2024-04-11,2025-04-11,Annual,0,0.31208600797012265,31.21,31.21,Low,About to Leave,0.7184,0.18933333333333335,0,0,0,0,-4,4.2,0,0,Send renewal reminder | Recommend personalized content,
1640,1641,Julie Walker,amydavis@example.net,amydavis,1948-02-20,Male,South Angela,2024-02-23,2025-02-22,Monthly,0,0.6092845765504952,60.93,60.93,Medium,About to Leave,0.6796000000000001,0.05920000000000001,1,0,1,0,-52,4.8,1,0,Send renewal reminder | Offer Annual Plan discount | Assign priority support | Recommend personalized content,
1641,1642,Steven Peterson,alexisjohnson@example.net,alexisjohnson,2004-12-16,Female,East Douglas,2024-03-11,2025-03-11,Annual,0,0.30948243369919115,30.95,30.95,Low,About to Leave,0.752,0.2016666666666667,0,0,0,0,-35,3.5,0,0,Send renewal reminder | Recommend personalized content,
1642,1643,Jessica Lawson,stevenhenderson@example.org,stevenhenderson,1997-02-17,Male,North Cristianberg,2024-02-19,2025-02-18,Annual,0,0.29973339261571097,29.97,29.97,Low,Loyal,0.762,0.2688888888888889,0,0,0,0,-56,3.5,0,0,Send renewal reminder | Recommend personalized content,Recommend premium Sci-Fi bundle | Recommend lifestyle and family content pack | Recommend family multi-screen plan
1643,1644,Keith Scott III,ncantrell@example.net,ncantrell,1960-09-21,Female,West Christinefurt,2024-03-14,2025-03-14,Annual,0,0.27372152612786643,27.37,27.37,Low,Loyal,0.7596,0.29600000000000004,0,0,0,0,-32,4.8,0,0,Send renewal reminder | Recommend personalized content,Recommend premium Sci-Fi bundle | Recommend lifestyle and family content pack | Recommend mobile premium pack
1644,1645,Glenn Murphy,cbaker@example.com,cbaker,1942-07-10,Male,Port Karen,2024-04-01,2025-04-01,Monthly,0,0.4914226820530335,49.14,49.14,Medium,About to Leave,0.6828,0.11120000000000001,1,0,0,0,-14,3.9,1,0,Send renewal reminder | Offer Annual Plan discount | Recommend personalized content,
1645,1646,Anita Williams,blakejohn@example.org,blakejohn,1959-12-07,Male,North Sydney,2024-02-21,2025-02-20,Monthly,1,0.7818309750242374,78.18,78.18,High,About to Leave,0.6236000000000002,0.04874074074074074,1,0,1,1,-54,4.3,1,1,Send renewal reminder | Offer Annual Plan discount | Assign priority support | Trigger engagement campaign | Recommend personalized content,
1646,1647,Daniel Johnson,ahenderson@example.org,ahenderson,1980-02-27,Female,Timothyside,2024-01-08,2025-01-07,Monthly,0,0.4631311134890021,46.31,46.31,Medium,About to Leave,0.6864,0.528,1,0,0,0,-98,3.2,0,0,Send renewal reminder | Offer Annual Plan discount | Collect feedback and offer service recovery | Recommend personalized content,
1647,1648,Sarah Munoz,dpalmer@example.org,dpalmer,1948-10-13,Female,Howardbury,2024-02-26,2025-02-25,Monthly,0,0.582110170122484,58.21,58.21,Medium,About to Leave,0.7244,0.45466666666666666,1,0,0,1,-49,4.7,1,0,Send renewal reminder | Offer Annual Plan discount | Trigger engagement campaign | Recommend personalized content,
1648,1649,Jack Torres,craig67@example.org,craig67,1971-05-11,Female,Larsonmouth,2024-03-22,2025-03-22,Annual,0,0.41925448818055633,41.93,41.93,Medium,About to Leave,0.714,0.07925925925925927,0,0,1,0,-24,4.5,0,0,Send renewal reminder | Assign priority support | Recommend personalized content,
1649,1650,Frederick Torres,annlamb@example.net,annlamb,1933-06-27,Female,Baileyburgh,2024-03-24,2025-03-24,Annual,0,0.4451722087788174,44.52,44.52,Medium,About to Leave,0.6636,0.06355555555555556,0,0,1,0,-22,4.3,0,0,Send renewal reminder | Assign priority support | Recommend personalized content,
1650,1651,Jesse Clark,kayla33@example.com,kayla33,1993-06-19,Male,Port Gregoryport,2024-01-25,2025-01-24,Annual,0,0.3464558612424179,34.65,34.65,Low,About to Leave,0.6759999999999999,0.13066666666666665,0,0,0,0,-81,3.0,0,0,Send renewal reminder | Collect feedback and offer service recovery | Recommend personalized content,
1651,1652,Karen Johnson,hamiltonrobert@example.com,hamiltonrobert,1987-03-30,Male,North Juliaside,2024-02-20,2025-02-19,Annual,0,0.2685165740757372,26.85,26.85,Low,Loyal,0.8128000000000001,0.23900000000000002,0,0,0,0,-55,3.9,0,0,Send renewal reminder | Recommend personalized content,Recommend premium Documentary bundle | Recommend premium device streaming bundle | Recommend family multi-screen plan | Offer loyalty reward / premium upsell
1652,1653,Timothy Rojas,santiagomary@example.net,santiagomary,1974-10-17,Female,Pughview,2024-02-27,2025-02-26,Annual,0,0.42823508343510575,42.82,42.82,Medium,About to Leave,0.6736000000000001,0.07150000000000001,0,0,1,0,-48,4.3,0,0,Send renewal reminder | Assign priority support | Recommend personalized content,
1653,1654,Meghan Miller,arthurdouglas@example.com,arthurdouglas,1965-08-04,Female,Port Timothy,2024-02-06,2025-02-05,Annual,0,0.5339527231587357,53.4,53.4,Medium,About to Leave,0.612,0.06777777777777777,0,0,0,1,-69,3.5,1,0,Send renewal reminder | Trigger engagement campaign | Recommend personalized content,
1654,1655,Charles Key,taylor46@example.net,taylor46,1968-02-16,Male,Patelville,2024-01-07,2025-01-06,Monthly,0,0.4789682425079436,47.9,47.9,Medium,About to Leave,0.6412,0.1048,1,0,0,0,-99,3.1,1,0,Send renewal reminder | Offer Annual Plan discount | Collect feedback and offer service recovery | Recommend personalized content,
1655,1656,Sandra Murray,cookegabriella@example.com,cookegabriella,1969-12-26,Female,Nancyside,2024-03-28,2025-03-28,Annual,0,0.287268638918435,28.73,28.73,Low,Loyal,0.7292000000000001,0.14600000000000002,0,0,0,0,-18,4.6,0,0,Send renewal reminder | Recommend personalized content,Recommend premium Action bundle | Recommend lifestyle and family content pack | Recommend offline mobile viewing pack
1656,1657,Jennifer Horton,villarrealsuzanne@example.net,villarrealsuzanne,1962-12-19,Female,Lake Katherinefort,2024-01-01,2024-12-31,Annual,0,0.34463691308963856,34.46,34.46,Low,About to Leave,0.678,0.09333333333333334,0,0,0,0,-105,4.0,0,0,Send renewal reminder | Recommend personalized content,
1657,1658,Sean Hamilton,pcamacho@example.net,pcamacho,1989-06-24,Female,New Jennifershire,2024-01-28,2025-01-27,Annual,0,0.5125956839885258,51.26,51.26,Medium,About to Leave,0.5864,0.048,0,0,1,0,-78,3.2,1,0,Send renewal reminder | Assign priority support | Collect feedback and offer service recovery | Recommend personalized content,
1658,1659,Corey Smith,bbell@example.net,bbell,1976-01-24,Male,North Emily,2024-01-20,2025-01-19,Monthly,0,0.5511948654613869,55.12,55.12,Medium,About to Leave,0.7100000000000001,0.07500000000000001,1,0,1,0,-86,5.0,1,0,Send renewal reminder | Offer Annual Plan discount | Assign priority support | Recommend personalized content,
1659,1660,Robin Wilson,hunterkyle@example.com,hunterkyle,1949-12-02,Female,Lake Thomasview,2024-02-15,2025-02-14,Annual,0,0.3186948578000353,31.87,31.87,Low,About to Leave,0.6868,0.11155555555555556,0,0,0,0,-60,3.4,0,0,Send renewal reminder | Collect feedback and offer service recovery | Recommend personalized content,
1660,1661,Peter Hancock,hryan@example.org,hryan,1948-04-16,Male,South Jonathan,2024-02-21,2025-02-20,Annual,0,0.24937225105753652,24.94,24.94,Low,Loyal,0.8500000000000001,0.43333333333333335,0,0,0,0,-54,5.0,0,0,Send renewal reminder | Recommend personalized content,Recommend premium device streaming bundle | Recommend family multi-screen plan | Offer loyalty reward / premium upsell
1661,1662,Todd Morrison,dconway@example.org,dconway,1971-10-16,Male,New Chelsea,2024-03-23,2025-03-23,Monthly,0,0.6243210367707243,62.43,62.43,Medium,About to Leave,0.5960000000000001,0.05777777777777778,1,0,1,0,-23,3.0,1,0,Send renewal reminder | Offer Annual Plan discount | Assign priority support | Collect feedback and offer service recovery | Recommend personalized content,
1662,1663,Mrs. Katrina Baker,ariasjesse@example.org,ariasjesse,1990-07-10,Male,Andersonbury,2024-03-26,2025-03-26,Annual,0,0.3176580644991237,31.77,31.77,Low,About to Leave,0.6764,0.11022222222222222,0,0,0,0,-20,3.2,0,0,Send renewal reminder | Collect feedback and offer service recovery | Recommend personalized content,
1663,1664,Robert Garza,mahoneychristopher@example.net,mahoneychristopher,1996-07-30,Female,Hoodfort,2024-04-03,2025-04-03,Monthly,0,0.4677846310241924,46.78,46.78,Medium,About to Leave,0.6880000000000001,0.11200000000000002,1,0,0,0,-12,4.0,0,0,Send renewal reminder | Offer Annual Plan discount | Recommend personalized content,
1664,1665,Daniel Burns,jenna92@example.org,jenna92,1956-08-07,Female,North Angela,2024-01-01,2024-12-31,Monthly,0,0.42914848606246936,42.91,42.91,Medium,About to Leave,0.784,0.14111111111111113,1,0,0,0,-105,4.5,0,0,Send renewal reminder | Offer Annual Plan discount | Recommend personalized content,
1665,1666,Cole Lewis,caitlinbaker@example.com,caitlinbaker,1938-07-01,Male,Burtonland,2024-04-02,2025-04-02,Annual,0,0.4281914942978655,42.82,42.82,Medium,About to Leave,0.6844000000000001,0.06533333333333334,0,0,1,0,-13,4.7,0,0,Send renewal reminder | Assign priority support | Recommend personalized content,
1666,1667,Amy Miller,jessicacollins@example.com,jessicacollins,1984-08-04,Female,New Briana,2024-03-09,2025-03-09,Annual,0,0.33650335554756683,33.65,33.65,Low,About to Leave,0.6816,0.266,0,0,0,0,-37,3.3,0,0,Send renewal reminder | Collect feedback and offer service recovery | Recommend personalized content,
1667,1668,Barbara Gonzalez,mriddle@example.com,mriddle,1976-11-21,Male,New Joshuamouth,2024-01-23,2025-01-22,Annual,0,0.2701978091356748,27.02,27.02,Low,Loyal,0.7772,0.4053333333333334,0,0,0,0,-83,3.6,0,0,Send renewal reminder | Recommend personalized content,Recommend premium Sci-Fi bundle | Recommend reading/documentary combo | Recommend mobile premium pack | Offer loyalty reward / premium upsell
1668,1669,Kayla Coffey,apowell@example.com,apowell,2004-07-16,Female,South Melissa,2024-03-30,2025-03-30,Annual,0,0.46768947826795715,46.77,46.77,Medium,About to Leave,0.6368,0.060848484848484846,0,0,1,0,-16,3.4,0,0,Send renewal reminder | Assign priority support | Collect feedback and offer service recovery | Recommend personalized content,
1669,1670,Melissa Watson,melinda61@example.org,melinda61,1986-03-10,Female,New Amberview,2024-04-05,2025-04-05,Annual,0,0.4100182776890354,41.0,41.0,Medium,About to Leave,0.7895999999999999,0.12266666666666667,0,0,1,0,-10,4.8,0,0,Send renewal reminder | Assign priority support | Recommend personalized content,
1670,1671,Leslie Nelson,andersondavid@example.com,andersondavid,1991-03-01,Male,Lake Davidborough,2024-01-29,2025-01-28,Annual,0,0.24340037822986552,24.34,24.34,Low,Loyal,0.8532000000000001,0.9640000000000001,0,0,0,0,-77,4.1,0,0,Send renewal reminder | Recommend personalized content,Recommend reading/documentary combo | Recommend family multi-screen plan | Offer loyalty reward / premium upsell
1671,1672,Susan Moreno,jessicaowens@example.net,jessicaowens,1956-04-09,Female,New Allison,2024-04-01,2025-04-01,Monthly,0,0.743735364819707,74.37,74.37,High,About to Leave,0.6436000000000002,0.06266666666666666,1,0,1,1,-14,4.3,1,0,Send renewal reminder | Offer Annual Plan discount | Assign priority support | Trigger engagement campaign | Recommend personalized content,
1672,1673,Kristine Wagner,bakerwilliam@example.com,bakerwilliam,1945-03-20,Male,New Jennifer,2024-03-02,2025-03-02,Monthly,0,0.4165510360982377,41.66,41.66,Medium,About to Leave,0.7996000000000001,0.3626666666666667,1,0,0,0,-44,4.8,0,0,Send renewal reminder | Offer Annual Plan discount | Recommend personalized content,
1673,1674,Linda Foster,ogarcia@example.com,ogarcia,1978-09-17,Male,South Danaborough,2024-04-07,2025-04-07,Monthly,0,0.5517018749518543,55.17,55.17,Medium,About to Leave,0.7948000000000002,0.09054545454545455,1,0,1,0,-8,4.9,1,0,Send renewal reminder | Offer Annual Plan discount | Assign priority support | Recommend personalized content,
1674,1675,Amy Rivera,alvarezstacy@example.org,alvarezstacy,1943-03-26,Male,Carrport,2024-02-05,2025-02-04,Monthly,0,0.6726835652804369,67.27,67.27,High,About to Leave,0.6328,0.07044444444444445,1,0,0,1,-70,3.9,1,0,Send renewal reminder | Offer Annual Plan discount | Trigger engagement campaign | Recommend personalized content,
1675,1676,Kathy Hammond,juanmoreno@example.com,juanmoreno,1983-09-21,Female,Berryland,2024-01-03,2025-01-02,Monthly,0,0.5815412920272505,58.15,58.15,Medium,About to Leave,0.7600000000000001,0.0787878787878788,1,0,1,0,-103,5.0,1,0,Send renewal reminder | Offer Annual Plan discount | Assign priority support | Recommend personalized content,
1676,1677,Gary Williams,rnguyen@example.org,rnguyen,1984-04-28,Male,Port Kristieborough,2024-02-28,2025-02-27,Annual,0,0.6074576116428796,60.75,60.75,Medium,About to Leave,0.6436000000000002,0.06266666666666666,0,0,1,1,-47,4.3,1,0,Send renewal reminder | Assign priority support | Trigger engagement campaign | Recommend personalized content,
1677,1678,Daniel Murray,ericksonjacob@example.org,ericksonjacob,1973-02-11,Female,Mitchellborough,2024-04-07,2025-04-07,Monthly,0,0.44655507204201406,44.66,44.66,Medium,About to Leave,0.7312,0.19766666666666668,1,0,0,0,-8,3.1,0,0,Send renewal reminder | Offer Annual Plan discount | Collect feedback and offer service recovery | Recommend personalized content,
1678,1679,Taylor Potter,joel92@example.com,joel92,1983-12-21,Female,Wilsonstad,2024-03-14,2025-03-14,Annual,0,0.43316102959751474,43.32,43.32,Medium,About to Leave,0.6728000000000001,0.06893333333333333,0,0,1,0,-32,3.9,0,0,Send renewal reminder | Assign priority support | Recommend personalized content,
1679,1680,Denise Mason,alan24@example.com,alan24,1941-06-20,Male,Claudiaburgh,2024-02-27,2025-02-26,Annual,0,0.5067536374476683,50.68,50.68,Medium,About to Leave,0.6584,0.08693333333333333,0,0,0,1,-48,4.2,1,0,Send renewal reminder | Trigger engagement campaign | Recommend personalized content,
1680,1681,Danielle Mercer,gonzaleskathryn@example.net,gonzaleskathryn,1958-01-17,Female,Lake Leslieland,2024-01-18,2025-01-17,Monthly,0,0.5853518218550668,58.54,58.54,Medium,About to Leave,0.7388000000000001,0.08426666666666668,1,0,1,0,-88,4.4,1,0,Send renewal reminder | Offer Annual Plan discount | Assign priority support | Recommend personalized content,
1681,1682,Briana Johnson,djohnson@example.org,djohnson,1957-02-22,Male,Natashaburgh,2024-01-05,2025-01-04,Annual,0,0.3134802290246429,31.35,31.35,Low,About to Leave,0.7272,0.22577777777777777,0,0,0,0,-101,3.6,0,0,Send renewal reminder | Recommend personalized content,
1682,1683,Christopher Avila,katrina98@example.net,katrina98,1980-06-18,Female,Port Gail,2024-01-24,2025-01-23,Monthly,0,0.626172184236338,62.62,62.62,Medium,About to Leave,0.6312,0.19533333333333333,1,0,0,1,-82,3.1,1,0,Send renewal reminder | Offer Annual Plan discount | Trigger engagement campaign | Collect feedback and offer service recovery | Recommend personalized content,
1683,1684,Paul Davila,gordonjennifer@example.org,gordonjennifer,1989-01-11,Female,Lake Seth,2024-03-08,2025-03-08,Annual,0,0.4626668297235502,46.27,46.27,Medium,About to Leave,0.6168,0.059555555555555556,0,0,1,0,-38,3.4,0,0,Send renewal reminder | Assign priority support | Collect feedback and offer service recovery | Recommend personalized content,
1684,1685,Gina Carlson,cynthiafoster@example.org,cynthiafoster,1944-04-04,Female,Millermouth,2024-01-25,2025-01-24,Annual,0,0.38722042927891104,38.72,38.72,Medium,About to Leave,0.7391999999999999,0.10247619047619048,0,0,1,0,-81,4.6,0,0,Send renewal reminder | Assign priority support | Recommend personalized content,
1685,1686,Raymond Brooks,isanders@example.net,isanders,1974-10-05,Female,Silvaville,2024-02-29,2025-02-28,Monthly,0,0.47376372465454347,47.38,47.38,Medium,About to Leave,0.682,0.18000000000000002,1,0,0,0,-46,3.5,0,0,Send renewal reminder | Offer Annual Plan discount | Recommend personalized content,
1686,1687,Wendy Jordan,kathleen03@example.net,kathleen03,1967-10-02,Female,East Andrew,2024-01-12,2025-01-11,Annual,0,0.42054862294782924,42.05,42.05,Medium,About to Leave,0.7428000000000001,0.11752380952380954,0,0,1,0,-94,3.9,0,0,Send renewal reminder | Assign priority support | Recommend personalized content,
1687,1688,Andrew Bailey,dylan01@example.org,dylan01,1991-08-27,Male,Dominiqueshire,2024-04-02,2025-04-02,Annual,0,0.4726953405996128,47.27,47.27,Medium,About to Leave,0.6644000000000001,0.05345454545454546,0,0,1,0,-13,4.7,0,0,Send renewal reminder | Assign priority support | Recommend personalized content,
1688,1689,Henry Martin,drew15@example.net,drew15,1935-10-31,Female,Port Michaelbury,2024-03-07,2025-03-07,Annual,0,0.26669469675508084,26.67,26.67,Low,Loyal,0.7988000000000001,0.2106666666666667,0,0,0,0,-39,4.4,0,0,Send renewal reminder | Recommend personalized content,Recommend premium Action bundle | Recommend lifestyle and family content pack | Recommend mobile premium pack | Offer loyalty reward / premium upsell
1689,1690,Anne Stone,morrisjasmine@example.org,morrisjasmine,1958-08-18,Male,Ambermouth,2024-01-21,2025-01-20,Monthly,0,0.4194167444300718,41.94,41.94,Medium,About to Leave,0.7991999999999999,0.7173333333333334,1,0,0,0,-85,4.6,0,0,Send renewal reminder | Offer Annual Plan discount | Recommend personalized content,
1690,1691,Anne Mann,alicia07@example.net,alicia07,1966-12-18,Female,Port Ronaldborough,2024-04-02,2025-04-02,Annual,0,0.629069405499947,62.91,62.91,Medium,About to Leave,0.6396000000000001,0.04586666666666667,0,0,1,1,-13,4.8,1,0,Send renewal reminder | Assign priority support | Trigger engagement campaign | Recommend personalized content,
1691,1692,Melissa George,xjames@example.net,xjames,1949-03-09,Female,South Johaven,2024-02-24,2025-02-23,Monthly,0,0.39889756471683036,39.89,39.89,Medium,About to Leave,0.7784000000000001,0.7013333333333334,1,0,0,0,-51,4.2,0,0,Send renewal reminder | Offer Annual Plan discount | Recommend personalized content,
1692,1693,Michael Nichols,danielsmith@example.org,danielsmith,1940-05-20,Male,Michaelside,2024-03-31,2025-03-31,Monthly,0,0.429884361517215,42.99,42.99,Medium,About to Leave,0.7436,0.5720000000000001,1,0,0,0,-15,4.3,0,0,Send renewal reminder | Offer Annual Plan discount | Recommend personalized content,
1693,1694,Jacqueline Baker,ftodd@example.net,ftodd,1998-10-22,Female,South Joseborough,2024-04-04,2025-04-04,Annual,0,0.43338892499266035,43.34,43.34,Medium,About to Leave,0.6964000000000001,0.09933333333333334,0,0,1,0,-11,3.2,0,0,Send renewal reminder | Assign priority support | Collect feedback and offer service recovery | Recommend personalized content,
1694,1695,Colin Price,longmichael@example.org,longmichael,1944-05-06,Female,North Darrylville,2024-03-26,2025-03-26,Annual,0,0.4581791752057196,45.82,45.82,Medium,About to Leave,0.688,0.07703703703703704,0,0,1,0,-20,4.0,0,0,Send renewal reminder | Assign priority support | Recommend personalized content,
1695,1696,Cassandra Taylor,neil07@example.org,neil07,1964-05-11,Male,Stacyborough,2024-04-08,2025-04-08,Monthly,0,0.5706293928028313,57.06,57.06,Medium,About to Leave,0.6840000000000002,0.07250000000000001,1,0,1,0,-7,4.5,1,0,Send renewal reminder | Offer Annual Plan discount | Assign priority support | Recommend personalized content,
1696,1697,Shane Jones,osbornejennifer@example.com,osbornejennifer,1957-02-09,Male,New Vicki,2024-02-29,2025-02-28,Monthly,0,0.4393296894872215,43.93,43.93,Medium,About to Leave,0.802,0.31333333333333335,1,0,0,0,-46,3.5,0,0,Send renewal reminder | Offer Annual Plan discount | Recommend personalized content,
1697,1698,Brooke Edwards,tscott@example.net,tscott,1978-08-17,Female,South Elaine,2024-03-12,2025-03-12,Annual,0,0.2561469765084835,25.61,25.61,Low,Loyal,0.7888000000000001,0.7093333333333334,0,0,0,0,-34,4.4,0,0,Send renewal reminder | Recommend personalized content,Recommend premium Drama bundle | Recommend lifestyle and family content pack | Recommend offline mobile viewing pack | Offer loyalty reward / premium upsell
1698,1699,Kristen Martinez,mwoods@example.com,mwoods,1948-11-01,Female,Port Barbara,2024-02-25,2025-02-24,Monthly,0,0.5050848489332341,50.51,50.51,Medium,About to Leave,0.6412,0.1048,1,0,0,0,-50,3.1,1,0,Send renewal reminder | Offer Annual Plan discount | Collect feedback and offer service recovery | Recommend personalized content,
1699,1700,Betty Lewis,brianschmidt@example.org,brianschmidt,2005-03-03,Female,West Annaview,2024-02-24,2025-02-23,Annual,0,0.27493786387439717,27.49,27.49,Low,Loyal,0.7376,0.22844444444444445,0,0,0,0,-51,3.8,0,0,Send renewal reminder | Recommend personalized content,Recommend premium Drama bundle | Recommend lifestyle and family content pack | Recommend family multi-screen plan
1700,1701,James Pope,rodgerstyler@example.org,rodgerstyler,1941-01-24,Male,Wrightchester,2024-03-30,2025-03-30,Monthly,0,0.5954033324591514,59.54,59.54,Medium,About to Leave,0.7260000000000001,0.115,1,0,1,0,-16,3.0,1,0,Send renewal reminder | Offer Annual Plan discount | Assign priority support | Collect feedback and offer service recovery | Recommend personalized content,
1701,1702,Vanessa Martinez,mharvey@example.com,mharvey,1946-06-18,Female,Saraland,2024-01-08,2025-01-07,Annual,0,0.3369459395435179,33.69,33.69,Low,About to Leave,0.6716,0.17733333333333334,0,0,0,0,-98,3.3,0,0,Send renewal reminder | Collect feedback and offer service recovery | Recommend personalized content,
1702,1703,Brenda Allen,beandominique@example.com,beandominique,1951-01-29,Male,New Matthewton,2024-03-28,2025-03-28,Monthly,0,0.6181241485492553,61.81,61.81,Medium,About to Leave,0.6016,0.053200000000000004,1,0,1,0,-18,3.3,1,0,Send renewal reminder | Offer Annual Plan discount | Assign priority support | Collect feedback and offer service recovery | Recommend personalized content,
1703,1704,Mary Curtis,ryan09@example.org,ryan09,1971-11-29,Female,Rachelview,2024-02-09,2025-02-08,Monthly,0,0.4282479468915825,42.82,42.82,Medium,About to Leave,0.796,0.92,1,0,0,0,-66,3.0,0,0,Send renewal reminder | Offer Annual Plan discount | Collect feedback and offer service recovery | Recommend personalized content,
1704,1705,Maria Mason,rbrooks@example.org,rbrooks,2005-08-31,Female,Lake Maryfurt,2024-02-13,2025-02-12,Monthly,0,0.5587302349400936,55.87,55.87,Medium,About to Leave,0.7328000000000001,0.10283333333333335,1,0,1,0,-62,3.9,1,0,Send renewal reminder | Offer Annual Plan discount | Assign priority support | Recommend personalized content,
1705,1706,Jason Hobbs,timothyday@example.com,timothyday,1992-06-29,Male,Tammymouth,2024-02-02,2025-02-01,Annual,0,0.4157935664169237,41.58,41.58,Medium,About to Leave,0.7776000000000001,0.136,0,0,1,0,-73,3.8,0,0,Send renewal reminder | Assign priority support | Recommend personalized content,
1706,1707,Anna Miller,mirandamontgomery@example.org,mirandamontgomery,1964-06-02,Male,Amystad,2024-02-06,2025-02-05,Annual,0,0.2932969625764229,29.33,29.33,Low,Loyal,0.738,0.17333333333333334,0,0,0,0,-69,4.0,0,0,Send renewal reminder | Recommend personalized content,Recommend premium Drama bundle | Recommend reading/documentary combo | Recommend family multi-screen plan
1707,1708,Levi Wang,matthew20@example.org,matthew20,1973-06-26,Female,Ballardfurt,2024-01-09,2025-01-08,Annual,0,0.2608517110023724,26.09,26.09,Low,Loyal,0.7540000000000001,0.5800000000000001,0,0,0,0,-97,4.5,0,0,Send renewal reminder | Recommend personalized content,Recommend premium Documentary bundle | Recommend premium device streaming bundle | Recommend mobile premium pack
1708,1709,Michael Olsen,karabates@example.com,karabates,1964-04-22,Female,North Amyfurt,2024-02-27,2025-02-26,Monthly,0,0.6614443943224211,66.14,66.14,High,About to Leave,0.632,0.10166666666666666,1,0,0,1,-48,3.5,1,0,Send renewal reminder | Offer Annual Plan discount | Trigger engagement campaign | Recommend personalized content,
1709,1710,Matthew Mack,meganbarrett@example.net,meganbarrett,1965-07-19,Male,Atkinsonview,2024-01-23,2025-01-22,Monthly,0,0.4210247953571548,42.1,42.1,Medium,About to Leave,0.7576,0.6853333333333333,1,0,0,0,-83,3.8,0,0,Send renewal reminder | Offer Annual Plan discount | Recommend personalized content,
1710,1711,Tammy Berry,martinezjessica@example.com,martinezjessica,1951-11-24,Female,Brentchester,2024-01-05,2025-01-04,Annual,0,0.4864634666322531,48.65,48.65,Medium,About to Leave,0.638,0.07111111111111111,0,0,0,1,-101,4.0,1,0,Send renewal reminder | Trigger engagement campaign | Recommend personalized content,
1711,1712,Christopher Foster,cortezjeffrey@example.net,cortezjeffrey,1946-05-12,Male,New Melanie,2024-03-16,2025-03-16,Monthly,0,0.43785677995178346,43.79,43.79,Medium,About to Leave,0.706,0.32666666666666666,1,0,0,0,-30,3.0,0,0,Send renewal reminder | Offer Annual Plan discount | Collect feedback and offer service recovery | Recommend personalized content,
1712,1713,Michelle Simpson,rhonda11@example.org,rhonda11,1987-10-22,Male,East Jennifer,2024-01-30,2025-01-29,Annual,0,0.34849503602575493,34.85,34.85,Low,About to Leave,0.6859999999999999,0.16333333333333333,0,0,0,0,-76,3.0,0,0,Send renewal reminder | Collect feedback and offer service recovery | Recommend personalized content,
1713,1714,Darren Chambers,chad26@example.org,chad26,2004-07-17,Male,Mariaborough,2024-02-26,2025-02-25,Monthly,0,0.6014606561187029,60.15,60.15,Medium,About to Leave,0.6572,0.2053333333333333,1,0,0,1,-49,3.6,1,0,Send renewal reminder | Offer Annual Plan discount | Trigger engagement campaign | Recommend personalized content,
1714,1715,Katherine Roberts,courtney23@example.net,courtney23,2003-01-09,Male,Thomashaven,2024-02-06,2025-02-05,Monthly,0,0.442714882729351,44.27,44.27,Medium,About to Leave,0.7836000000000001,0.16773333333333335,1,0,0,0,-69,4.3,0,0,Send renewal reminder | Offer Annual Plan discount | Recommend personalized content,
1715,1716,Suzanne Collins,hermanpatricia@example.org,hermanpatricia,1958-06-15,Female,South Suestad,2024-01-29,2025-01-28,Monthly,0,0.42210012447419215,42.21,42.21,Medium,About to Leave,0.7444000000000001,0.19600000000000004,1,0,0,0,-77,4.7,0,0,Send renewal reminder | Offer Annual Plan discount | Recommend personalized content,
1716,1717,Steven Gonzalez,stran@example.com,stran,1938-04-17,Male,West Christopherborough,2024-03-18,2025-03-18,Annual,0,0.26150451515495715,26.15,26.15,Low,Loyal,0.8544,0.24700000000000003,0,0,0,0,-28,4.7,0,0,Send renewal reminder | Recommend personalized content,Recommend premium Documentary bundle | Recommend lifestyle and family content pack | Recommend family multi-screen plan | Offer loyalty reward / premium upsell
1717,1718,Brian Cohen,evanschristina@example.org,evanschristina,1996-07-05,Female,Lake Anita,2024-01-02,2025-01-01,Annual,0,0.27485980518468667,27.49,27.49,Low,Loyal,0.7736000000000001,0.1397777777777778,0,0,0,0,-104,4.3,0,0,Send renewal reminder | Recommend personalized content,Recommend reading/documentary combo | Recommend offline mobile viewing pack | Offer loyalty reward / premium upsell
1718,1719,Stefanie Schmidt,hodgeadriana@example.org,hodgeadriana,1988-12-28,Male,Lake Christopherview,2024-02-03,2025-02-02,Annual,0,0.44049307838976437,44.05,44.05,Medium,About to Leave,0.7292,0.08966666666666667,0,0,1,0,-72,4.6,0,0,Send renewal reminder | Assign priority support | Recommend personalized content,
1719,1720,Abigail Boone,dsnyder@example.com,dsnyder,1981-03-09,Female,Gregmouth,2024-03-05,2025-03-05,Annual,0,0.2404266457173363,24.04,24.04,Low,Loyal,0.8224,0.47400000000000003,0,0,0,0,-41,3.7,0,0,Send renewal reminder | Recommend personalized content,Recommend premium Drama bundle | Recommend lifestyle and family content pack | Recommend mobile premium pack | Offer loyalty reward / premium upsell
1720,1721,Tara Fisher,wchavez@example.net,wchavez,1940-03-08,Male,Reynoldsburgh,2024-01-24,2025-01-23,Monthly,0,0.620419476330717,62.04,62.04,Medium,About to Leave,0.6312,0.06573333333333334,1,0,1,0,-82,3.1,1,0,Send renewal reminder | Offer Annual Plan discount | Assign priority support | Collect feedback and offer service recovery | Recommend personalized content,
1721,1722,Richard Rodriguez,jameswillis@example.org,jameswillis,1973-08-12,Female,Jacksonberg,2024-01-05,2025-01-04,Annual,0,0.4869209543018043,48.69,48.69,Medium,About to Leave,0.6276,0.055200000000000006,0,0,1,0,-101,3.8,1,0,Send renewal reminder | Assign priority support | Recommend personalized content,
1722,1723,Matthew Rogers,emily33@example.com,emily33,1965-03-27,Female,South Cynthia,2024-02-03,2025-02-02,Monthly,0,0.44256861707872963,44.26,44.26,Medium,About to Leave,0.7576,0.6853333333333333,1,0,0,0,-72,3.8,0,0,Send renewal reminder | Offer Annual Plan discount | Recommend personalized content,
1723,1724,Kathy Lara,clintonsmith@example.com,clintonsmith,1970-04-07,Female,North Bradley,2024-02-29,2025-02-28,Monthly,0,0.5931038657855114,59.31,59.31,Medium,About to Leave,0.7184000000000001,0.10019047619047619,1,0,1,0,-46,4.2,1,0,Send renewal reminder | Offer Annual Plan discount | Assign priority support | Recommend personalized content,
1724,1725,Darryl Pierce,david32@example.com,david32,1997-06-08,Male,Jeremyside,2024-01-19,2025-01-18,Monthly,0,0.41447754114794483,41.45,41.45,Medium,About to Leave,0.8036000000000001,0.2795555555555556,1,0,0,0,-87,4.3,0,0,Send renewal reminder | Offer Annual Plan discount | Recommend personalized content,
1725,1726,Brooke Robinson,kim99@example.net,kim99,1976-11-20,Female,East Davidchester,2024-02-05,2025-02-04,Annual,0,0.30899723122510653,30.9,30.9,Low,About to Leave,0.7512,0.39533333333333337,0,0,0,0,-70,3.1,0,0,Send renewal reminder | Collect feedback and offer service recovery | Recommend personalized content,
1726,1727,Richard Holt,maysshawn@example.com,maysshawn,1968-05-01,Female,Kellyhaven,2024-03-01,2025-03-01,Annual,0,0.5262252337532567,52.62,52.62,Medium,About to Leave,0.6224,0.06911111111111111,0,0,0,1,-45,3.7,1,0,Send renewal reminder | Trigger engagement campaign | Recommend personalized content,
1727,1728,Richard Macias,gabrielsummers@example.net,gabrielsummers,1962-09-24,Male,Lunaberg,2024-04-07,2025-04-07,Monthly,0,0.4135132958481894,41.35,41.35,Medium,About to Leave,0.7944000000000001,0.3606666666666667,1,0,0,0,-8,4.7,0,0,Send renewal reminder | Offer Annual Plan discount | Recommend personalized content,
1728,1729,Bryce Garcia,fdaniel@example.org,fdaniel,1936-12-09,Male,Sullivanburgh,2024-04-08,2025-04-08,Annual,0,0.4489111525809599,44.89,44.89,Medium,About to Leave,0.6816000000000001,0.07986666666666667,0,0,1,0,-7,3.3,0,0,Send renewal reminder | Assign priority support | Collect feedback and offer service recovery | Recommend personalized content,
1729,1730,Elizabeth Wise,angelica53@example.com,angelica53,1992-10-04,Female,Lake Kenneth,2024-03-24,2025-03-24,Monthly,0,0.47590275424122774,47.59,47.59,Medium,About to Leave,0.7024,0.274,1,0,0,0,-22,3.7,1,0,Send renewal reminder | Offer Annual Plan discount | Recommend personalized content,
1730,1731,Emily Trevino,davidsonbrenda@example.net,davidsonbrenda,1947-02-17,Female,Johnnymouth,2024-03-26,2025-03-26,Annual,0,0.301507431892884,30.15,30.15,Low,About to Leave,0.6932,0.11280000000000001,0,0,0,0,-20,4.1,0,0,Send renewal reminder | Recommend personalized content,
1731,1732,Robert Johnson,sara05@example.net,sara05,1944-04-07,Male,Prattchester,2024-02-13,2025-02-12,Annual,0,0.30014737440102784,30.01,30.01,Low,About to Leave,0.794,0.16933333333333336,0,0,0,0,-62,4.5,0,0,Send renewal reminder | Recommend personalized content,
1732,1733,Cassie Nicholson,iwebster@example.org,iwebster,1978-04-27,Male,Port Williehaven,2024-02-03,2025-02-02,Monthly,0,0.6214079307885312,62.14,62.14,Medium,About to Leave,0.6516,0.07392592592592592,1,0,1,0,-72,3.3,1,0,Send renewal reminder | Offer Annual Plan discount | Assign priority support | Collect feedback and offer service recovery | Recommend personalized content,
1733,1734,Christopher Chung,ycaldwell@example.org,ycaldwell,1984-04-17,Male,Saundersstad,2024-01-13,2025-01-12,Annual,0,0.3022267268651845,30.22,30.22,Low,About to Leave,0.8028000000000001,0.1912,0,0,0,0,-93,3.9,0,0,Send renewal reminder | Recommend personalized content,
1734,1735,Alan Johnson,norriselizabeth@example.net,norriselizabeth,1970-03-12,Female,Lake Brandonberg,2024-03-01,2025-03-01,Annual,0,0.32120578743320216,32.12,32.12,Low,About to Leave,0.6712,0.262,0,0,0,0,-45,3.1,0,0,Send renewal reminder | Collect feedback and offer service recovery | Recommend personalized content,
1735,1736,Nathan Reed,ruthlane@example.com,ruthlane,1969-07-04,Male,North Davidhaven,2024-03-10,2025-03-10,Monthly,0,0.635209731714595,63.52,63.52,Medium,About to Leave,0.6359999999999999,0.0725925925925926,1,0,1,0,-36,3.0,1,0,Send renewal reminder | Offer Annual Plan discount | Assign priority support | Collect feedback and offer service recovery | Recommend personalized content,
1736,1737,Nicholas Bass,xwhite@example.com,xwhite,1963-08-02,Male,Garyview,2024-01-13,2025-01-12,Monthly,0,0.43648022252703184,43.65,43.65,Medium,About to Leave,0.7232000000000001,0.28200000000000003,1,0,0,0,-93,4.1,0,0,Send renewal reminder | Offer Annual Plan discount | Recommend personalized content,
1737,1738,Kimberly Underwood,ryan57@example.org,ryan57,1966-03-12,Female,New Virginiaview,2024-03-12,2025-03-12,Monthly,0,0.5976534593691423,59.77,59.77,Medium,About to Leave,0.688,0.07703703703703704,1,0,1,0,-34,4.0,1,0,Send renewal reminder | Offer Annual Plan discount | Assign priority support | Recommend personalized content,
1738,1739,Raymond Guerrero,anthony89@example.org,anthony89,1949-10-16,Male,Joshuaport,2024-01-21,2025-01-20,Annual,0,0.6475534893615214,64.76,64.76,Medium,About to Leave,0.6292000000000001,0.045066666666666665,0,0,1,1,-85,4.6,1,0,Send renewal reminder | Assign priority support | Trigger engagement campaign | Recommend personalized content,
1739,1740,Eugene Brown,nicoleholt@example.com,nicoleholt,1980-01-07,Male,Lake Heidiberg,2024-01-27,2025-01-26,Monthly,1,0.7681399299243385,76.81,76.81,High,About to Leave,0.5811999999999999,0.05580952380952381,1,0,1,1,-79,3.1,1,1,Send renewal reminder | Offer Annual Plan discount | Assign priority support | Trigger engagement campaign | Collect feedback and offer service recovery | Recommend personalized content,
1740,1741,Erin Nixon,blackwellbrian@example.net,blackwellbrian,2000-05-21,Male,Parkstad,2024-01-11,2025-01-10,Annual,0,0.3191596819961438,31.92,31.92,Low,About to Leave,0.7164,0.33066666666666666,0,0,0,0,-95,3.2,0,0,Send renewal reminder | Collect feedback and offer service recovery | Recommend personalized content,
1741,1742,Ryan Wall,phillipsmichael@example.org,phillipsmichael,1964-03-10,Male,West Jeremy,2024-02-21,2025-02-20,Annual,0,0.261769179293719,26.18,26.18,Low,Loyal,0.774,0.23777777777777778,0,0,0,0,-54,4.5,0,0,Send renewal reminder | Recommend personalized content,Recommend premium Comedy bundle | Recommend lifestyle and family content pack | Recommend family multi-screen plan | Offer loyalty reward / premium upsell
1742,1743,Steven Acosta,wesley01@example.org,wesley01,1979-07-12,Female,Brownbury,2024-03-29,2025-03-29,Annual,0,0.2988058586121517,29.88,29.88,Low,Loyal,0.7684000000000001,0.3506666666666667,0,0,0,0,-17,4.2,0,0,Send renewal reminder | Recommend personalized content,Recommend lifestyle and family content pack | Recommend mobile premium pack | Offer loyalty reward / premium upsell
1743,1744,Cory Wilkins,tcrane@example.org,tcrane,1935-08-04,Female,West Jamesfurt,2024-03-10,2025-03-10,Annual,0,0.3037724527125451,30.38,30.38,Low,About to Leave,0.7212,0.6573333333333333,0,0,0,0,-36,3.1,0,0,Send renewal reminder | Collect feedback and offer service recovery | Recommend personalized content,
1744,1745,Jimmy Alvarez,brandonlewis@example.com,brandonlewis,1963-12-01,Female,Helenhaven,2024-04-14,2025-04-14,Monthly,0,0.5839079996224666,58.39,58.39,Medium,About to Leave,0.7248000000000001,0.23133333333333334,1,0,0,1,-1,4.9,1,0,Send renewal reminder | Offer Annual Plan discount | Trigger engagement campaign | Recommend personalized content,
1745,1746,Connor Bailey,tburns@example.com,tburns,1994-07-07,Male,Levimouth,2024-02-16,2025-02-15,Monthly,0,0.4295618205971781,42.96,42.96,Medium,About to Leave,0.742,0.6733333333333333,1,0,0,0,-59,3.5,0,0,Send renewal reminder | Offer Annual Plan discount | Recommend personalized content,
1746,1747,Kevin Jackson,jchavez@example.net,jchavez,1952-01-02,Male,North Tanyaborough,2024-03-21,2025-03-21,Annual,0,0.2556682028868893,25.57,25.57,Low,Loyal,0.8344,0.16466666666666668,0,0,0,0,-25,4.7,0,0,Send renewal reminder | Recommend personalized content,Recommend premium Sci-Fi bundle | Recommend lifestyle and family content pack | Recommend family multi-screen plan | Offer loyalty reward / premium upsell
1747,1748,Angela French,lewisvickie@example.net,lewisvickie,1963-11-12,Male,Hawkinsside,2024-03-27,2025-03-27,Monthly,0,0.45289703586831376,45.29,45.29,Medium,About to Leave,0.7028,0.18533333333333335,1,0,0,0,-19,3.9,0,0,Send renewal reminder | Offer Annual Plan discount | Recommend personalized content,
1748,1749,Julie Dixon,welchrandall@example.org,welchrandall,1949-11-02,Female,West Denise,2024-04-09,2025-04-09,Annual,0,0.4401473446702503,44.01,44.01,Medium,About to Leave,0.6728000000000001,0.21133333333333335,0,0,0,1,-6,3.9,0,0,Send renewal reminder | Trigger engagement campaign | Recommend personalized content,
1749,1750,Melissa Owens,vaughnvictoria@example.net,vaughnvictoria,2005-07-24,Female,Banksmouth,2024-03-11,2025-03-11,Annual,0,0.4448375195747718,44.48,44.48,Medium,About to Leave,0.7191999999999998,0.07970370370370371,0,0,1,0,-35,4.6,0,0,Send renewal reminder | Assign priority support | Recommend personalized content,
1750,1751,Jonathan Scott,tyler48@example.com,tyler48,1949-10-13,Female,West Anthony,2024-04-10,2025-04-10,Annual,0,0.46203266477733956,46.2,46.2,Medium,About to Leave,0.6976000000000001,0.07442424242424243,0,0,1,0,-5,3.8,0,0,Send renewal reminder | Assign priority support | Recommend personalized content,
1751,1752,Christina Richardson,cathyrose@example.net,cathyrose,2000-03-07,Male,Blackburnberg,2024-02-24,2025-02-23,Annual,0,0.27175387065056783,27.18,27.18,Low,Loyal,0.8028000000000001,0.1912,0,0,0,0,-51,3.9,0,0,Send renewal reminder | Recommend personalized content,Recommend premium Sci-Fi bundle | Recommend reading/documentary combo | Recommend family multi-screen plan | Offer loyalty reward / premium upsell
1752,1753,Christopher Craig,ramirezsherry@example.org,ramirezsherry,1981-10-21,Male,Mcmillanburgh,2024-01-14,2025-01-13,Monthly,0,0.5638157557267344,56.38,56.38,Medium,About to Leave,0.7844000000000002,0.12209523809523812,1,0,1,0,-92,4.7,1,0,Send renewal reminder | Offer Annual Plan discount | Assign priority support | Recommend personalized content,
1753,1754,Kyle Krause,donnaortiz@example.org,donnaortiz,1974-01-15,Female,Bellchester,2024-03-06,2025-03-06,Monthly,0,0.4290859014906055,42.91,42.91,Medium,About to Leave,0.7936000000000001,0.2096666666666667,1,0,0,0,-40,4.3,0,0,Send renewal reminder | Offer Annual Plan discount | Recommend personalized content,
1754,1755,Elizabeth Luna,chenry@example.com,chenry,1960-11-12,Male,South Laurahaven,2024-04-03,2025-04-03,Monthly,0,0.4466384821531535,44.66,44.66,Medium,About to Leave,0.7616,0.3993333333333334,1,0,0,0,-12,3.3,0,0,Send renewal reminder | Offer Annual Plan discount | Collect feedback and offer service recovery | Recommend personalized content,
1755,1756,Amanda Hughes,timothycrosby@example.net,timothycrosby,1966-02-12,Female,Oliviastad,2024-03-20,2025-03-20,Annual,0,0.4427793743512841,44.28,44.28,Medium,About to Leave,0.7164,0.09280000000000001,0,0,1,0,-26,3.2,0,0,Send renewal reminder | Assign priority support | Collect feedback and offer service recovery | Recommend personalized content,
1756,1757,Mark Hart,angelhenry@example.net,angelhenry,2002-03-14,Female,Stoneview,2024-02-21,2025-02-20,Annual,0,0.27145605017883095,27.15,27.15,Low,Loyal,0.7596,0.29600000000000004,0,0,0,0,-54,4.8,0,0,Send renewal reminder | Recommend personalized content,Recommend reading/documentary combo | Recommend mobile premium pack
1757,1758,Justin Henry,thomas39@example.com,thomas39,1942-05-22,Male,South Paigefurt,2024-01-16,2025-01-15,Monthly,0,0.4592588458497596,45.93,45.93,Medium,About to Leave,0.7348,0.11920000000000001,1,0,0,0,-90,4.9,0,0,Send renewal reminder | Offer Annual Plan discount | Recommend personalized content,
1758,1759,Lisa Jacobs,edwardjohnson@example.com,edwardjohnson,1957-02-08,Male,Port Taylorshire,2024-02-02,2025-02-01,Annual,0,0.29873724362388054,29.87,29.87,Low,Loyal,0.7284,0.28400000000000003,0,0,0,0,-73,4.2,0,0,Send renewal reminder | Recommend personalized content,Recommend premium device streaming bundle | Recommend family multi-screen plan
1759,1760,Daniel Bradley,kathyjones@example.com,kathyjones,1987-11-07,Female,North Johnchester,2024-04-14,2025-04-14,Monthly,0,0.643610854257751,64.36,64.36,Medium,About to Leave,0.6424,0.10366666666666666,1,0,0,1,-1,3.7,1,0,Send renewal reminder | Offer Annual Plan discount | Trigger engagement campaign | Recommend personalized content,
1760,1761,Michael Ross Jr.,urusso@example.com,urusso,1977-06-12,Male,Wigginsmouth,2024-04-09,2025-04-09,Annual,0,0.4208373889032113,42.08,42.08,Medium,About to Leave,0.7328000000000001,0.10283333333333335,0,0,1,0,-6,3.9,0,0,Send renewal reminder | Assign priority support | Recommend personalized content,
1761,1762,Shelby Norris,markwelch@example.net,markwelch,1951-04-02,Female,Robertborough,2024-03-22,2025-03-22,Annual,0,0.32379912686940615,32.38,32.38,Low,About to Leave,0.712,0.16833333333333333,0,0,0,0,-24,3.5,0,0,Send renewal reminder | Recommend personalized content,
1762,1763,Meagan Brown,jessewilliams@example.org,jessewilliams,1935-11-05,Male,Christopherstad,2024-02-10,2025-02-09,Monthly,0,0.37116998817938923,37.12,37.12,Medium,About to Leave,0.8848000000000001,0.49800000000000005,1,0,0,0,-65,4.9,0,0,Send renewal reminder | Offer Annual Plan discount | Recommend personalized content,
1763,1764,Julie Morgan,youngjason@example.org,youngjason,1941-10-31,Female,Michellemouth,2024-01-06,2025-01-05,Annual,0,0.6795783538735959,67.96,67.96,High,About to Leave,0.556,0.04296296296296296,0,0,1,1,-100,3.0,1,0,Send renewal reminder | Assign priority support | Trigger engagement campaign | Collect feedback and offer service recovery | Recommend personalized content,
1764,1765,Curtis Osborn,panderson@example.com,panderson,1992-10-12,Male,New Joshuatown,2024-01-28,2025-01-27,Annual,0,0.4439145780952563,44.39,44.39,Medium,About to Leave,0.6892000000000001,0.07300000000000001,0,0,1,0,-78,4.6,0,0,Send renewal reminder | Assign priority support | Recommend personalized content,
1765,1766,Christopher Clark,matthew55@example.com,matthew55,1999-07-30,Male,Ianburgh,2024-04-04,2025-04-04,Annual,0,0.323319982031865,32.33,32.33,Low,About to Leave,0.7388,0.11822222222222223,0,0,0,0,-11,4.4,0,0,Send renewal reminder | Recommend personalized content,
1766,1767,James Ferguson,michellesoto@example.net,michellesoto,1963-08-28,Female,East Tracy,2024-04-12,2025-04-12,Monthly,0,0.4078862724009161,40.79,40.79,Medium,About to Leave,0.802,0.31333333333333335,1,0,0,0,-3,3.5,0,0,Send renewal reminder | Offer Annual Plan discount | Recommend personalized content,
1767,1768,Sabrina Wilson,jonathan10@example.com,jonathan10,1980-08-22,Male,Lake Marc,2024-01-07,2025-01-06,Monthly,0,0.4254110565922263,42.54,42.54,Medium,About to Leave,0.756,0.7866666666666667,1,0,0,0,-99,3.0,0,0,Send renewal reminder | Offer Annual Plan discount | Collect feedback and offer service recovery | Recommend personalized content,
1768,1769,Gary Craig,ugomez@example.org,ugomez,1938-09-05,Female,Oliviaborough,2024-02-19,2025-02-18,Monthly,0,0.4262441059596135,42.62,42.62,Medium,About to Leave,0.7512,0.39533333333333337,1,0,0,0,-56,3.1,0,0,Send renewal reminder | Offer Annual Plan discount | Collect feedback and offer service recovery | Recommend personalized content,
1769,1770,Steven Austin,jeffrey38@example.net,jeffrey38,1945-06-30,Male,North Stephanie,2024-03-25,2025-03-25,Monthly,0,0.6218795022274904,62.19,62.19,Medium,About to Leave,0.6476000000000001,0.10466666666666667,1,0,0,1,-21,3.8,1,0,Send renewal reminder | Offer Annual Plan discount | Trigger engagement campaign | Recommend personalized content,
1770,1771,Jennifer Haas,nathan58@example.org,nathan58,2002-08-01,Female,Mariaburgh,2024-01-07,2025-01-06,Monthly,0,0.5811201179016214,58.11,58.11,Medium,About to Leave,0.6920000000000001,0.08066666666666668,1,0,1,0,-99,3.5,1,0,Send renewal reminder | Offer Annual Plan discount | Assign priority support | Recommend personalized content,
1771,1772,Kimberly Reynolds,paul54@example.net,paul54,1960-05-19,Female,West Jacquelineview,2024-02-04,2025-02-03,Annual,0,0.27384645982538675,27.38,27.38,Low,Loyal,0.8236000000000001,0.8386666666666668,0,0,0,0,-71,4.3,0,0,Send renewal reminder | Recommend personalized content,Recommend premium Documentary bundle | Recommend lifestyle and family content pack | Recommend mobile premium pack | Offer loyalty reward / premium upsell
1772,1773,Anthony Lee,pbrewer@example.net,pbrewer,1957-11-21,Female,North Stephen,2024-01-02,2025-01-01,Annual,0,0.44025433149904786,44.03,44.03,Medium,About to Leave,0.6819999999999999,0.09619047619047619,0,0,1,0,-104,3.5,0,0,Send renewal reminder | Assign priority support | Recommend personalized content,
1773,1774,Heather Tanner,luisreid@example.org,luisreid,1940-03-07,Male,South Margaret,2024-03-06,2025-03-06,Monthly,0,0.588452662210047,58.85,58.85,Medium,About to Leave,0.6592000000000001,0.0530909090909091,1,0,1,0,-40,4.6,1,0,Send renewal reminder | Offer Annual Plan discount | Assign priority support | Recommend personalized content,
1774,1775,Michael Oconnor,jameswilliams@example.org,jameswilliams,1992-04-10,Male,Duranburgh,2024-04-04,2025-04-04,Monthly,0,0.5268657257548056,52.69,52.69,Medium,About to Leave,0.8088000000000002,0.13942857142857143,1,0,1,0,-11,4.4,1,0,Send renewal reminder | Offer Annual Plan discount | Assign priority support | Recommend personalized content,
1775,1776,Randy Hunt,daltonpeterson@example.net,daltonpeterson,1949-12-18,Female,Dustinborough,2024-04-07,2025-04-07,Annual,0,0.25840350255738964,25.84,25.84,Low,Loyal,0.8012,0.924,0,0,0,0,-8,3.1,0,0,Send renewal reminder | Collect feedback and offer service recovery | Recommend personalized content,Recommend reading/documentary combo | Recommend family multi-screen plan | Offer loyalty reward / premium upsell
1776,1777,John Roach,kristenbuckley@example.net,kristenbuckley,1951-12-01,Male,Huertaport,2024-04-10,2025-04-10,Annual,0,0.46741592149539174,46.74,46.74,Medium,About to Leave,0.6112000000000001,0.0655,0,0,1,0,-5,3.1,0,0,Send renewal reminder | Assign priority support | Collect feedback and offer service recovery | Recommend personalized content,
1777,1778,Brian Miranda,nsantiago@example.net,nsantiago,1954-11-16,Male,Lake Shane,2024-03-26,2025-03-26,Annual,0,0.31576600383759895,31.58,31.58,Low,About to Leave,0.7244,0.11760000000000001,0,0,0,0,-20,4.7,0,0,Send renewal reminder | Recommend personalized content,
1778,1779,Brian Garrett,vcobb@example.com,vcobb,2000-03-24,Female,North Samantha,2024-01-18,2025-01-17,Annual,0,0.4484680851230324,44.85,44.85,Medium,About to Leave,0.6568,0.4026666666666666,0,0,0,1,-88,3.4,0,0,Send renewal reminder | Trigger engagement campaign | Collect feedback and offer service recovery | Recommend personalized content,
1779,1780,Alyssa Winters,tamara76@example.org,tamara76,1938-01-01,Male,East Jonathan,2024-03-28,2025-03-28,Monthly,0,0.4777765890766867,47.78,47.78,Medium,About to Leave,0.7172,0.16933333333333334,1,0,0,0,-18,3.6,1,0,Send renewal reminder | Offer Annual Plan discount | Recommend personalized content,
1780,1781,William Ortiz,kallen@example.net,kallen,1945-09-05,Female,Brownland,2024-01-26,2025-01-25,Annual,0,0.4786359454612108,47.86,47.86,Medium,About to Leave,0.6884,0.21733333333333335,0,0,0,1,-80,4.2,1,0,Send renewal reminder | Trigger engagement campaign | Recommend personalized content,
1781,1782,Anthony Vaughn,johncarter@example.org,johncarter,1949-06-02,Male,Robertville,2024-04-03,2025-04-03,Monthly,0,0.41527256424753267,41.53,41.53,Medium,About to Leave,0.7876000000000001,0.4093333333333334,1,0,0,0,-12,3.8,0,0,Send renewal reminder | Offer Annual Plan discount | Recommend personalized content,
1782,1783,Michael Robinson,barajasmichelle@example.net,barajasmichelle,1986-06-16,Male,Strongchester,2024-01-10,2025-01-09,Annual,0,0.4095532588291673,40.96,40.96,Medium,About to Leave,0.7148000000000001,0.08514285714285716,0,0,1,0,-96,4.9,0,0,Send renewal reminder | Assign priority support | Recommend personalized content,
1783,1784,Ronald Terry,whurley@example.com,whurley,1953-05-29,Male,North Danielle,2024-04-10,2025-04-10,Annual,0,0.2744233948982981,27.44,27.44,Low,Loyal,0.8228000000000001,0.3186666666666667,0,0,0,0,-5,3.9,0,0,Send renewal reminder | Recommend personalized content,Recommend premium Action bundle | Recommend lifestyle and family content pack | Recommend offline mobile viewing pack | Offer loyalty reward / premium upsell
1784,1785,Jose Callahan,brian36@example.org,brian36,1970-03-11,Male,New Kristen,2024-01-22,2025-01-21,Annual,0,0.30279812656379984,30.28,30.28,Low,About to Leave,0.7628,0.6893333333333334,0,0,0,0,-84,3.9,0,0,Send renewal reminder | Recommend personalized content,
1785,1786,Don Stafford,ewright@example.com,ewright,1966-06-21,Female,East Wesley,2024-04-02,2025-04-02,Monthly,0,0.5506417856886827,55.06,55.06,Medium,About to Leave,0.754,0.09407407407407409,1,0,1,0,-13,4.5,1,0,Send renewal reminder | Offer Annual Plan discount | Assign priority support | Recommend personalized content,
1786,1787,Kimberly Cooper,harrisashley@example.com,harrisashley,1979-11-25,Male,East Jamestown,2024-03-03,2025-03-03,Annual,0,0.45346893802899707,45.35,45.35,Medium,About to Leave,0.6976000000000001,0.07442424242424243,0,0,1,0,-43,3.8,0,0,Send renewal reminder | Assign priority support | Recommend personalized content,
1787,1788,David Harris MD,gibsonjennifer@example.com,gibsonjennifer,1966-09-23,Male,West Daniel,2024-03-04,2025-03-04,Annual,0,0.31396272619082266,31.4,31.4,Low,About to Leave,0.6920000000000001,0.27,0,0,0,0,-42,3.5,0,0,Send renewal reminder | Recommend personalized content,
1788,1789,Alicia Porter,lynchcharles@example.net,lynchcharles,2002-01-19,Male,East Christopherberg,2024-02-20,2025-02-19,Annual,0,0.2827886012732702,28.28,28.28,Low,Loyal,0.7424000000000001,0.1357777777777778,0,0,0,0,-55,3.7,0,0,Send renewal reminder | Recommend personalized content,Recommend premium Sci-Fi bundle | Recommend premium device streaming bundle | Recommend mobile premium pack
1789,1790,Jessica Woodard,hlarsen@example.net,hlarsen,1944-07-21,Female,Phillipshaven,2024-04-10,2025-04-10,Annual,0,0.4665214821347286,46.65,46.65,Medium,About to Leave,0.6516000000000001,0.3986666666666666,0,0,0,1,-5,3.3,0,0,Send renewal reminder | Trigger engagement campaign | Collect feedback and offer service recovery | Recommend personalized content,
1790,1791,Mark Erickson,glang@example.org,glang,2002-08-01,Male,West Brittany,2024-01-29,2025-01-28,Monthly,0,0.5430772487048209,54.31,54.31,Medium,About to Leave,0.7748000000000002,0.09585185185185187,1,0,1,0,-77,4.9,1,0,Send renewal reminder | Offer Annual Plan discount | Assign priority support | Recommend personalized content,
1791,1792,Stanley Ramirez,bryandiaz@example.com,bryandiaz,1981-10-20,Female,Blackland,2024-03-15,2025-03-15,Annual,0,0.45910631507961003,45.91,45.91,Medium,About to Leave,0.6876000000000001,0.08566666666666667,0,0,1,0,-31,3.8,0,0,Send renewal reminder | Assign priority support | Recommend personalized content,
1792,1793,Miguel Jones,williammitchell@example.org,williammitchell,1934-04-27,Male,Lake Tammy,2024-03-26,2025-03-26,Monthly,0,0.45940572098824,45.94,45.94,Medium,About to Leave,0.7212,0.6573333333333333,1,0,0,0,-20,3.1,0,0,Send renewal reminder | Offer Annual Plan discount | Collect feedback and offer service recovery | Recommend personalized content,
1793,1794,Dr. Jordan Spence,sray@example.com,sray,1936-02-01,Female,Courtneyshire,2024-04-09,2025-04-09,Annual,0,0.26629898111610706,26.63,26.63,Low,Loyal,0.8028000000000001,0.8226666666666668,0,0,0,0,-6,3.9,0,0,Send renewal reminder | Recommend personalized content,Recommend lifestyle and family content pack | Recommend mobile premium pack | Offer loyalty reward / premium upsell
1794,1795,Megan Smith,diana31@example.org,diana31,1999-06-25,Female,Port Larryfort,2024-03-05,2025-03-05,Monthly,0,0.6321238555199203,63.21,63.21,Medium,About to Leave,0.6464,0.39466666666666667,1,0,0,1,-41,3.2,1,0,Send renewal reminder | Offer Annual Plan discount | Trigger engagement campaign | Collect feedback and offer service recovery | Recommend personalized content,
1795,1796,Christy Martinez,pmcpherson@example.org,pmcpherson,1964-01-15,Female,Ronaldberg,2024-01-18,2025-01-17,Annual,0,0.296519368655801,29.65,29.65,Low,Loyal,0.7536,0.17633333333333334,0,0,0,0,-88,4.3,0,0,Send renewal reminder | Recommend personalized content,Recommend premium device streaming bundle | Recommend offline mobile viewing pack
1796,1797,Cynthia Johnson,wilsonroy@example.org,wilsonroy,1936-04-25,Male,West Elizabethland,2024-03-29,2025-03-29,Monthly,0,0.5598413588645641,55.98,55.98,Medium,About to Leave,0.7263999999999999,0.10311111111111111,1,0,1,0,-17,3.2,1,0,Send renewal reminder | Offer Annual Plan discount | Assign priority support | Collect feedback and offer service recovery | Recommend personalized content,
1797,1798,Denise Estes,fmyers@example.net,fmyers,1955-07-06,Male,Aaronville,2024-03-24,2025-03-24,Annual,0,0.47065382473011463,47.07,47.07,Medium,About to Leave,0.6612,0.07187878787878789,0,0,1,0,-22,3.1,0,0,Send renewal reminder | Assign priority support | Collect feedback and offer service recovery | Recommend personalized content,
1798,1799,Jenna Massey,josephmckay@example.org,josephmckay,1943-03-05,Female,Ianmouth,2024-03-18,2025-03-18,Annual,0,0.4396705827782971,43.97,43.97,Medium,About to Leave,0.678,0.06933333333333333,0,0,1,0,-28,4.0,0,0,Send renewal reminder | Assign priority support | Recommend personalized content,
1799,1800,Erin Allen,james19@example.org,james19,1943-10-13,Female,West Ann,2024-01-27,2025-01-26,Annual,0,0.292203245567215,29.22,29.22,Low,Loyal,0.7432,0.17433333333333334,0,0,0,0,-79,4.1,0,0,Send renewal reminder | Recommend personalized content,Recommend premium Documentary bundle | Recommend lifestyle and family content pack | Recommend mobile premium pack
1800,1801,Cheryl Fox,brittany32@example.com,brittany32,1963-08-09,Male,South Shelia,2024-03-27,2025-03-27,Monthly,0,0.4378544109687656,43.79,43.79,Medium,About to Leave,0.732,0.33666666666666667,1,0,0,0,-19,3.5,0,0,Send renewal reminder | Offer Annual Plan discount | Recommend personalized content,
1801,1802,David Orozco,plin@example.com,plin,1998-07-27,Female,Mikemouth,2024-03-23,2025-03-23,Annual,0,0.2910851192808992,29.11,29.11,Low,Loyal,0.7111999999999999,0.32866666666666666,0,0,0,0,-23,3.1,0,0,Send renewal reminder | Collect feedback and offer service recovery | Recommend personalized content,Recommend lifestyle and family content pack | Recommend mobile premium pack
1802,1803,Dylan Ryan,blankenshipdarren@example.net,blankenshipdarren,1985-04-05,Male,East Terryview,2024-01-09,2025-01-08,Annual,0,0.4606812545090928,46.07,46.07,Medium,About to Leave,0.6776,0.07614814814814815,0,0,1,0,-97,3.8,0,0,Send renewal reminder | Assign priority support | Recommend personalized content,
1803,1804,Christina Wells,brandyyoung@example.org,brandyyoung,1987-08-30,Female,Hernandezport,2024-03-04,2025-03-04,Monthly,0,0.4306922202079542,43.07,43.07,Medium,About to Leave,0.7884000000000001,0.2086666666666667,1,0,0,0,-42,4.2,0,0,Send renewal reminder | Offer Annual Plan discount | Recommend personalized content,
1804,1805,Randy Hill,tonya13@example.net,tonya13,1972-08-02,Female,Gainesport,2024-01-31,2025-01-30,Monthly,0,0.5480309796331028,54.8,54.8,Medium,About to Leave,0.7495999999999999,0.07806060606060607,1,0,1,0,-75,4.8,1,0,Send renewal reminder | Offer Annual Plan discount | Assign priority support | Recommend personalized content,
1805,1806,Zachary Vasquez,danielaguirre@example.org,danielaguirre,1936-10-24,Female,South Davidhaven,2024-01-19,2025-01-18,Monthly,0,0.4364450470661632,43.64,43.64,Medium,About to Leave,0.7628,0.6893333333333334,1,0,0,0,-87,3.9,0,0,Send renewal reminder | Offer Annual Plan discount | Recommend personalized content,
1806,1807,Stephanie Wade,marymiller@example.com,marymiller,1943-10-30,Male,South Tracyside,2024-02-18,2025-02-17,Annual,0,0.24023064119061874,24.02,24.02,Low,Loyal,0.8344000000000001,0.4273333333333334,0,0,0,0,-57,4.7,0,0,Send renewal reminder | Recommend personalized content,Recommend premium Comedy bundle | Recommend premium device streaming bundle | Recommend offline mobile viewing pack | Offer loyalty reward / premium upsell
1807,1808,George Webster,marieterry@example.net,marieterry,1955-05-18,Female,North Davidtown,2024-03-30,2025-03-30,Monthly,0,0.6649255769888331,66.49,66.49,High,About to Leave,0.6376000000000001,0.08373333333333334,1,0,0,1,-16,3.8,1,0,Send renewal reminder | Offer Annual Plan discount | Trigger engagement campaign | Recommend personalized content,
1808,1809,Jeffrey Turner,stonemaria@example.com,stonemaria,1940-12-24,Female,New Jacobport,2024-04-11,2025-04-11,Monthly,0,0.45578616921740184,45.58,45.58,Medium,About to Leave,0.7616,0.3993333333333334,1,0,0,0,-4,3.3,0,0,Send renewal reminder | Offer Annual Plan discount | Collect feedback and offer service recovery | Recommend personalized content,
1809,1810,Jerry Wilson,jeffreyallen@example.org,jeffreyallen,1983-08-12,Female,Brendafort,2024-01-21,2025-01-20,Annual,0,0.44652691463067506,44.65,44.65,Medium,About to Leave,0.7024000000000001,0.08146666666666667,0,0,1,0,-85,3.7,0,0,Send renewal reminder | Assign priority support | Recommend personalized content,
1810,1811,Virginia Owens,schwartzcharles@example.com,schwartzcharles,1933-10-07,Male,East Jessica,2024-04-01,2025-04-01,Annual,0,0.24990599331411517,24.99,24.99,Low,Loyal,0.8340000000000001,0.196,0,0,0,0,-14,4.5,0,0,Send renewal reminder | Recommend personalized content,Recommend premium Comedy bundle | Recommend premium device streaming bundle | Recommend family multi-screen plan | Offer loyalty reward / premium upsell
1811,1812,Sarah Mcdowell,clarkmorgan@example.org,clarkmorgan,1947-09-05,Female,Lake Amanda,2024-03-10,2025-03-10,Annual,0,0.5224389912752401,52.24,52.24,Medium,About to Leave,0.5812,0.047636363636363636,0,0,1,0,-36,3.1,1,0,Send renewal reminder | Assign priority support | Collect feedback and offer service recovery | Recommend personalized content,
1812,1813,Edward Harris,wilsonjacob@example.org,wilsonjacob,1961-10-21,Male,Cookview,2024-04-05,2025-04-05,Monthly,0,0.576587301795343,57.66,57.66,Medium,About to Leave,0.7444000000000002,0.07769696969696971,1,0,1,0,-10,4.7,1,0,Send renewal reminder | Offer Annual Plan discount | Assign priority support | Recommend personalized content,
1813,1814,Richard Munoz,griffinkimberly@example.net,griffinkimberly,1944-07-27,Male,East Donna,2024-02-23,2025-02-22,Monthly,0,0.4337899195001585,43.38,43.38,Medium,About to Leave,0.7024,0.274,1,0,0,0,-52,3.7,0,0,Send renewal reminder | Offer Annual Plan discount | Recommend personalized content,
1814,1815,Jack Wong,karenwilliams@example.net,karenwilliams,1973-06-17,Male,Millermouth,2024-04-01,2025-04-01,Monthly,0,0.5424490986374432,54.24,54.24,Medium,About to Leave,0.7832000000000001,0.12050000000000001,1,0,1,0,-14,4.1,1,0,Send renewal reminder | Offer Annual Plan discount | Assign priority support | Recommend personalized content,
1815,1816,Valerie Schneider,timothysingleton@example.net,timothysingleton,1937-03-09,Male,Knightborough,2024-03-03,2025-03-03,Annual,0,0.2836353404035716,28.36,28.36,Low,Loyal,0.7288,0.19200000000000003,0,0,0,0,-43,4.4,0,0,Send renewal reminder | Recommend personalized content,Recommend lifestyle and family content pack | Recommend family multi-screen plan
1816,1817,Jo Smith,brittany77@example.net,brittany77,1992-11-02,Male,Mcdonaldville,2024-01-05,2025-01-04,Annual,0,0.3270580391299607,32.71,32.71,Low,About to Leave,0.7164,0.33066666666666666,0,0,0,0,-101,3.2,0,0,Send renewal reminder | Collect feedback and offer service recovery | Recommend personalized content,
1817,1818,Oscar Terrell,fordmonica@example.net,fordmonica,1943-05-22,Male,Benjamintown,2024-02-04,2025-02-03,Monthly,0,0.44091797960987816,44.09,44.09,Medium,About to Leave,0.7168,0.22311111111111112,1,0,0,0,-71,3.4,0,0,Send renewal reminder | Offer Annual Plan discount | Collect feedback and offer service recovery | Recommend personalized content,
1818,1819,John Green,willisderrick@example.org,willisderrick,1941-07-25,Male,Sanchezside,2024-03-26,2025-03-26,Monthly,0,0.4433968329450412,44.34,44.34,Medium,About to Leave,0.7232,0.11622222222222223,1,0,0,0,-20,4.1,0,0,Send renewal reminder | Offer Annual Plan discount | Recommend personalized content,
1819,1820,Annette Green,schroederandrea@example.com,schroederandrea,1936-04-06,Female,East Tanya,2024-02-20,2025-02-19,Monthly,0,0.618489300794061,61.85,61.85,Medium,About to Leave,0.6684,0.10866666666666668,1,0,0,1,-55,4.2,1,0,Send renewal reminder | Offer Annual Plan discount | Trigger engagement campaign | Recommend personalized content,
1820,1821,James Avery,ydixon@example.org,ydixon,1971-07-21,Female,North Jay,2024-01-10,2025-01-09,Annual,0,0.41238916604186304,41.24,41.24,Medium,About to Leave,0.6976,0.09790476190476191,0,0,1,0,-96,3.8,0,0,Send renewal reminder | Assign priority support | Recommend personalized content,
1821,1822,Brandy Contreras,twhite@example.org,twhite,1986-01-25,Female,Frankburgh,2024-03-31,2025-03-31,Monthly,0,0.5952485450218159,59.52,59.52,Medium,About to Leave,0.6724000000000001,0.0757037037037037,1,0,1,0,-15,3.7,1,0,Send renewal reminder | Offer Annual Plan discount | Assign priority support | Recommend personalized content,
1822,1823,Gary Oliver,carol91@example.org,carol91,1943-02-05,Female,Lake Rachel,2024-04-09,2025-04-09,Monthly,0,0.41271015112368176,41.27,41.27,Medium,About to Leave,0.78,0.6000000000000001,1,0,0,0,-6,5.0,0,0,Send renewal reminder | Offer Annual Plan discount | Recommend personalized content,
1823,1824,John Reed,john80@example.net,john80,1942-09-01,Male,North Amy,2024-02-04,2025-02-03,Monthly,0,0.48756289686341614,48.76,48.76,Medium,About to Leave,0.6624,0.09133333333333334,1,0,0,0,-71,3.7,1,0,Send renewal reminder | Offer Annual Plan discount | Recommend personalized content,
1824,1825,Amy Harris,manuel92@example.org,manuel92,1960-09-17,Male,Port Brad,2024-03-20,2025-03-20,Monthly,0,0.4261863964487465,42.62,42.62,Medium,About to Leave,0.7636000000000001,0.23511111111111113,1,0,0,0,-26,4.3,0,0,Send renewal reminder | Offer Annual Plan discount | Recommend personalized content,
1825,1826,William Warner,wreyes@example.net,wreyes,1937-06-09,Male,Port Colinchester,2024-04-07,2025-04-07,Annual,0,0.4257836737779531,42.58,42.58,Medium,About to Leave,0.7140000000000001,0.44666666666666666,0,0,0,1,-8,4.5,0,0,Send renewal reminder | Trigger engagement campaign | Recommend personalized content,
1826,1827,Steven Delgado,vanessakim@example.net,vanessakim,1975-10-03,Female,Myersbury,2024-02-14,2025-02-13,Monthly,0,0.5484179309544294,54.84,54.84,Medium,About to Leave,0.7796,0.10733333333333334,1,0,1,0,-61,4.8,1,0,Send renewal reminder | Offer Annual Plan discount | Assign priority support | Recommend personalized content,
1827,1828,Jane Smith,spenceravila@example.net,spenceravila,1933-09-21,Female,South William,2024-04-03,2025-04-03,Monthly,0,0.6583878043240685,65.84,65.84,High,About to Leave,0.612,0.06777777777777777,1,0,0,1,-12,3.5,1,0,Send renewal reminder | Offer Annual Plan discount | Trigger engagement campaign | Recommend personalized content,
1828,1829,Michael Hampton,aatkinson@example.com,aatkinson,1965-11-19,Female,Lawrencehaven,2024-03-15,2025-03-15,Annual,0,0.43131221849610885,43.13,43.13,Medium,About to Leave,0.7072,0.09007407407407408,0,0,1,0,-31,3.6,0,0,Send renewal reminder | Assign priority support | Recommend personalized content,
1829,1830,Joseph Brown,shortdavid@example.com,shortdavid,1967-05-07,Female,Williamsmouth,2024-04-14,2025-04-14,Annual,0,0.2603149503244224,26.03,26.03,Low,Loyal,0.7544000000000001,0.29400000000000004,0,0,0,0,-1,4.7,0,0,Send renewal reminder | Recommend personalized content,Recommend premium Drama bundle | Recommend reading/documentary combo | Recommend mobile premium pack
1830,1831,John Newman,katherine26@example.net,katherine26,1991-12-19,Male,West Jenniferport,2024-01-18,2025-01-17,Annual,0,0.4278081426470207,42.78,42.78,Medium,About to Leave,0.7168000000000001,0.11466666666666668,0,0,1,0,-88,3.4,0,0,Send renewal reminder | Assign priority support | Collect feedback and offer service recovery | Recommend personalized content,
1831,1832,Elizabeth Cantrell,josephlewis@example.net,josephlewis,1971-07-07,Male,East Valerieside,2024-04-01,2025-04-01,Monthly,0,0.6126560645055013,61.27,61.27,Medium,About to Leave,0.6064,0.05866666666666667,1,0,1,0,-14,3.2,1,0,Send renewal reminder | Offer Annual Plan discount | Assign priority support | Collect feedback and offer service recovery | Recommend personalized content,
1832,1833,Brian Oliver,georgeandrea@example.org,georgeandrea,1939-08-08,Female,Teresamouth,2024-01-24,2025-01-23,Monthly,0,0.40081389138256895,40.08,40.08,Medium,About to Leave,0.8348000000000001,0.2875555555555556,1,0,0,0,-82,4.9,0,0,Send renewal reminder | Offer Annual Plan discount | Recommend personalized content,
1833,1834,Jenna Chapman,ucervantes@example.com,ucervantes,1964-06-05,Male,Bellview,2024-04-10,2025-04-10,Annual,0,0.2655893964497309,26.56,26.56,Low,Loyal,0.8232,0.24100000000000002,0,0,0,0,-5,4.1,0,0,Send renewal reminder | Recommend personalized content,Recommend premium Comedy bundle | Recommend premium device streaming bundle | Recommend offline mobile viewing pack | Offer loyalty reward / premium upsell
1834,1835,Patricia Williams,allendenise@example.net,allendenise,1947-01-07,Male,Johnmouth,2024-04-05,2025-04-05,Monthly,0,0.46766394929533556,46.77,46.77,Medium,About to Leave,0.7172,0.16933333333333334,1,0,0,0,-10,3.6,0,0,Send renewal reminder | Offer Annual Plan discount | Recommend personalized content,
1835,1836,James Davis,jessicafernandez@example.org,jessicafernandez,1940-06-26,Male,Benitezburgh,2024-02-21,2025-02-20,Annual,0,0.41148062018997544,41.15,41.15,Medium,About to Leave,0.74,0.08148148148148149,0,0,1,0,-54,5.0,0,0,Send renewal reminder | Assign priority support | Recommend personalized content,
1836,1837,Michelle Ross,mgraham@example.org,mgraham,1999-09-18,Female,Robertfurt,2024-02-10,2025-02-09,Monthly,0,0.4474884190011599,44.75,44.75,Medium,About to Leave,0.7644000000000001,0.14426666666666668,1,0,0,0,-65,4.7,0,0,Send renewal reminder | Offer Annual Plan discount | Recommend personalized content,
1837,1838,Ashley Walker,dennis87@example.com,dennis87,1999-06-11,Female,New Brandiberg,2024-04-12,2025-04-12,Annual,0,0.31869163212414603,31.87,31.87,Low,About to Leave,0.7024,0.11355555555555556,0,0,0,0,-3,3.7,0,0,Send renewal reminder | Recommend personalized content,
1838,1839,Kevin Miller,victoria68@example.net,victoria68,1972-10-09,Male,Port Elizabethside,2024-01-16,2025-01-15,Monthly,0,0.6505333447676781,65.05,65.05,High,About to Leave,0.6020000000000001,0.049090909090909095,1,0,1,0,-90,3.5,1,0,Send renewal reminder | Offer Annual Plan discount | Assign priority support | Recommend personalized content,
1839,1840,Tina Walsh,hawkinsedward@example.com,hawkinsedward,1967-09-03,Female,Moorestad,2024-02-20,2025-02-19,Monthly,0,0.5327983360853183,53.28,53.28,Medium,About to Leave,0.8092,0.123,1,0,1,0,-55,4.6,1,0,Send renewal reminder | Offer Annual Plan discount | Assign priority support | Recommend personalized content,
1840,1841,Felicia Gonzales,robertlowery@example.net,robertlowery,1968-11-06,Female,New Nathanfurt,2024-01-02,2025-01-01,Monthly,1,0.7968124578355918,79.68,79.68,High,About to Leave,0.5564,0.039466666666666664,1,0,1,1,-104,3.2,1,1,Send renewal reminder | Offer Annual Plan discount | Assign priority support | Trigger engagement campaign | Collect feedback and offer service recovery | Recommend personalized content,
1841,1842,Andrew Walker,kenneth89@example.org,kenneth89,2004-06-03,Male,East Meaganview,2024-03-28,2025-03-28,Annual,0,0.42509555613725525,42.51,42.51,Medium,About to Leave,0.6991999999999999,0.06521212121212122,0,0,1,0,-18,4.6,0,0,Send renewal reminder | Assign priority support | Recommend personalized content,
1842,1843,Judy Hernandez,pcampos@example.net,pcampos,1943-09-10,Male,Lindsayburgh,2024-02-16,2025-02-15,Annual,0,0.32442638491817727,32.44,32.44,Low,About to Leave,0.7076,0.276,0,0,0,0,-59,3.8,0,0,Send renewal reminder | Recommend personalized content,
1843,1844,Amanda Jefferson,hsimpson@example.org,hsimpson,1970-05-23,Female,Lake Leslie,2024-01-28,2025-01-27,Annual,0,0.4285088897471243,42.85,42.85,Medium,About to Leave,0.6836000000000001,0.06412121212121212,0,0,1,0,-78,4.3,0,0,Send renewal reminder | Assign priority support | Recommend personalized content,
1844,1845,Laura Garner,zgregory@example.com,zgregory,1971-01-09,Female,Meyerton,2024-02-26,2025-02-25,Annual,0,0.43080471030540823,43.08,43.08,Medium,About to Leave,0.6836000000000001,0.06412121212121212,0,0,1,0,-49,4.3,0,0,Send renewal reminder | Assign priority support | Recommend personalized content,
1845,1846,Alexis Mueller,rebecca04@example.net,rebecca04,1964-10-12,Male,Webbville,2024-03-29,2025-03-29,Monthly,0,0.5812579740933707,58.13,58.13,Medium,About to Leave,0.6884000000000001,0.07013333333333334,1,0,1,0,-17,4.2,1,0,Send renewal reminder | Offer Annual Plan discount | Assign priority support | Recommend personalized content,
1846,1847,Anthony Roberts,hsanchez@example.net,hsanchez,1970-09-10,Female,New Nathanfurt,2024-04-12,2025-04-12,Annual,0,0.29347657033650376,29.35,29.35,Low,Loyal,0.7024,0.274,0,0,0,0,-3,3.7,0,0,Send renewal reminder | Recommend personalized content,Recommend premium Documentary bundle | Recommend lifestyle and family content pack | Recommend family multi-screen plan
1847,1848,Lauren Holmes,jeannemccormick@example.org,jeannemccormick,1952-12-04,Male,Chadtown,2024-01-07,2025-01-06,Annual,0,0.27173469012990137,27.17,27.17,Low,Loyal,0.81,0.14444444444444446,0,0,0,0,-99,5.0,0,0,Send renewal reminder | Recommend personalized content,Recommend premium Action bundle | Recommend lifestyle and family content pack | Recommend mobile premium pack | Offer loyalty reward / premium upsell
1848,1849,Cheyenne Johnson,riosolivia@example.net,riosolivia,1967-03-14,Female,South Josephfurt,2024-01-08,2025-01-07,Monthly,0,0.48602016400571135,48.6,48.6,Medium,About to Leave,0.6464,0.1056,1,0,0,0,-98,3.2,1,0,Send renewal reminder | Offer Annual Plan discount | Collect feedback and offer service recovery | Recommend personalized content,
1849,1850,Steven Higgins,griffindiane@example.net,griffindiane,1982-01-28,Male,Kimville,2024-04-09,2025-04-09,Annual,0,0.6648909526199235,66.49,66.49,High,About to Leave,0.5764,0.04933333333333333,0,0,1,1,-6,3.2,1,0,Send renewal reminder | Assign priority support | Trigger engagement campaign | Collect feedback and offer service recovery | Recommend personalized content,
1850,1851,Sabrina Wells,michelle05@example.com,michelle05,1949-11-11,Female,Jordanstad,2024-03-20,2025-03-20,Annual,0,0.2642349993704127,26.42,26.42,Low,Loyal,0.8200000000000001,0.7333333333333334,0,0,0,0,-26,5.0,0,0,Send renewal reminder | Recommend personalized content,Recommend premium Sci-Fi bundle | Recommend premium device streaming bundle | Recommend mobile premium pack | Offer loyalty reward / premium upsell
1851,1852,Thomas Brooks,tonisaunders@example.com,tonisaunders,2004-11-15,Female,West Cheryl,2024-04-11,2025-04-11,Annual,0,0.47138534032452145,47.14,47.14,Medium,About to Leave,0.6796000000000001,0.05920000000000001,0,0,1,0,-4,4.8,0,0,Send renewal reminder | Assign priority support | Recommend personalized content,
1852,1853,Heather Munoz,vmedina@example.org,vmedina,1964-08-05,Female,South Maryborough,2024-02-01,2025-01-31,Monthly,0,0.6252331711660646,62.52,62.52,Medium,About to Leave,0.6628000000000001,0.06266666666666666,1,0,1,0,-74,3.9,1,0,Send renewal reminder | Offer Annual Plan discount | Assign priority support | Recommend personalized content,
1853,1854,Anthony Webb,gilbertchelsea@example.net,gilbertchelsea,1948-04-14,Male,North Warren,2024-01-04,2025-01-03,Monthly,0,0.4086443206320101,40.86,40.86,Medium,About to Leave,0.7576,0.6853333333333333,1,0,0,0,-102,3.8,0,0,Send renewal reminder | Offer Annual Plan discount | Recommend personalized content,
1854,1855,Cameron Watkins,oray@example.com,oray,1988-06-05,Male,Lake Kathrynport,2024-02-05,2025-02-04,Annual,0,0.42980789730184116,42.98,42.98,Medium,About to Leave,0.6988000000000001,0.07093333333333333,0,0,1,0,-70,4.4,0,0,Send renewal reminder | Assign priority support | Recommend personalized content,
1855,1856,Nathan Sullivan MD,ryan35@example.org,ryan35,1987-05-03,Male,Philiphaven,2024-03-31,2025-03-31,Annual,0,0.2595270886871293,25.95,25.95,Low,Loyal,0.8444000000000002,0.8546666666666668,0,0,0,0,-15,4.7,0,0,Send renewal reminder | Recommend personalized content,Recommend premium Documentary bundle | Recommend premium device streaming bundle | Recommend offline mobile viewing pack | Offer loyalty reward / premium upsell
1856,1857,Elizabeth Garcia,nicholssean@example.org,nicholssean,1997-02-14,Male,Walshfort,2024-03-28,2025-03-28,Monthly,0,0.5904075117916207,59.04,59.04,Medium,About to Leave,0.7276000000000001,0.10233333333333335,1,0,1,0,-18,3.8,1,0,Send renewal reminder | Offer Annual Plan discount | Assign priority support | Recommend personalized content,
1857,1858,Steven Hoover,jacob74@example.com,jacob74,2004-05-23,Female,West Samanthastad,2024-02-23,2025-02-22,Monthly,0,0.4803931470759788,48.04,48.04,Medium,About to Leave,0.7316,0.15973333333333334,1,0,0,0,-52,3.3,1,0,Send renewal reminder | Offer Annual Plan discount | Collect feedback and offer service recovery | Recommend personalized content,
1858,1859,Nicholas Ortiz,mendezkathryn@example.com,mendezkathryn,1967-01-22,Female,Salinashaven,2024-01-27,2025-01-26,Annual,0,0.448418077422649,44.84,44.84,Medium,About to Leave,0.6268,0.067,0,0,1,0,-79,3.4,0,0,Send renewal reminder | Assign priority support | Collect feedback and offer service recovery | Recommend personalized content,
1859,1860,Michelle Costa,angelafisher@example.org,angelafisher,1978-04-16,Female,North Brianbury,2024-04-06,2025-04-06,Monthly,0,0.5603954202317574,56.04,56.04,Medium,About to Leave,0.7260000000000001,0.115,1,0,1,0,-9,3.0,1,0,Send renewal reminder | Offer Annual Plan discount | Assign priority support | Collect feedback and offer service recovery | Recommend personalized content,
1860,1861,Dustin Gardner,steventran@example.com,steventran,1998-05-11,Male,Ryanmouth,2024-03-21,2025-03-21,Monthly,0,0.40318256186380375,40.32,40.32,Medium,About to Leave,0.8544,0.24700000000000003,1,0,0,0,-25,4.7,0,0,Send renewal reminder | Offer Annual Plan discount | Recommend personalized content,
1861,1862,Jacqueline Wright,millersteven@example.net,millersteven,1997-04-11,Male,Kennedyfurt,2024-04-03,2025-04-03,Annual,0,0.44292554879896145,44.29,44.29,Medium,About to Leave,0.6836000000000001,0.06412121212121212,0,0,1,0,-12,4.3,0,0,Send renewal reminder | Assign priority support | Recommend personalized content,
1862,1863,Nicole Butler,edward48@example.net,edward48,1975-07-08,Female,Suttonfurt,2024-01-08,2025-01-07,Monthly,0,0.49764481745063754,49.76,49.76,Medium,About to Leave,0.6659999999999999,0.10888888888888888,1,0,0,0,-98,3.0,1,0,Send renewal reminder | Offer Annual Plan discount | Collect feedback and offer service recovery | Recommend personalized content,
1863,1864,Matthew Davidson,millertimothy@example.net,millertimothy,1982-07-27,Female,Port Jamesberg,2024-03-10,2025-03-10,Annual,0,0.26765072163713144,26.77,26.77,Low,Loyal,0.8328000000000001,0.47800000000000004,0,0,0,0,-36,3.9,0,0,Send renewal reminder | Recommend personalized content,Recommend premium Comedy bundle | Recommend lifestyle and family content pack | Recommend offline mobile viewing pack | Offer loyalty reward / premium upsell
1864,1865,Charles Morris,meyerdaniel@example.net,meyerdaniel,1950-05-24,Female,Jamesberg,2024-01-30,2025-01-29,Monthly,0,0.4216655916790052,42.17,42.17,Medium,About to Leave,0.8032,0.4153333333333334,1,0,0,0,-76,4.1,0,0,Send renewal reminder | Offer Annual Plan discount | Recommend personalized content,
1865,1866,James Clark,ktodd@example.org,ktodd,1961-09-01,Female,West Bethhaven,2024-02-18,2025-02-17,Annual,0,0.2646894695458925,26.47,26.47,Low,Loyal,0.7991999999999999,0.7173333333333334,0,0,0,0,-57,4.6,0,0,Send renewal reminder | Recommend personalized content,Recommend premium Comedy bundle | Recommend premium device streaming bundle | Recommend offline mobile viewing pack | Offer loyalty reward / premium upsell
1866,1867,Donna Jackson,chapmandonald@example.org,chapmandonald,1973-09-12,Female,Washingtonstad,2024-02-29,2025-02-28,Annual,0,0.28065104874848024,28.07,28.07,Low,Loyal,0.8291999999999999,0.164,0,0,0,0,-46,4.6,0,0,Send renewal reminder | Recommend personalized content,Recommend premium Sci-Fi bundle | Recommend reading/documentary combo | Recommend offline mobile viewing pack | Offer loyalty reward / premium upsell
1867,1868,James Lutz,callahanyolanda@example.org,callahanyolanda,1990-11-21,Female,New Ashley,2024-01-26,2025-01-25,Annual,0,0.27431465142214134,27.43,27.43,Low,Loyal,0.8136,0.162,0,0,0,0,-80,4.3,0,0,Send renewal reminder | Recommend personalized content,Recommend reading/documentary combo | Recommend mobile premium pack | Offer loyalty reward / premium upsell
1868,1869,Deborah Cardenas,markrodriguez@example.org,markrodriguez,1933-11-24,Female,Roachshire,2024-03-12,2025-03-12,Annual,0,0.2932936160594864,29.33,29.33,Low,Loyal,0.7672,0.27022222222222225,0,0,0,0,-34,3.6,0,0,Send renewal reminder | Recommend personalized content,Recommend premium Drama bundle | Recommend lifestyle and family content pack | Recommend offline mobile viewing pack | Offer loyalty reward / premium upsell
1869,1870,Heather Gonzalez,michael80@example.org,michael80,1986-02-26,Female,Port David,2024-01-31,2025-01-30,Monthly,0,0.6247349995116308,62.47,62.47,Medium,About to Leave,0.6528,0.0695,1,0,1,0,-75,3.9,1,0,Send renewal reminder | Offer Annual Plan discount | Assign priority support | Recommend personalized content,
1870,1871,John Dunn,justin64@example.net,justin64,1982-02-18,Male,Davisport,2024-02-29,2025-02-28,Annual,0,0.27883487421601205,27.88,27.88,Low,Loyal,0.7916,0.3106666666666667,0,0,0,0,-46,3.3,0,0,Send renewal reminder | Collect feedback and offer service recovery | Recommend personalized content,Recommend lifestyle and family content pack | Recommend mobile premium pack | Offer loyalty reward / premium upsell
1871,1872,Megan Arias,laurie50@example.net,laurie50,1991-04-16,Male,New Kennethville,2024-02-27,2025-02-26,Annual,0,0.4945839774146991,49.46,49.46,Medium,About to Leave,0.6012,0.058222222222222224,0,0,1,0,-48,3.1,1,0,Send renewal reminder | Assign priority support | Collect feedback and offer service recovery | Recommend personalized content,
1872,1873,George Dean,wilsonjames@example.com,wilsonjames,1997-09-07,Male,Lake Courtneyville,2024-03-04,2025-03-04,Annual,0,0.46822407179227593,46.82,46.82,Medium,About to Leave,0.6332000000000001,0.051272727272727275,0,0,1,0,-42,4.1,0,0,Send renewal reminder | Assign priority support | Recommend personalized content,
1873,1874,Brian Rogers,cynthiawelch@example.net,cynthiawelch,1942-08-28,Male,Port Brandiport,2024-03-18,2025-03-18,Annual,0,0.44547576890374424,44.55,44.55,Medium,About to Leave,0.6836,0.08171428571428573,0,0,1,0,-28,4.3,0,0,Send renewal reminder | Assign priority support | Recommend personalized content,
1874,1875,Travis Conrad,samueltownsend@example.com,samueltownsend,1944-12-18,Female,Angelaview,2024-03-10,2025-03-10,Monthly,0,0.44279854079511183,44.28,44.28,Medium,About to Leave,0.7691999999999999,0.17933333333333334,1,0,0,0,-36,4.6,0,0,Send renewal reminder | Offer Annual Plan discount | Recommend personalized content,
1875,1876,Sandra Larson,susanrojas@example.net,susanrojas,1998-09-12,Male,Johnbury,2024-02-25,2025-02-24,Annual,0,0.33930306533656696,33.93,33.93,Low,About to Leave,0.6312,0.08733333333333333,0,0,0,0,-50,3.1,0,0,Send renewal reminder | Collect feedback and offer service recovery | Recommend personalized content,
1876,1877,Julia Chambers,karenrodriguez@example.org,karenrodriguez,2003-06-21,Female,Garrettland,2024-01-01,2024-12-31,Annual,0,0.24841082175217805,24.84,24.84,Low,Loyal,0.8436,0.324,0,0,0,0,-105,4.3,0,0,Send renewal reminder | Recommend personalized content,Recommend premium Action bundle | Recommend premium device streaming bundle | Recommend family multi-screen plan | Offer loyalty reward / premium upsell
1877,1878,Michael Harmon,waynepearson@example.net,waynepearson,1995-09-16,Female,Thompsonton,2024-03-11,2025-03-11,Monthly,0,0.38242663815026173,38.24,38.24,Medium,About to Leave,0.8448000000000001,0.4313333333333334,1,0,0,0,-35,4.9,0,0,Send renewal reminder | Offer Annual Plan discount | Recommend personalized content,
1878,1879,Brittany Atkins,wrice@example.net,wrice,1973-04-08,Male,Huntmouth,2024-04-05,2025-04-05,Monthly,0,0.4953390552243556,49.53,49.53,Medium,About to Leave,0.6416,0.08866666666666667,1,0,0,0,-10,3.3,1,0,Send renewal reminder | Offer Annual Plan discount | Collect feedback and offer service recovery | Recommend personalized content,
1879,1880,Kyle Collins,christopher61@example.net,christopher61,1935-06-24,Male,West Molly,2024-04-10,2025-04-10,Monthly,0,0.4808379050665531,48.08,48.08,Medium,About to Leave,0.6728,0.09266666666666667,1,0,0,0,-5,3.9,1,0,Send renewal reminder | Offer Annual Plan discount | Recommend personalized content,
1880,1881,Heather Green,vincentschultz@example.org,vincentschultz,1992-11-04,Female,South Kathleen,2024-03-27,2025-03-27,Annual,0,0.2830110771319721,28.3,28.3,Low,Loyal,0.7891999999999999,0.14177777777777778,0,0,0,0,-19,4.6,0,0,Send renewal reminder | Recommend personalized content,Recommend lifestyle and family content pack | Recommend offline mobile viewing pack | Offer loyalty reward / premium upsell
1881,1882,Dr. Eric Moore,john38@example.net,john38,1970-04-26,Male,West Destinymouth,2024-01-25,2025-01-24,Monthly,0,0.4452968388312244,44.53,44.53,Medium,About to Leave,0.756,0.7866666666666667,1,0,0,0,-81,3.0,0,0,Send renewal reminder | Offer Annual Plan discount | Collect feedback and offer service recovery | Recommend personalized content,
1882,1883,April Henderson,connor13@example.net,connor13,1949-03-17,Male,Johnborough,2024-03-19,2025-03-19,Annual,0,0.2917936898318172,29.18,29.18,Low,Loyal,0.7948000000000001,0.24311111111111114,0,0,0,0,-27,4.9,0,0,Send renewal reminder | Recommend personalized content,Recommend premium Comedy bundle | Recommend premium device streaming bundle | Recommend offline mobile viewing pack | Offer loyalty reward / premium upsell
1883,1884,Daniel Long,meganking@example.org,meganking,1963-10-07,Female,North Tracy,2024-02-25,2025-02-24,Annual,0,0.2675660543372763,26.76,26.76,Low,Loyal,0.8144000000000001,0.2136666666666667,0,0,0,0,-50,4.7,0,0,Send renewal reminder | Recommend personalized content,Recommend premium Sci-Fi bundle | Recommend premium device streaming bundle | Recommend mobile premium pack | Offer loyalty reward / premium upsell
1884,1885,Gary Grant,joemaxwell@example.net,joemaxwell,1947-02-25,Male,Lisafurt,2024-01-02,2025-01-01,Monthly,0,0.6066396068854241,60.66,60.66,Medium,About to Leave,0.6536000000000001,0.05720000000000001,1,0,1,0,-104,4.3,1,0,Send renewal reminder | Offer Annual Plan discount | Assign priority support | Recommend personalized content,
1885,1886,Adam Miller,tduffy@example.net,tduffy,1973-12-28,Male,Lake Edwardmouth,2024-01-13,2025-01-12,Annual,0,0.38988661791101853,38.99,38.99,Medium,About to Leave,0.748,0.11809523809523811,0,0,1,0,-93,4.0,0,0,Send renewal reminder | Assign priority support | Recommend personalized content,
1886,1887,Mary Jones,dford@example.com,dford,1951-06-11,Female,Kathyfurt,2024-02-25,2025-02-24,Annual,0,0.45389627790148,45.39,45.39,Medium,About to Leave,0.6368,0.07657142857142858,0,0,1,0,-50,3.4,0,0,Send renewal reminder | Assign priority support | Collect feedback and offer service recovery | Recommend personalized content,
1887,1888,Tammy Chandler,thughes@example.com,thughes,1988-06-03,Female,Danielleburgh,2024-01-08,2025-01-07,Monthly,0,0.5978302192443141,59.78,59.78,Medium,About to Leave,0.6668000000000001,0.08366666666666667,1,0,1,0,-98,3.4,1,0,Send renewal reminder | Offer Annual Plan discount | Assign priority support | Collect feedback and offer service recovery | Recommend personalized content,
1888,1889,Kaitlyn Harrison,jonesmichael@example.net,jonesmichael,1963-04-25,Male,Stewartberg,2024-01-20,2025-01-19,Annual,0,0.30779551894405643,30.78,30.78,Low,About to Leave,0.7836000000000001,0.16773333333333335,0,0,0,0,-86,4.3,0,0,Send renewal reminder | Recommend personalized content,
1889,1890,Elizabeth Strickland,trevor54@example.com,trevor54,1992-05-23,Female,Barkerchester,2024-03-12,2025-03-12,Annual,0,0.4115221569758924,41.15,41.15,Medium,About to Leave,0.7316,0.10355555555555557,0,0,1,0,-34,3.3,0,0,Send renewal reminder | Assign priority support | Collect feedback and offer service recovery | Recommend personalized content,
1890,1891,Scott Morrison,jacqueline84@example.com,jacqueline84,2003-10-23,Male,Rothside,2024-02-27,2025-02-26,Annual,0,0.4108844518846684,41.09,41.09,Medium,About to Leave,0.7944000000000001,0.09880000000000001,0,0,1,0,-48,4.7,0,0,Send renewal reminder | Assign priority support | Recommend personalized content,
1891,1892,Julie Perry,fordjoseph@example.net,fordjoseph,1988-10-25,Male,South Melanie,2024-03-01,2025-03-01,Annual,0,0.2907208419464121,29.07,29.07,Low,Loyal,0.7632,0.3486666666666667,0,0,0,0,-45,4.1,0,0,Send renewal reminder | Recommend personalized content,Recommend lifestyle and family content pack | Recommend offline mobile viewing pack | Offer loyalty reward / premium upsell
1892,1893,Alexandra Barnes,alvaradojohn@example.org,alvaradojohn,1990-11-17,Female,Lisamouth,2024-02-23,2025-02-22,Annual,0,0.3428493363371811,34.28,34.28,Low,About to Leave,0.6832,0.09400000000000001,0,0,0,0,-52,4.1,0,0,Send renewal reminder | Recommend personalized content,
1893,1894,Caleb Hernandez,catherinewalker@example.org,catherinewalker,1957-03-28,Male,Port Katherineview,2024-01-17,2025-01-16,Monthly,0,0.4292886549911946,42.93,42.93,Medium,About to Leave,0.7236,0.19066666666666668,1,0,0,0,-89,4.3,0,0,Send renewal reminder | Offer Annual Plan discount | Recommend personalized content,
1894,1895,Kimberly James,walterbenson@example.org,walterbenson,1937-08-28,Male,New Kathyton,2024-01-07,2025-01-06,Annual,0,0.4892457074944595,48.92,48.92,Medium,About to Leave,0.6072000000000001,0.04945454545454546,0,0,1,0,-99,3.6,1,0,Send renewal reminder | Assign priority support | Recommend personalized content,
1895,1896,Jessica Wu,pottsfrances@example.net,pottsfrances,1938-11-08,Female,Shannonport,2024-03-26,2025-03-26,Annual,0,0.44912101782345365,44.91,44.91,Medium,About to Leave,0.6828000000000001,0.0765925925925926,0,0,1,0,-20,3.9,0,0,Send renewal reminder | Assign priority support | Recommend personalized content,
1896,1897,Crystal Walker,waltersapril@example.net,waltersapril,1948-09-06,Male,Jamiestad,2024-01-07,2025-01-06,Monthly,0,0.43932546998155547,43.93,43.93,Medium,About to Leave,0.7876000000000001,0.4093333333333334,1,0,0,0,-99,3.8,0,0,Send renewal reminder | Offer Annual Plan discount | Recommend personalized content,
1897,1898,Mary Martin,pwilliams@example.net,pwilliams,1963-07-21,Male,Lake Christopher,2024-01-31,2025-01-30,Annual,0,0.4355447012852116,43.55,43.55,Medium,About to Leave,0.6940000000000001,0.06484848484848485,0,0,1,0,-75,4.5,0,0,Send renewal reminder | Assign priority support | Recommend personalized content,
1898,1899,David Cook,nmartinez@example.net,nmartinez,1999-03-13,Male,North Natalie,2024-02-27,2025-02-26,Annual,0,0.38675184238895205,38.68,38.68,Medium,About to Leave,0.7648000000000001,0.08626666666666669,0,0,1,0,-48,4.9,0,0,Send renewal reminder | Assign priority support | Recommend personalized content,
1899,1900,Sharon Jordan,john88@example.org,john88,1962-11-20,Female,Ericmouth,2024-04-08,2025-04-08,Monthly,0,0.552391084124416,55.24,55.24,Medium,About to Leave,0.7844000000000001,0.08981818181818182,1,0,1,0,-7,4.7,1,0,Send renewal reminder | Offer Annual Plan discount | Assign priority support | Recommend personalized content,
1900,1901,Lori Garcia,guzmandaniel@example.com,guzmandaniel,1965-12-05,Male,Osbornebury,2024-01-17,2025-01-16,Monthly,0,0.41307342023088195,41.31,41.31,Medium,About to Leave,0.784,0.14111111111111113,1,0,0,0,-89,4.5,0,0,Send renewal reminder | Offer Annual Plan discount | Recommend personalized content,
1901,1902,Joseph Cruz,lisadiaz@example.net,lisadiaz,1952-07-19,Male,Port Andrea,2024-01-07,2025-01-06,Annual,0,0.45280912956027564,45.28,45.28,Medium,About to Leave,0.7220000000000001,0.08545454545454546,0,0,1,0,-99,3.5,0,0,Send renewal reminder | Assign priority support | Recommend personalized content,
1902,1903,Benjamin Jones,davisdominique@example.com,davisdominique,1985-08-01,Male,Port Kelly,2024-01-10,2025-01-09,Monthly,0,0.5825504273384502,58.26,58.26,Medium,About to Leave,0.7544000000000002,0.08546666666666668,1,0,1,0,-96,4.7,1,0,Send renewal reminder | Offer Annual Plan discount | Assign priority support | Recommend personalized content,
1903,1904,Andrew Figueroa,turnernichole@example.net,turnernichole,1994-01-04,Male,South Austin,2024-03-12,2025-03-12,Annual,0,0.463546235956662,46.35,46.35,Medium,About to Leave,0.7,0.09333333333333334,0,0,0,1,-34,5.0,0,0,Send renewal reminder | Trigger engagement campaign | Recommend personalized content,
1904,1905,Dylan Wright,brandonscott@example.com,brandonscott,1943-11-03,Male,Tannerton,2024-01-03,2025-01-02,Annual,0,0.40922059561009805,40.92,40.92,Medium,About to Leave,0.748,0.11809523809523811,0,0,1,0,-103,4.0,0,0,Send renewal reminder | Assign priority support | Recommend personalized content,
1905,1906,Virginia Little,hlong@example.org,hlong,1989-01-24,Male,North Biancamouth,2024-02-12,2025-02-11,Annual,0,0.5855918205910129,58.56,58.56,Medium,About to Leave,0.6548,0.05140740740740741,0,0,1,1,-63,4.9,1,0,Send renewal reminder | Assign priority support | Trigger engagement campaign | Recommend personalized content,
1906,1907,Cheryl Juarez,nglover@example.net,nglover,1965-06-29,Female,Elizabethton,2024-01-30,2025-01-29,Monthly,0,0.6170383722473368,61.7,61.7,Medium,About to Leave,0.6724000000000001,0.0757037037037037,1,0,1,0,-76,3.7,1,0,Send renewal reminder | Offer Annual Plan discount | Assign priority support | Recommend personalized content,
1907,1908,Richard Anderson,doristaylor@example.net,doristaylor,1994-07-25,Female,Bowenland,2024-04-07,2025-04-07,Monthly,0,0.4469968074588921,44.7,44.7,Medium,About to Leave,0.7016,0.16633333333333333,1,0,0,0,-8,3.3,0,0,Send renewal reminder | Offer Annual Plan discount | Collect feedback and offer service recovery | Recommend personalized content,
1908,1909,Laura Cortez,mercedes97@example.org,mercedes97,1989-03-28,Female,New Jefferyport,2024-02-13,2025-02-12,Monthly,0,0.4254162448973763,42.54,42.54,Medium,About to Leave,0.7372,0.33866666666666667,1,0,0,0,-62,3.6,0,0,Send renewal reminder | Offer Annual Plan discount | Recommend personalized content,
1909,1910,Barbara Kaiser,tinalawrence@example.net,tinalawrence,1968-03-12,Male,Jordantown,2024-04-03,2025-04-03,Annual,0,0.2618167374706749,26.18,26.18,Low,Loyal,0.7576,0.6853333333333333,0,0,0,0,-12,3.8,0,0,Send renewal reminder | Recommend personalized content,Recommend premium Documentary bundle | Recommend premium device streaming bundle | Recommend offline mobile viewing pack
1910,1911,Ashley Griffith,wolfalejandro@example.org,wolfalejandro,1964-04-03,Male,Patrickbury,2024-01-26,2025-01-25,Annual,0,0.4023575409529855,40.24,40.24,Medium,About to Leave,0.7136000000000001,0.08816666666666667,0,0,1,0,-80,4.3,0,0,Send renewal reminder | Assign priority support | Recommend personalized content,
1911,1912,Andrew Vasquez,austincrosby@example.net,austincrosby,2004-03-04,Male,Millerland,2024-01-01,2024-12-31,Annual,0,0.4325305874729467,43.25,43.25,Medium,About to Leave,0.7040000000000001,0.07133333333333333,0,0,1,0,-105,4.5,0,0,Send renewal reminder | Assign priority support | Recommend personalized content,
1912,1913,Thomas Salazar,tiffany45@example.com,tiffany45,1948-09-04,Male,Port Melissa,2024-02-19,2025-02-18,Annual,0,0.43307406729289033,43.31,43.31,Medium,About to Leave,0.7140000000000001,0.44666666666666666,0,0,0,1,-56,4.5,0,0,Send renewal reminder | Trigger engagement campaign | Recommend personalized content,
1913,1914,Aaron Wilson,afisher@example.com,afisher,1984-09-25,Male,Jamesborough,2024-01-06,2025-01-05,Monthly,0,0.42528729085298467,42.53,42.53,Medium,About to Leave,0.7832,0.2076666666666667,1,0,0,0,-100,4.1,0,0,Send renewal reminder | Offer Annual Plan discount | Recommend personalized content,
1914,1915,Joseph Salazar,stacylopez@example.org,stacylopez,1956-10-18,Female,Port Theresaberg,2024-02-05,2025-02-04,Annual,0,0.31560948731850225,31.56,31.56,Low,About to Leave,0.754,0.14266666666666666,0,0,0,0,-70,4.5,0,0,Send renewal reminder | Recommend personalized content,
1915,1916,Jacob Figueroa,hmiller@example.com,hmiller,1986-08-05,Female,Nathanielhaven,2024-03-01,2025-03-01,Monthly,0,0.49979280904825646,49.98,49.98,Medium,About to Leave,0.6416,0.08866666666666667,1,0,0,0,-45,3.3,1,0,Send renewal reminder | Offer Annual Plan discount | Collect feedback and offer service recovery | Recommend personalized content,
1916,1917,Angel Adams,shawfrederick@example.net,shawfrederick,1935-12-08,Female,North Ronald,2024-01-22,2025-01-21,Monthly,0,0.5162974466081233,51.63,51.63,Medium,About to Leave,0.6467999999999999,0.08933333333333333,1,0,0,0,-84,3.4,1,0,Send renewal reminder | Offer Annual Plan discount | Collect feedback and offer service recovery | Recommend personalized content,
1917,1918,Tracy Mitchell,larry72@example.net,larry72,1949-04-30,Male,New Suzanneburgh,2024-01-28,2025-01-27,Annual,0,0.3503305066702467,35.03,35.03,Medium,About to Leave,0.6512,0.131,0,0,0,0,-78,3.1,0,0,Send renewal reminder | Collect feedback and offer service recovery | Recommend personalized content,
1918,1919,John Lawrence,jason25@example.net,jason25,1973-11-09,Male,Munozshire,2024-01-10,2025-01-09,Monthly,0,0.409877637493796,40.99,40.99,Medium,About to Leave,0.8448000000000001,0.4313333333333334,1,0,0,0,-96,4.9,0,0,Send renewal reminder | Offer Annual Plan discount | Recommend personalized content,
1919,1920,Desiree Phillips,jasongutierrez@example.com,jasongutierrez,1955-07-30,Female,North Mariestad,2024-03-10,2025-03-10,Monthly,0,0.5871574622853784,58.72,58.72,Medium,About to Leave,0.7028000000000001,0.09847619047619048,1,0,1,0,-36,3.9,1,0,Send renewal reminder | Offer Annual Plan discount | Assign priority support | Recommend personalized content,
1920,1921,Patricia Parker,paynebill@example.net,paynebill,1988-01-21,Male,Annafort,2024-03-06,2025-03-06,Annual,0,0.3277442976424955,32.77,32.77,Low,About to Leave,0.726,0.19666666666666668,0,0,0,0,-40,3.0,0,0,Send renewal reminder | Collect feedback and offer service recovery | Recommend personalized content,
1921,1922,Danielle Mckenzie,silvashane@example.com,silvashane,1973-06-16,Female,Crawfordtown,2024-01-25,2025-01-24,Monthly,0,0.5736683467649714,57.37,57.37,Medium,About to Leave,0.7272000000000001,0.08581818181818182,1,0,1,0,-81,3.6,1,0,Send renewal reminder | Offer Annual Plan discount | Assign priority support | Recommend personalized content,
1922,1923,John Dunn,richardsonmark@example.net,richardsonmark,2003-03-26,Female,Reedview,2024-03-16,2025-03-16,Monthly,0,0.42433285190281744,42.43,42.43,Medium,About to Leave,0.7664000000000001,0.7946666666666667,1,0,0,0,-30,3.2,0,0,Send renewal reminder | Offer Annual Plan discount | Collect feedback and offer service recovery | Recommend personalized content,
1923,1924,Carol Graham,wturner@example.net,wturner,1942-02-16,Female,South Danielle,2024-04-09,2025-04-09,Monthly,0,0.5373867937899741,53.74,53.74,Medium,About to Leave,0.8244,0.14114285714285715,1,0,1,0,-6,4.7,1,0,Send renewal reminder | Offer Annual Plan discount | Assign priority support | Recommend personalized content,
1924,1925,Sydney Smith,ecoleman@example.net,ecoleman,2001-11-20,Female,Cooperton,2024-01-13,2025-01-12,Annual,0,0.29871705855152686,29.87,29.87,Low,Loyal,0.722,0.22444444444444445,0,0,0,0,-93,3.5,0,0,Send renewal reminder | Recommend personalized content,Recommend reading/documentary combo | Recommend mobile premium pack
1925,1926,Kathryn Kelly,nataliewatson@example.com,nataliewatson,1938-04-05,Female,New Wesley,2024-01-10,2025-01-09,Annual,0,0.2531029691778163,25.31,25.31,Low,Loyal,0.8699999999999999,0.25,0,0,0,0,-96,5.0,0,0,Send renewal reminder | Recommend personalized content,Recommend premium Comedy bundle | Recommend reading/documentary combo | Recommend mobile premium pack | Offer loyalty reward / premium upsell
1926,1927,Rebecca Sanchez,susan44@example.com,susan44,1974-11-08,Male,East Thomas,2024-01-20,2025-01-19,Monthly,0,0.5463285741651056,54.63,54.63,Medium,About to Leave,0.742,0.10444444444444445,1,0,1,0,-86,3.5,1,0,Send renewal reminder | Offer Annual Plan discount | Assign priority support | Recommend personalized content,
1927,1928,Heather Jones,ryan53@example.com,ryan53,1939-03-19,Male,Port James,2024-03-23,2025-03-23,Monthly,0,0.4688699023168446,46.89,46.89,Medium,About to Leave,0.7116,0.22177777777777777,1,0,0,0,-23,3.3,0,0,Send renewal reminder | Offer Annual Plan discount | Collect feedback and offer service recovery | Recommend personalized content,
1928,1929,Isaac Medina,john96@example.net,john96,1985-03-24,Male,Zacharyside,2024-01-23,2025-01-22,Monthly,0,0.5591930830190365,55.92,55.92,Medium,About to Leave,0.8040000000000002,0.12250000000000001,1,0,1,0,-83,4.5,1,0,Send renewal reminder | Offer Annual Plan discount | Assign priority support | Recommend personalized content,
1929,1930,Sean Jacobs,amanda73@example.net,amanda73,1996-01-18,Male,Claytonberg,2024-02-16,2025-02-15,Monthly,0,0.44905377923224454,44.91,44.91,Medium,About to Leave,0.7432,0.17433333333333334,1,0,0,0,-59,4.1,0,0,Send renewal reminder | Offer Annual Plan discount | Recommend personalized content,
1930,1931,Cassandra Rosario,jordangarner@example.net,jordangarner,2006-01-18,Male,Lake Christophermouth,2024-02-16,2025-02-15,Annual,0,0.3027306432292257,30.27,30.27,Low,About to Leave,0.7576,0.16373333333333334,0,0,0,0,-59,3.8,0,0,Send renewal reminder | Recommend personalized content,
1931,1932,Katelyn Peterson,troy82@example.org,troy82,1942-07-15,Female,Carterbury,2024-03-01,2025-03-01,Monthly,0,0.5810119952437547,58.1,58.1,Medium,About to Leave,0.7228000000000001,0.09140740740740742,1,0,1,0,-45,3.9,1,0,Send renewal reminder | Offer Annual Plan discount | Assign priority support | Recommend personalized content,
1932,1933,Zachary Garcia,timothypowell@example.com,timothypowell,1973-10-07,Male,Kellyfurt,2024-02-05,2025-02-04,Annual,0,0.30438718655711483,30.44,30.44,Low,About to Leave,0.7076,0.11422222222222222,0,0,0,0,-70,3.8,0,0,Send renewal reminder | Recommend personalized content,
1933,1934,Anthony Chavez,martincharles@example.org,martincharles,1947-09-06,Male,Lake Chris,2024-02-22,2025-02-21,Annual,0,0.4346433000259327,43.46,43.46,Medium,About to Leave,0.6784000000000001,0.06375757575757576,0,0,1,0,-53,4.2,0,0,Send renewal reminder | Assign priority support | Recommend personalized content,
1934,1935,John Morris,maxwelljohn@example.com,maxwelljohn,1969-08-07,Male,New Rachelton,2024-02-02,2025-02-01,Annual,0,0.47831927544759645,47.83,47.83,Medium,About to Leave,0.6524000000000001,0.06193939393939394,0,0,1,0,-73,3.7,1,0,Send renewal reminder | Assign priority support | Recommend personalized content,
1935,1936,Sean Greene,woodschelsea@example.com,woodschelsea,1951-07-03,Male,South Staceyshire,2024-01-31,2025-01-30,Annual,0,0.46166456185660854,46.17,46.17,Medium,About to Leave,0.6812,0.08785185185185186,0,0,1,0,-75,3.1,0,0,Send renewal reminder | Assign priority support | Collect feedback and offer service recovery | Recommend personalized content,
1936,1937,Lisa Kennedy,robinyoung@example.com,robinyoung,1997-05-09,Male,Leonardfort,2024-04-11,2025-04-11,Annual,0,0.4291947614809606,42.92,42.92,Medium,About to Leave,0.6796000000000001,0.05920000000000001,0,0,1,0,-4,4.8,0,0,Send renewal reminder | Assign priority support | Recommend personalized content,
1937,1938,Stephen Andrews,gtyler@example.net,gtyler,1993-04-01,Female,Longmouth,2024-02-10,2025-02-09,Annual,0,0.26910971136051387,26.91,26.91,Low,Loyal,0.7788,0.14044444444444446,0,0,0,0,-65,4.4,0,0,Send renewal reminder | Recommend personalized content,Recommend reading/documentary combo | Recommend offline mobile viewing pack | Offer loyalty reward / premium upsell
1938,1939,Nicholas Bell,bryanhunt@example.com,bryanhunt,1990-12-13,Female,East Jenniferberg,2024-03-24,2025-03-24,Annual,0,0.4412309018297786,44.12,44.12,Medium,About to Leave,0.6464000000000001,0.07348148148148148,0,0,1,0,-22,3.2,0,0,Send renewal reminder | Assign priority support | Collect feedback and offer service recovery | Recommend personalized content,
1939,1940,Joshua Garcia,steinjoseph@example.net,steinjoseph,1970-11-22,Male,Williamfurt,2024-03-28,2025-03-28,Annual,0,0.26825014460442004,26.83,26.83,Low,Loyal,0.772,0.4033333333333334,0,0,0,0,-18,3.5,0,0,Send renewal reminder | Recommend personalized content,Recommend premium Comedy bundle | Recommend reading/documentary combo | Recommend offline mobile viewing pack | Offer loyalty reward / premium upsell
1940,1941,Chelsea Scott,cblair@example.com,cblair,1956-07-01,Male,Lake Mary,2024-02-28,2025-02-27,Monthly,0,0.4571916598477684,45.72,45.72,Medium,About to Leave,0.7328,0.17233333333333334,1,0,0,0,-47,3.9,0,0,Send renewal reminder | Offer Annual Plan discount | Recommend personalized content,
1941,1942,Sean Thornton,greenjames@example.org,greenjames,1987-01-16,Male,West Kimton,2024-03-06,2025-03-06,Annual,0,0.2923999252250329,29.24,29.24,Low,Loyal,0.7512,0.154,0,0,0,0,-40,3.1,0,0,Send renewal reminder | Collect feedback and offer service recovery | Recommend personalized content,Recommend premium device streaming bundle | Recommend family multi-screen plan
1942,1943,Kristen Mendoza,deansteven@example.com,deansteven,1987-03-10,Female,Port Tylerbury,2024-03-15,2025-03-15,Monthly,0,0.6063407577693323,60.63,60.63,Medium,About to Leave,0.6768000000000001,0.09561904761904762,1,0,1,0,-31,3.4,1,0,Send renewal reminder | Offer Annual Plan discount | Assign priority support | Collect feedback and offer service recovery | Recommend personalized content,
1943,1944,Colton Gonzalez,sarahrivers@example.net,sarahrivers,1988-02-04,Male,South Andrew,2024-03-27,2025-03-27,Annual,0,0.34107183543627767,34.11,34.11,Low,About to Leave,0.6764,0.264,0,0,0,0,-19,3.2,0,0,Send renewal reminder | Collect feedback and offer service recovery | Recommend personalized content,
1944,1945,Brittney Martinez,kennethclark@example.org,kennethclark,2003-11-05,Male,Victoriafurt,2024-01-15,2025-01-14,Annual,0,0.48262934282419573,48.26,48.26,Medium,About to Leave,0.6572,0.06773333333333334,0,0,1,0,-91,3.6,1,0,Send renewal reminder | Assign priority support | Recommend personalized content,
1945,1946,Willie Carr,uadams@example.org,uadams,1982-10-23,Male,Julieton,2024-02-23,2025-02-22,Monthly,0,0.5863130030749761,58.63,58.63,Medium,About to Leave,0.6884,0.21733333333333335,1,0,0,1,-52,4.2,1,0,Send renewal reminder | Offer Annual Plan discount | Trigger engagement campaign | Recommend personalized content,
1946,1947,Steven Griffith,allencastillo@example.com,allencastillo,1999-04-01,Male,Reynoldsfort,2024-02-03,2025-02-02,Annual,0,0.3627777012612643,36.28,36.28,Medium,About to Leave,0.8196,0.124,0,0,1,0,-72,4.8,0,0,Send renewal reminder | Assign priority support | Recommend personalized content,
1947,1948,Mary Clayton,christophersmith@example.net,christophersmith,1995-09-07,Female,Jennifershire,2024-04-08,2025-04-08,Annual,0,0.6775359313965448,67.75,67.75,High,About to Leave,0.5720000000000001,0.04066666666666666,0,0,1,1,-7,3.5,1,0,Send renewal reminder | Assign priority support | Trigger engagement campaign | Recommend personalized content,
1948,1949,Rachel Golden,brittany52@example.com,brittany52,2004-03-05,Female,Stacyburgh,2024-02-24,2025-02-23,Monthly,0,0.6000641197572585,60.01,60.01,Medium,About to Leave,0.7096,0.15288888888888888,1,0,0,1,-51,4.8,1,0,Send renewal reminder | Offer Annual Plan discount | Trigger engagement campaign | Recommend personalized content,
1949,1950,Cole Williams,lauren67@example.com,lauren67,1946-07-07,Male,Joseville,2024-02-10,2025-02-09,Monthly,0,0.5507645543496675,55.08,55.08,Medium,About to Leave,0.7996,0.0992,1,0,1,0,-65,4.8,1,0,Send renewal reminder | Offer Annual Plan discount | Assign priority support | Recommend personalized content,
1950,1951,Jenny Jones,ryan52@example.net,ryan52,1946-09-05,Male,Nelsonview,2024-01-24,2025-01-23,Monthly,0,0.4249721684561405,42.5,42.5,Medium,About to Leave,0.782,0.188,1,0,0,0,-82,3.5,0,0,Send renewal reminder | Offer Annual Plan discount | Recommend personalized content,
1951,1952,Mary Anderson,timothyyoung@example.net,timothyyoung,1996-12-28,Male,Hernandezchester,2024-04-12,2025-04-12,Annual,0,0.4566867927200773,45.67,45.67,Medium,About to Leave,0.6784000000000001,0.06375757575757576,0,0,1,0,-3,4.2,0,0,Send renewal reminder | Assign priority support | Recommend personalized content,
1952,1953,Jennifer Anderson,travistran@example.com,travistran,1946-02-27,Female,North Carmenberg,2024-02-13,2025-02-12,Annual,0,0.299352996910665,29.94,29.94,Low,Loyal,0.7891999999999999,0.14177777777777778,0,0,0,0,-62,4.6,0,0,Send renewal reminder | Recommend personalized content,Recommend reading/documentary combo | Recommend mobile premium pack | Offer loyalty reward / premium upsell
1953,1954,Briana Howard,john01@example.org,john01,1943-10-01,Male,South Lindsey,2024-02-29,2025-02-28,Monthly,0,0.5037835110763915,50.38,50.38,Medium,About to Leave,0.6612,0.17466666666666666,1,0,0,0,-46,3.1,1,0,Send renewal reminder | Offer Annual Plan discount | Collect feedback and offer service recovery | Recommend personalized content,
1954,1955,Mr. Joshua Ortega,margaret72@example.org,margaret72,1980-06-28,Male,Port Ralphstad,2024-04-11,2025-04-11,Annual,0,0.3172949648540542,31.73,31.73,Low,About to Leave,0.7092,0.09733333333333334,0,0,0,0,-4,4.6,0,0,Send renewal reminder | Recommend personalized content,
1955,1956,Kaitlyn Garcia,thomas92@example.com,thomas92,1986-06-24,Female,Stephenborough,2024-03-31,2025-03-31,Annual,0,0.25725238625490626,25.73,25.73,Low,Loyal,0.7644000000000001,0.5880000000000001,0,0,0,0,-15,4.7,0,0,Send renewal reminder | Recommend personalized content,Recommend lifestyle and family content pack | Recommend offline mobile viewing pack | Offer loyalty reward / premium upsell
1956,1957,Thomas Campbell,emilybrooks@example.org,emilybrooks,1962-03-18,Male,Reedbury,2024-03-08,2025-03-08,Annual,0,0.25675884030442836,25.68,25.68,Low,Loyal,0.7916,0.3106666666666667,0,0,0,0,-38,3.3,0,0,Send renewal reminder | Collect feedback and offer service recovery | Recommend personalized content,Recommend lifestyle and family content pack | Recommend mobile premium pack | Offer loyalty reward / premium upsell
1957,1958,Todd Thomas,david13@example.org,david13,2001-07-15,Male,Mcmillanview,2024-03-30,2025-03-30,Annual,0,0.48197129799169014,48.2,48.2,Medium,About to Leave,0.6416000000000001,0.06653333333333333,0,0,1,0,-16,3.3,1,0,Send renewal reminder | Assign priority support | Collect feedback and offer service recovery | Recommend personalized content,
1958,1959,Roberto Ware,fbrown@example.net,fbrown,2001-09-18,Female,South Suzanne,2024-04-11,2025-04-11,Annual,0,0.32737839798550017,32.74,32.74,Low,About to Leave,0.7140000000000001,0.11600000000000002,0,0,0,0,-4,4.5,0,0,Send renewal reminder | Recommend personalized content,
1959,1960,Kimberly Nunez,mrichards@example.com,mrichards,1956-12-28,Female,Carlaville,2024-04-03,2025-04-03,Monthly,0,0.6421723895334278,64.22,64.22,Medium,About to Leave,0.6488,0.05236363636363637,1,0,1,0,-12,4.4,1,0,Send renewal reminder | Offer Annual Plan discount | Assign priority support | Recommend personalized content,
1960,1961,Jennifer Soto,hardingashley@example.net,hardingashley,1962-08-08,Male,New Jameshaven,2024-02-29,2025-02-28,Annual,0,0.4687674863473912,46.88,46.88,Medium,About to Leave,0.6728000000000001,0.06893333333333333,0,0,1,0,-46,3.9,0,0,Send renewal reminder | Assign priority support | Recommend personalized content,
1961,1962,Dr. Michelle Hardy DDS,manuel81@example.com,manuel81,1986-02-11,Female,Shelbyfurt,2024-01-03,2025-01-02,Annual,0,0.4297127917006174,42.97,42.97,Medium,About to Leave,0.6768000000000001,0.09561904761904762,0,0,1,0,-103,3.4,0,0,Send renewal reminder | Assign priority support | Collect feedback and offer service recovery | Recommend personalized content,
1962,1963,Tami Boyd,leah39@example.org,leah39,1955-05-06,Male,New Reginaldtown,2024-02-21,2025-02-20,Annual,0,0.6090911270168188,60.91,60.91,Medium,About to Leave,0.6336000000000002,0.05483333333333333,0,0,1,1,-54,4.3,1,0,Send renewal reminder | Assign priority support | Trigger engagement campaign | Recommend personalized content,
1963,1964,Katelyn Baldwin,johnsonryan@example.org,johnsonryan,1983-02-20,Female,Moorestad,2024-01-31,2025-01-30,Monthly,0,0.40760331142000367,40.76,40.76,Medium,About to Leave,0.8795999999999999,0.496,1,0,0,0,-75,4.8,0,0,Send renewal reminder | Offer Annual Plan discount | Recommend personalized content,
1964,1965,Connie Williams PhD,carrmichael@example.org,carrmichael,1962-03-06,Female,Adamland,2024-01-13,2025-01-12,Monthly,0,0.5605575090122711,56.06,56.06,Medium,About to Leave,0.6976,0.09790476190476191,1,0,1,0,-93,3.8,1,0,Send renewal reminder | Offer Annual Plan discount | Assign priority support | Recommend personalized content,
1965,1966,Julie Hester,fitzgeraldadrian@example.org,fitzgeraldadrian,1967-07-16,Male,Sanchezland,2024-03-11,2025-03-11,Monthly,0,0.428302780278069,42.83,42.83,Medium,About to Leave,0.8148000000000001,0.7293333333333334,1,0,0,0,-35,4.9,0,0,Send renewal reminder | Offer Annual Plan discount | Recommend personalized content,
1966,1967,Madison Cunningham,ntran@example.com,ntran,1962-02-03,Female,Pottsview,2024-03-06,2025-03-06,Annual,0,0.4138457390204556,41.38,41.38,Medium,About to Leave,0.7172000000000001,0.10133333333333334,0,0,1,0,-40,3.6,0,0,Send renewal reminder | Assign priority support | Recommend personalized content,
1967,1968,Gail Smith,nfleming@example.org,nfleming,1952-02-06,Male,Mistyburgh,2024-01-21,2025-01-20,Monthly,0,0.5927218892478101,59.27,59.27,Medium,About to Leave,0.6584000000000001,0.06311111111111112,1,0,1,0,-85,4.2,1,0,Send renewal reminder | Offer Annual Plan discount | Assign priority support | Recommend personalized content,
1968,1969,Melanie Ellis,uwashington@example.com,uwashington,1995-02-27,Female,Port Robertside,2024-04-04,2025-04-04,Annual,0,0.47783832821149347,47.78,47.78,Medium,About to Leave,0.6276,0.055200000000000006,0,0,1,0,-11,3.8,1,0,Send renewal reminder | Assign priority support | Recommend personalized content,
1969,1970,Sue Lewis,pmartinez@example.net,pmartinez,1998-08-21,Female,Christinemouth,2024-01-29,2025-01-28,Monthly,0,0.6034764880802835,60.35,60.35,Medium,About to Leave,0.7068000000000001,0.10033333333333334,1,0,1,0,-77,3.4,1,0,Send renewal reminder | Offer Annual Plan discount | Assign priority support | Collect feedback and offer service recovery | Recommend personalized content,
1970,1971,Jennifer Mccormick,pittmancynthia@example.org,pittmancynthia,1977-04-11,Female,Sullivanview,2024-01-28,2025-01-27,Monthly,0,0.5600714792465309,56.01,56.01,Medium,About to Leave,0.7036,0.07837037037037037,1,0,1,0,-78,4.3,1,0,Send renewal reminder | Offer Annual Plan discount | Assign priority support | Recommend personalized content,
1971,1972,Ryan Noble,angelalambert@example.net,angelalambert,1935-03-05,Male,Leahberg,2024-04-02,2025-04-02,Monthly,0,0.6107473676516901,61.07,61.07,Medium,About to Leave,0.6672,0.4106666666666666,1,0,0,1,-13,3.6,1,0,Send renewal reminder | Offer Annual Plan discount | Trigger engagement campaign | Recommend personalized content,
1972,1973,Christopher Rodriguez,juansimpson@example.org,juansimpson,1972-06-07,Male,Lisaland,2024-04-07,2025-04-07,Monthly,0,0.6257022607749885,62.57,62.57,Medium,About to Leave,0.6264000000000001,0.060121212121212124,1,0,1,0,-8,3.2,1,0,Send renewal reminder | Offer Annual Plan discount | Assign priority support | Collect feedback and offer service recovery | Recommend personalized content,
1973,1974,Miss Ann Hubbard PhD,michael97@example.net,michael97,2005-07-06,Male,Johnburgh,2024-02-21,2025-02-20,Annual,0,0.29823633330077975,29.82,29.82,Low,Loyal,0.7284,0.11688888888888889,0,0,0,0,-54,4.2,0,0,Send renewal reminder | Recommend personalized content,Recommend reading/documentary combo | Recommend offline mobile viewing pack
1974,1975,Ronald Ramsey,vweber@example.org,vweber,1938-04-30,Male,Victorport,2024-01-14,2025-01-13,Annual,0,0.3032949811074565,30.33,30.33,Low,About to Leave,0.7464000000000001,0.2648888888888889,0,0,0,0,-92,3.2,0,0,Send renewal reminder | Collect feedback and offer service recovery | Recommend personalized content,
1975,1976,Nicholas Roberts,uallen@example.com,uallen,1958-08-03,Female,New Michael,2024-01-19,2025-01-18,Monthly,0,0.42179036051761587,42.18,42.18,Medium,About to Leave,0.8091999999999999,0.21266666666666667,1,0,0,0,-87,4.6,0,0,Send renewal reminder | Offer Annual Plan discount | Recommend personalized content,
1976,1977,Mary Patterson,xfleming@example.net,xfleming,1986-10-29,Male,New Caitlynland,2024-03-20,2025-03-20,Annual,0,0.4700598687383841,47.01,47.01,Medium,About to Leave,0.6812,0.08785185185185186,0,0,1,0,-26,3.1,0,0,Send renewal reminder | Assign priority support | Collect feedback and offer service recovery | Recommend personalized content,
1977,1978,Monica Nelson,brandon65@example.net,brandon65,1948-03-27,Male,Richardfurt,2024-01-12,2025-01-11,Monthly,0,0.4480252783957524,44.8,44.8,Medium,About to Leave,0.7591999999999999,0.1434666666666667,1,0,0,0,-94,4.6,0,0,Send renewal reminder | Offer Annual Plan discount | Recommend personalized content,
1978,1979,Eric Thomas,wellsdiana@example.net,wellsdiana,1962-08-22,Male,South Petershire,2024-03-12,2025-03-12,Monthly,0,0.6138914278649048,61.39,61.39,Medium,About to Leave,0.6759999999999999,0.08740740740740742,1,0,1,0,-34,3.0,1,0,Send renewal reminder | Offer Annual Plan discount | Assign priority support | Collect feedback and offer service recovery | Recommend personalized content,
1979,1980,James Horn,ortegaandrew@example.net,ortegaandrew,1964-10-30,Male,Fergusonland,2024-01-25,2025-01-24,Annual,0,0.28195142873143497,28.2,28.2,Low,Loyal,0.7432,0.17433333333333334,0,0,0,0,-81,4.1,0,0,Send renewal reminder | Recommend personalized content,Recommend premium Drama bundle | Recommend lifestyle and family content pack | Recommend family multi-screen plan
1980,1981,Maria Townsend,jacqueline83@example.org,jacqueline83,1989-10-19,Female,Johnhaven,2024-01-20,2025-01-19,Monthly,0,0.5778169780555908,57.78,57.78,Medium,About to Leave,0.7320000000000001,0.094,1,0,1,0,-86,3.5,1,0,Send renewal reminder | Offer Annual Plan discount | Assign priority support | Recommend personalized content,
1981,1982,Natalie Perez,rrobinson@example.net,rrobinson,1950-04-09,Male,Stephanieview,2024-04-13,2025-04-13,Annual,0,0.32573968375923357,32.57,32.57,Low,About to Leave,0.7028,0.18533333333333335,0,0,0,0,-2,3.9,0,0,Send renewal reminder | Recommend personalized content,
1982,1983,Daniel Hale,caroline44@example.com,caroline44,2005-03-11,Female,Port Paulland,2024-02-10,2025-02-09,Monthly,0,0.45459307915341407,45.46,45.46,Medium,About to Leave,0.7568,0.2675555555555556,1,0,0,0,-65,3.4,0,0,Send renewal reminder | Offer Annual Plan discount | Collect feedback and offer service recovery | Recommend personalized content,
1983,1984,Randall Cole,jameslaura@example.org,jameslaura,1944-06-28,Female,Port Ryanmouth,2024-02-27,2025-02-26,Annual,0,0.27583689802484135,27.58,27.58,Low,Loyal,0.7584000000000001,0.23377777777777778,0,0,0,0,-48,4.2,0,0,Send renewal reminder | Recommend personalized content,Recommend reading/documentary combo | Recommend offline mobile viewing pack
1984,1985,Walter Chang,meagan81@example.net,meagan81,1997-10-13,Female,Port Daniel,2024-04-08,2025-04-08,Monthly,0,0.5863763773427317,58.64,58.64,Medium,About to Leave,0.7292,0.08966666666666667,1,0,1,0,-7,4.6,1,0,Send renewal reminder | Offer Annual Plan discount | Assign priority support | Recommend personalized content,
1985,1986,Mr. Charles Evans,allenrobert@example.org,allenrobert,1955-01-10,Male,Bradleyland,2024-02-06,2025-02-05,Annual,0,0.4456999802625035,44.57,44.57,Medium,About to Leave,0.7148000000000001,0.15422222222222223,0,0,0,1,-69,4.9,0,0,Send renewal reminder | Trigger engagement campaign | Recommend personalized content,
1986,1987,Beverly Fitzgerald,annhenderson@example.net,annhenderson,1945-08-29,Female,Wigginsmouth,2024-02-06,2025-02-05,Monthly,0,0.5870359636511746,58.7,58.7,Medium,About to Leave,0.6776,0.07614814814814815,1,0,1,0,-69,3.8,1,0,Send renewal reminder | Offer Annual Plan discount | Assign priority support | Recommend personalized content,
1987,1988,Wayne Randolph,scott11@example.com,scott11,1971-09-07,Male,East Saraland,2024-02-10,2025-02-09,Monthly,0,0.4259621464526872,42.6,42.6,Medium,About to Leave,0.7996000000000001,0.3626666666666667,1,0,0,0,-65,4.8,0,0,Send renewal reminder | Offer Annual Plan discount | Recommend personalized content,
1988,1989,Dr. Jeffrey Villegas DDS,douglasstephens@example.org,douglasstephens,1989-09-25,Male,Guerrerochester,2024-03-06,2025-03-06,Annual,0,0.3886375133783283,38.86,38.86,Medium,About to Leave,0.7532000000000001,0.11866666666666668,0,0,1,0,-40,4.1,0,0,Send renewal reminder | Assign priority support | Recommend personalized content,
1989,1990,Kevin Crawford,vlogan@example.net,vlogan,1980-09-26,Female,Scotttown,2024-01-11,2025-01-10,Monthly,0,0.47262671041072046,47.26,47.26,Medium,About to Leave,0.7224,0.17033333333333334,1,0,0,0,-95,3.7,0,0,Send renewal reminder | Offer Annual Plan discount | Recommend personalized content,
1990,1991,John Hicks,elizabethjohnson@example.com,elizabethjohnson,1961-04-03,Female,North Lisaville,2024-02-09,2025-02-08,Monthly,0,0.4343793414203925,43.44,43.44,Medium,About to Leave,0.7548,0.19866666666666669,1,0,0,0,-66,4.9,0,0,Send renewal reminder | Offer Annual Plan discount | Recommend personalized content,
1991,1992,Helen Lee,sototyler@example.net,sototyler,1992-01-30,Female,Haileyton,2024-02-21,2025-02-20,Annual,0,0.407409311620824,40.74,40.74,Medium,About to Leave,0.7288000000000001,0.10133333333333334,0,0,1,0,-54,4.4,0,0,Send renewal reminder | Assign priority support | Recommend personalized content,
1992,1993,Selena Stein,sthompson@example.org,sthompson,1957-11-08,Female,Jameshaven,2024-04-08,2025-04-08,Monthly,0,0.5670722380425238,56.71,56.71,Medium,About to Leave,0.7096000000000001,0.06593939393939395,1,0,1,0,-7,4.8,1,0,Send renewal reminder | Offer Annual Plan discount | Assign priority support | Recommend personalized content,
1993,1994,Jason Stone,paceandrew@example.com,paceandrew,1957-02-27,Male,Harrisburgh,2024-01-21,2025-01-20,Annual,0,0.4508780470093705,45.09,45.09,Medium,About to Leave,0.6932,0.07748148148148148,0,0,1,0,-85,4.1,0,0,Send renewal reminder | Assign priority support | Recommend personalized content,
1994,1995,Adam Mendoza,anthony42@example.org,anthony42,1988-08-25,Male,North Aprilfurt,2024-04-05,2025-04-05,Annual,0,0.4644815250490259,46.45,46.45,Medium,About to Leave,0.6436000000000001,0.052000000000000005,0,0,1,0,-10,4.3,0,0,Send renewal reminder | Assign priority support | Recommend personalized content,
1995,1996,Briana Morton,williammoore@example.net,williammoore,1999-02-18,Female,Davisborough,2024-02-14,2025-02-13,Annual,0,0.2253241974005716,22.53,22.53,Low,Loyal,0.8444000000000002,0.8546666666666668,0,0,0,0,-61,4.7,0,0,Send renewal reminder | Recommend personalized content,Recommend premium device streaming bundle | Recommend mobile premium pack | Offer loyalty reward / premium upsell
1996,1997,Cynthia Carter,mwilson@example.net,mwilson,1992-11-15,Female,Johnstonland,2024-03-01,2025-03-01,Monthly,0,0.6461327534150004,64.61,64.61,Medium,About to Leave,0.6224,0.06911111111111111,1,0,0,1,-45,3.7,1,0,Send renewal reminder | Offer Annual Plan discount | Trigger engagement campaign | Recommend personalized content,
1997,1998,Tracy Rhodes,qdominguez@example.com,qdominguez,2006-01-17,Male,Colechester,2024-01-17,2025-01-16,Monthly,0,0.4701626388378178,47.02,47.02,Medium,About to Leave,0.6464,0.1056,1,0,0,0,-89,3.2,0,0,Send renewal reminder | Offer Annual Plan discount | Collect feedback and offer service recovery | Recommend personalized content,
1998,1999,Glenn Wood,hendersonthomas@example.com,hendersonthomas,1933-12-24,Male,Lake Melissa,2024-02-06,2025-02-05,Monthly,0,0.45547477099317213,45.55,45.55,Medium,About to Leave,0.6976,0.18400000000000002,1,0,0,0,-69,3.8,0,0,Send renewal reminder | Offer Annual Plan discount | Recommend personalized content,
1999,2000,Jeremy Brown,yalvarez@example.net,yalvarez,1974-11-19,Male,North Meghan,2024-01-03,2025-01-02,Monthly,0,0.5791676453343791,57.92,57.92,Medium,About to Leave,0.6472,0.07771428571428572,1,0,1,0,-103,3.6,1,0,Send renewal reminder | Offer Annual Plan discount | Assign priority support | Recommend personalized content,
2000,2001,Samantha Dodson,lori73@example.com,lori73,1969-05-23,Male,Lawsontown,2024-02-09,2025-02-08,Annual,0,0.4486205600914654,44.86,44.86,Medium,About to Leave,0.6732,0.08057142857142859,0,0,1,0,-66,4.1,0,0,Send renewal reminder | Assign priority support | Recommend personalized content,
2001,2002,Jaime Hansen,franciscaldwell@example.net,franciscaldwell,1970-08-26,Female,Liview,2024-02-02,2025-02-01,Annual,0,0.47604043958833026,47.6,47.6,Medium,About to Leave,0.6372000000000001,0.068,0,0,1,0,-73,3.6,1,0,Send renewal reminder | Assign priority support | Recommend personalized content,
2002,2003,Megan Adams,gibsoneric@example.net,gibsoneric,1959-01-05,Male,Jenniferhaven,2024-02-29,2025-02-28,Monthly,0,0.42326806398461697,42.33,42.33,Medium,About to Leave,0.7584000000000001,0.23377777777777778,1,0,0,0,-46,4.2,0,0,Send renewal reminder | Offer Annual Plan discount | Recommend personalized content,
2003,2004,Veronica Alexander DDS,miranda36@example.net,miranda36,1967-07-16,Female,West Melissa,2024-01-12,2025-01-11,Annual,0,0.4289168275207234,42.89,42.89,Medium,About to Leave,0.7084000000000001,0.08766666666666667,0,0,1,0,-94,4.2,0,0,Send renewal reminder | Assign priority support | Recommend personalized content,
2004,2005,Pedro Contreras,samantha69@example.com,samantha69,1933-05-16,Female,North David,2024-03-08,2025-03-08,Monthly,0,0.6079509291475644,60.8,60.8,Medium,About to Leave,0.6372000000000001,0.068,1,0,1,0,-38,3.6,1,0,Send renewal reminder | Offer Annual Plan discount | Assign priority support | Recommend personalized content,
2005,2006,Mia Woodard,kristingonzalez@example.org,kristingonzalez,2001-01-11,Female,Josemouth,2024-03-06,2025-03-06,Annual,0,0.30371785254840433,30.37,30.37,Low,About to Leave,0.7828,0.27422222222222226,0,0,0,0,-40,3.9,0,0,Send renewal reminder | Recommend personalized content,
2006,2007,Kelly Walters,gpierce@example.net,gpierce,1993-12-18,Male,Griffithchester,2024-04-02,2025-04-02,Monthly,1,0.7728528820753295,77.29,77.29,High,About to Leave,0.6599999999999999,0.05185185185185185,1,0,1,1,-13,5.0,1,1,Send renewal reminder | Offer Annual Plan discount | Assign priority support | Trigger engagement campaign | Recommend personalized content,
2007,2008,Dawn Cunningham,smithdavid@example.net,smithdavid,1983-07-28,Female,Port Matthew,2024-01-08,2025-01-07,Monthly,0,0.41665428147533573,41.67,41.67,Medium,About to Leave,0.792,0.23500000000000001,1,0,0,0,-98,3.5,0,0,Send renewal reminder | Offer Annual Plan discount | Recommend personalized content,
2008,2009,David Mitchell,hmurphy@example.org,hmurphy,1986-06-19,Female,East Jamesfurt,2024-02-19,2025-02-18,Monthly,0,0.5290039502861973,52.9,52.9,Medium,About to Leave,0.7844000000000002,0.12209523809523812,1,0,1,0,-56,4.7,1,0,Send renewal reminder | Offer Annual Plan discount | Assign priority support | Recommend personalized content,
2009,2010,Sandra Torres,ymorris@example.org,ymorris,1964-03-28,Female,Port Jeremy,2024-03-18,2025-03-18,Monthly,0,0.5824084775124841,58.24,58.24,Medium,About to Leave,0.7324,0.08618181818181819,1,0,1,0,-28,3.7,1,0,Send renewal reminder | Offer Annual Plan discount | Assign priority support | Recommend personalized content,
2010,2011,Lindsay Walsh,brittanywilliams@example.com,brittanywilliams,1938-02-26,Female,Jonesmouth,2024-02-12,2025-02-11,Monthly,0,0.4330631731559948,43.31,43.31,Medium,About to Leave,0.75,0.15000000000000002,1,0,0,0,-63,5.0,0,0,Send renewal reminder | Offer Annual Plan discount | Recommend personalized content,
2011,2012,Sergio Wise,tberry@example.net,tberry,1945-07-07,Female,Richardville,2024-04-11,2025-04-11,Annual,0,0.49007624002568484,49.01,49.01,Medium,About to Leave,0.6212,0.05975757575757576,0,0,1,0,-4,3.1,1,0,Send renewal reminder | Assign priority support | Collect feedback and offer service recovery | Recommend personalized content,
2012,2013,Justin Meyer,jessicamyers@example.net,jessicamyers,1953-12-27,Female,East Haroldville,2024-01-09,2025-01-08,Monthly,0,0.4685694374967266,46.86,46.86,Medium,About to Leave,0.7544000000000001,0.12022222222222223,1,0,0,0,-97,4.7,0,0,Send renewal reminder | Offer Annual Plan discount | Recommend personalized content,
2013,2014,Heidi Roberts,russokim@example.net,russokim,1942-03-27,Male,East Cynthia,2024-04-02,2025-04-02,Annual,0,0.5121389682711067,51.21,51.21,Medium,About to Leave,0.6016,0.053200000000000004,0,0,1,0,-13,3.3,1,0,Send renewal reminder | Assign priority support | Collect feedback and offer service recovery | Recommend personalized content,
2014,2015,Katie Turner,kendrabrown@example.org,kendrabrown,1967-03-10,Female,Lake Vanessa,2024-02-27,2025-02-26,Monthly,0,0.46928134426172535,46.93,46.93,Medium,About to Leave,0.7216,0.33266666666666667,1,0,0,0,-48,3.3,0,0,Send renewal reminder | Offer Annual Plan discount | Collect feedback and offer service recovery | Recommend personalized content,
2015,2016,Kathleen Cook,conwaybrandon@example.org,conwaybrandon,1980-05-01,Male,West Kathymouth,2024-04-03,2025-04-03,Annual,0,0.30002021582228605,30.0,30.0,Low,About to Leave,0.722,0.22444444444444445,0,0,0,0,-12,3.5,0,0,Send renewal reminder | Recommend personalized content,
2016,2017,Connie Moore,jessicajimenez@example.com,jessicajimenez,1974-08-04,Female,North Sharon,2024-01-29,2025-01-28,Annual,0,0.6286398963241103,62.86,62.86,Medium,About to Leave,0.6140000000000001,0.040606060606060604,0,0,1,1,-77,4.5,1,0,Send renewal reminder | Assign priority support | Trigger engagement campaign | Recommend personalized content,
2017,2018,Julia Jensen,johncruz@example.com,johncruz,1957-11-17,Male,Collinsside,2024-04-05,2025-04-05,Monthly,0,0.43253720121816513,43.25,43.25,Medium,About to Leave,0.7344,0.14700000000000002,1,0,0,0,-10,4.7,0,0,Send renewal reminder | Offer Annual Plan discount | Recommend personalized content,
2018,2019,Joanna Rogers MD,timothyalvarado@example.org,timothyalvarado,1944-05-11,Male,Wardtown,2024-02-26,2025-02-25,Annual,0,0.3131830812359324,31.32,31.32,Low,About to Leave,0.7212,0.15813333333333335,0,0,0,0,-49,3.1,0,0,Send renewal reminder | Collect feedback and offer service recovery | Recommend personalized content,
2019,2020,Jeremy Gonzalez,marvinberg@example.net,marvinberg,1972-12-27,Male,Nicholasmouth,2024-02-10,2025-02-09,Annual,0,0.4386697611784921,43.87,43.87,Medium,About to Leave,0.6688000000000001,0.064,0,0,1,0,-65,4.4,0,0,Send renewal reminder | Assign priority support | Recommend personalized content,
2020,2021,Charles Jones,yreid@example.net,yreid,1996-06-04,Male,Lake Brianna,2024-04-06,2025-04-06,Annual,0,0.6527694095401646,65.28,65.28,High,About to Leave,0.5932000000000001,0.03915151515151515,0,0,1,1,-9,4.1,1,0,Send renewal reminder | Assign priority support | Trigger engagement campaign | Recommend personalized content,
2021,2022,Kevin Torres,xhorton@example.org,xhorton,1996-08-19,Female,Williamsonborough,2024-02-22,2025-02-21,Monthly,0,0.6131196817765594,61.31,61.31,Medium,About to Leave,0.6268,0.067,1,0,1,0,-53,3.4,1,0,Send renewal reminder | Offer Annual Plan discount | Assign priority support | Collect feedback and offer service recovery | Recommend personalized content,
2022,2023,Ronald Adams,jennifer09@example.com,jennifer09,1973-05-09,Male,Burkeside,2024-03-13,2025-03-13,Monthly,0,0.4336589641032505,43.37,43.37,Medium,About to Leave,0.7388,0.11822222222222223,1,0,0,0,-33,4.4,0,0,Send renewal reminder | Offer Annual Plan discount | Recommend personalized content,
2023,2024,Janet Bell,audreyhayes@example.com,audreyhayes,1994-04-01,Female,Lake Kellyport,2024-01-23,2025-01-22,Monthly,0,0.37676668737522623,37.68,37.68,Medium,About to Leave,0.8640000000000001,0.49000000000000005,1,0,0,0,-83,4.5,0,0,Send renewal reminder | Offer Annual Plan discount | Recommend personalized content,
2024,2025,Elizabeth Mcgrath,mendezscott@example.net,mendezscott,1996-05-20,Male,South Sharonport,2024-01-24,2025-01-23,Annual,0,0.22851928525615298,22.85,22.85,Low,Loyal,0.8744000000000001,0.49400000000000005,0,0,0,0,-82,4.7,0,0,Send renewal reminder | Recommend personalized content,Recommend premium Action bundle | Recommend reading/documentary combo | Recommend mobile premium pack | Offer loyalty reward / premium upsell
2025,2026,Nicole Massey,yross@example.com,yross,1977-10-20,Female,Justinshire,2024-03-26,2025-03-26,Monthly,0,0.47807870739434644,47.81,47.81,Medium,About to Leave,0.7332,0.13946666666666668,1,0,0,0,-20,4.1,1,0,Send renewal reminder | Offer Annual Plan discount | Recommend personalized content,
2026,2027,Christian Martinez,albertmercado@example.net,albertmercado,1979-06-03,Female,Longbury,2024-02-08,2025-02-07,Monthly,0,0.4485906692199834,44.86,44.86,Medium,About to Leave,0.7248,0.09933333333333334,1,0,0,0,-67,4.9,0,0,Send renewal reminder | Offer Annual Plan discount | Recommend personalized content,
2027,2028,Joshua Pearson,ftrujillo@example.net,ftrujillo,1964-04-25,Male,East Adamstad,2024-03-31,2025-03-31,Annual,0,0.48613780921493654,48.61,48.61,Medium,About to Leave,0.7,0.09333333333333334,0,0,0,1,-15,5.0,1,0,Send renewal reminder | Trigger engagement campaign | Recommend personalized content,
2028,2029,Mrs. Christina Li,travis92@example.net,travis92,1965-10-20,Male,Lake Nicoleton,2024-02-12,2025-02-11,Monthly,0,0.5713572459844264,57.14,57.14,Medium,About to Leave,0.6991999999999999,0.06521212121212122,1,0,1,0,-63,4.6,1,0,Send renewal reminder | Offer Annual Plan discount | Assign priority support | Recommend personalized content,
2029,2030,William Frank,turnermary@example.org,turnermary,1945-07-13,Male,Johnchester,2024-02-10,2025-02-09,Annual,0,0.2497434976229407,24.97,24.97,Low,Loyal,0.7732,0.6973333333333334,0,0,0,0,-65,4.1,0,0,Send renewal reminder | Recommend personalized content,Recommend premium Action bundle | Recommend lifestyle and family content pack | Recommend family multi-screen plan | Offer loyalty reward / premium upsell
2030,2031,Leonard Pham,danielmelissa@example.net,danielmelissa,1961-10-11,Female,Johnville,2024-03-03,2025-03-03,Annual,0,0.4524271707626691,45.24,45.24,Medium,About to Leave,0.6784000000000001,0.06375757575757576,0,0,1,0,-43,4.2,0,0,Send renewal reminder | Assign priority support | Recommend personalized content,
2031,2032,Mrs. Amy Dunn,rhonda89@example.net,rhonda89,1943-07-14,Male,Coopermouth,2024-01-10,2025-01-09,Annual,0,0.24064103082539678,24.06,24.06,Low,Loyal,0.8048000000000001,0.3646666666666667,0,0,0,0,-96,4.9,0,0,Send renewal reminder | Recommend personalized content,Recommend reading/documentary combo | Recommend family multi-screen plan | Offer loyalty reward / premium upsell
2032,2033,Barry Harrell,zwalker@example.com,zwalker,1987-12-31,Female,Maryberg,2024-04-01,2025-04-01,Annual,0,0.30047019874671577,30.05,30.05,Low,About to Leave,0.762,0.2688888888888889,0,0,0,0,-14,3.5,0,0,Send renewal reminder | Recommend personalized content,
2033,2034,Larry Molina,alyssagilbert@example.net,alyssagilbert,1966-11-15,Female,West Sheilaborough,2024-02-21,2025-02-20,Annual,0,0.44265504389163046,44.27,44.27,Medium,About to Leave,0.6516,0.07392592592592592,0,0,1,0,-54,3.3,0,0,Send renewal reminder | Assign priority support | Collect feedback and offer service recovery | Recommend personalized content,
2034,2035,Michael Rubio,carolynpace@example.com,carolynpace,1962-07-10,Male,Barnesport,2024-03-22,2025-03-22,Annual,0,0.4264409292010657,42.64,42.64,Medium,About to Leave,0.7080000000000001,0.07515151515151516,0,0,1,0,-24,4.0,0,0,Send renewal reminder | Assign priority support | Recommend personalized content,
2035,2036,Steven Booker,jessica55@example.com,jessica55,1989-11-08,Male,Port Jean,2024-02-12,2025-02-11,Monthly,0,0.5577200388575746,55.77,55.77,Medium,About to Leave,0.7644000000000002,0.09496296296296297,1,0,1,0,-63,4.7,1,0,Send renewal reminder | Offer Annual Plan discount | Assign priority support | Recommend personalized content,
2036,2037,Andrew Graham,vwhite@example.org,vwhite,2004-02-21,Male,Trujillomouth,2024-03-05,2025-03-05,Annual,0,0.479563860710555,47.96,47.96,Medium,About to Leave,0.6060000000000001,0.065,0,0,1,0,-41,3.0,1,0,Send renewal reminder | Assign priority support | Collect feedback and offer service recovery | Recommend personalized content,
2037,2038,Timothy Willis,emilygarza@example.net,emilygarza,1941-12-02,Female,Jenniferchester,2024-03-26,2025-03-26,Monthly,0,0.6545392597428065,65.45,65.45,High,About to Leave,0.6312,0.19533333333333333,1,0,0,1,-20,3.1,1,0,Send renewal reminder | Offer Annual Plan discount | Trigger engagement campaign | Collect feedback and offer service recovery | Recommend personalized content,
2038,2039,Elizabeth Morris,kayla09@example.org,kayla09,1999-09-18,Female,New Alicialand,2024-02-25,2025-02-24,Monthly,0,0.4364507923463926,43.65,43.65,Medium,About to Leave,0.768,0.6933333333333334,1,0,0,0,-50,4.0,0,0,Send renewal reminder | Offer Annual Plan discount | Recommend personalized content,
2039,2040,Mary Martinez,ashleyrussell@example.com,ashleyrussell,1959-12-02,Female,North Matthew,2024-03-19,2025-03-19,Annual,0,0.47939195310882743,47.94,47.94,Medium,About to Leave,0.6416000000000001,0.06653333333333333,0,0,1,0,-27,3.3,1,0,Send renewal reminder | Assign priority support | Collect feedback and offer service recovery | Recommend personalized content,
2040,2041,Stanley Pierce,daniel30@example.net,daniel30,1952-07-17,Female,Fuenteston,2024-03-31,2025-03-31,Annual,0,0.48718330180896297,48.72,48.72,Medium,About to Leave,0.6072000000000001,0.04945454545454546,0,0,1,0,-15,3.6,1,0,Send renewal reminder | Assign priority support | Recommend personalized content,
2041,2042,Charlotte Montoya,wallaceerin@example.org,wallaceerin,1957-10-18,Female,Brettfurt,2024-01-21,2025-01-20,Monthly,0,0.4588471877996641,45.88,45.88,Medium,About to Leave,0.7644000000000001,0.14426666666666668,1,0,0,0,-85,4.7,0,0,Send renewal reminder | Offer Annual Plan discount | Recommend personalized content,
2042,2043,Justin Chavez,loritucker@example.com,loritucker,1934-12-13,Male,North Kari,2024-01-20,2025-01-19,Monthly,0,0.4487788946304896,44.88,44.88,Medium,About to Leave,0.7396,0.14800000000000002,1,0,0,0,-86,4.8,0,0,Send renewal reminder | Offer Annual Plan discount | Recommend personalized content,
2043,2044,Mark Cole,mark66@example.com,mark66,1950-12-04,Female,East Andre,2024-04-11,2025-04-11,Annual,0,0.4630744260481122,46.31,46.31,Medium,About to Leave,0.656,0.07151515151515152,0,0,1,0,-4,3.0,0,0,Send renewal reminder | Assign priority support | Collect feedback and offer service recovery | Recommend personalized content,
2044,2045,Vanessa Anderson,zachary12@example.com,zachary12,1989-05-16,Female,Port Jasonshire,2024-04-06,2025-04-06,Annual,0,0.2838284031419506,28.38,28.38,Low,Loyal,0.7388,0.28800000000000003,0,0,0,0,-9,4.4,0,0,Send renewal reminder | Recommend personalized content,Recommend lifestyle and family content pack | Recommend offline mobile viewing pack
2045,2046,Kimberly Johnson,jessica97@example.com,jessica97,1956-08-23,Female,New Matthewbury,2024-01-24,2025-01-23,Monthly,0,0.43087754614404566,43.09,43.09,Medium,About to Leave,0.736,0.26222222222222225,1,0,0,0,-82,3.0,0,0,Send renewal reminder | Offer Annual Plan discount | Collect feedback and offer service recovery | Recommend personalized content,
2046,2047,Ethan Gray,bowerssavannah@example.net,bowerssavannah,1950-08-22,Male,East Jamesland,2024-03-14,2025-03-14,Annual,0,0.43031630831208345,43.03,43.03,Medium,About to Leave,0.7428000000000001,0.11752380952380954,0,0,1,0,-32,3.9,0,0,Send renewal reminder | Assign priority support | Recommend personalized content,
2047,2048,Robert Anderson,justinherman@example.net,justinherman,1961-01-26,Male,New Meganshire,2024-03-15,2025-03-15,Annual,0,0.4236596003712122,42.37,42.37,Medium,About to Leave,0.7388000000000001,0.08426666666666668,0,0,1,0,-31,4.4,0,0,Send renewal reminder | Assign priority support | Recommend personalized content,
2048,2049,Paige Carey,lsanders@example.org,lsanders,1954-11-01,Male,Camachoberg,2024-02-24,2025-02-23,Monthly,0,0.46659930529326665,46.66,46.66,Medium,About to Leave,0.7364,0.19866666666666669,1,0,0,0,-51,3.2,0,0,Send renewal reminder | Offer Annual Plan discount | Collect feedback and offer service recovery | Recommend personalized content,
2049,2050,Sonia Taylor,khull@example.net,khull,1933-06-07,Female,Lake Danielle,2024-03-23,2025-03-23,Annual,0,0.3808387649347451,38.08,38.08,Medium,About to Leave,0.7844000000000002,0.12209523809523812,0,0,1,0,-23,4.7,0,0,Send renewal reminder | Assign priority support | Recommend personalized content,
2050,2051,Sean Smith,laura61@example.net,laura61,1998-06-27,Male,Hartmanberg,2024-01-27,2025-01-26,Monthly,0,0.4167725690642007,41.68,41.68,Medium,About to Leave,0.7732,0.6973333333333334,1,0,0,0,-79,4.1,0,0,Send renewal reminder | Offer Annual Plan discount | Recommend personalized content,
2051,2052,Matthew Rodriguez,rarnold@example.com,rarnold,1987-05-13,Female,Lake Justinchester,2024-02-08,2025-02-07,Annual,0,0.3031959522091456,30.32,30.32,Low,About to Leave,0.7128,0.278,0,0,0,0,-67,3.9,0,0,Send renewal reminder | Recommend personalized content,
2052,2053,Caleb Hill MD,stephanie06@example.net,stephanie06,1987-03-28,Female,South Rebecca,2024-03-08,2025-03-08,Monthly,0,0.42170090012663336,42.17,42.17,Medium,About to Leave,0.7684000000000001,0.3506666666666667,1,0,0,0,-38,4.2,0,0,Send renewal reminder | Offer Annual Plan discount | Recommend personalized content,
2053,2054,Adrian Franco,morrislindsey@example.net,morrislindsey,1985-04-25,Male,Aaronton,2024-04-14,2025-04-14,Monthly,0,0.6031602761352866,60.32,60.32,Medium,About to Leave,0.642,0.06121212121212121,1,0,1,0,-1,3.5,1,0,Send renewal reminder | Offer Annual Plan discount | Assign priority support | Recommend personalized content,
2054,2055,Katelyn Kennedy,mark98@example.net,mark98,1961-05-24,Male,North Seanton,2024-03-30,2025-03-30,Annual,0,0.4332372685338685,43.32,43.32,Medium,About to Leave,0.6940000000000001,0.06484848484848485,0,0,1,0,-16,4.5,0,0,Send renewal reminder | Assign priority support | Recommend personalized content,
2055,2056,Victoria Ayala,tracy33@example.com,tracy33,1941-07-18,Male,Angelicamouth,2024-03-26,2025-03-26,Annual,0,0.6372098032112953,63.72,63.72,Medium,About to Leave,0.6036000000000001,0.039878787878787875,0,0,1,1,-20,4.3,1,0,Send renewal reminder | Assign priority support | Trigger engagement campaign | Recommend personalized content,
2056,2057,John Greene,kcarey@example.com,kcarey,2002-06-14,Male,West Andreabury,2024-02-24,2025-02-23,Annual,0,0.44039415177951724,44.04,44.04,Medium,About to Leave,0.7032,0.08716666666666667,0,0,1,0,-51,4.1,0,0,Send renewal reminder | Assign priority support | Recommend personalized content,
2057,2058,Stephanie Ochoa,kathryn33@example.com,kathryn33,1958-04-27,Male,Port Lindsayhaven,2024-02-22,2025-02-21,Monthly,0,0.4549969267782346,45.5,45.5,Medium,About to Leave,0.74,0.12000000000000002,1,0,0,0,-53,5.0,0,0,Send renewal reminder | Offer Annual Plan discount | Recommend personalized content,
2058,2059,Nicholas Howard,dylan29@example.net,dylan29,2005-08-30,Male,West Bryan,2024-01-08,2025-01-07,Monthly,0,0.5502553176199925,55.03,55.03,Medium,About to Leave,0.7624000000000001,0.11850000000000001,1,0,1,0,-98,3.7,1,0,Send renewal reminder | Offer Annual Plan discount | Assign priority support | Recommend personalized content,
2059,2060,Elizabeth Barnett,panderson@example.net,panderson,1981-11-20,Male,East Christopherburgh,2024-03-06,2025-03-06,Annual,0,0.2922197856402,29.22,29.22,Low,Loyal,0.7596,0.12088888888888889,0,0,0,0,-40,4.8,0,0,Send renewal reminder | Recommend personalized content,Recommend lifestyle and family content pack | Recommend offline mobile viewing pack
2060,2061,John Aguilar,jacobjackson@example.net,jacobjackson,1976-02-05,Female,Bernardshire,2024-03-17,2025-03-17,Monthly,0,0.4287570028239225,42.88,42.88,Medium,About to Leave,0.7491999999999999,0.11955555555555557,1,0,0,0,-29,4.6,0,0,Send renewal reminder | Offer Annual Plan discount | Recommend personalized content,
2061,2062,Jodi Smith,hensonjerry@example.com,hensonjerry,1953-04-23,Female,East Rachel,2024-03-22,2025-03-22,Annual,0,0.3036892884149867,30.37,30.37,Low,About to Leave,0.7636000000000001,0.23511111111111113,0,0,0,0,-24,4.3,0,0,Send renewal reminder | Recommend personalized content,
2062,2063,Kevin Yoder,brettjohnson@example.org,brettjohnson,1966-05-17,Female,Randalltown,2024-01-11,2025-01-10,Annual,0,0.3252394404570631,32.52,32.52,Low,About to Leave,0.6759999999999999,0.13066666666666665,0,0,0,0,-95,3.0,0,0,Send renewal reminder | Collect feedback and offer service recovery | Recommend personalized content,
2063,2064,Heather Wall,amoreno@example.org,amoreno,1949-12-05,Male,New Robertstad,2024-03-03,2025-03-03,Monthly,0,0.5640460140433406,56.4,56.4,Medium,About to Leave,0.722,0.11523809523809525,1,0,1,0,-43,3.5,1,0,Send renewal reminder | Offer Annual Plan discount | Assign priority support | Recommend personalized content,
2064,2065,Mark Blair,sharprebecca@example.net,sharprebecca,1981-11-20,Female,Jamesberg,2024-01-03,2025-01-02,Monthly,0,0.414828827185031,41.48,41.48,Medium,About to Leave,0.7488,0.5760000000000001,1,0,0,0,-103,4.4,0,0,Send renewal reminder | Offer Annual Plan discount | Recommend personalized content,
2065,2066,Jose Meyer,cynthiamitchell@example.net,cynthiamitchell,1935-04-21,Male,New Rick,2024-01-08,2025-01-07,Annual,0,0.4916900828488325,49.17,49.17,Medium,About to Leave,0.6212,0.05975757575757576,0,0,1,0,-98,3.1,1,0,Send renewal reminder | Assign priority support | Collect feedback and offer service recovery | Recommend personalized content,
2066,2067,Hailey Green,prowland@example.com,prowland,1982-07-23,Male,Aprilshire,2024-02-15,2025-02-14,Monthly,0,0.6129714554291106,61.3,61.3,Medium,About to Leave,0.6228,0.05054545454545455,1,0,1,0,-60,3.9,1,0,Send renewal reminder | Offer Annual Plan discount | Assign priority support | Recommend personalized content,
2067,2068,Suzanne Jones,amy58@example.org,amy58,1936-07-21,Male,Watsonchester,2024-01-23,2025-01-22,Annual,0,0.2846278390217296,28.46,28.46,Low,Loyal,0.7272,0.22577777777777777,0,0,0,0,-83,3.6,0,0,Send renewal reminder | Recommend personalized content,Recommend premium Drama bundle | Recommend reading/documentary combo | Recommend mobile premium pack
2068,2069,Walter Thompson,ernest94@example.net,ernest94,1955-02-03,Male,Watsonborough,2024-03-18,2025-03-18,Annual,0,0.40048050035493254,40.05,40.05,Medium,About to Leave,0.7796,0.10733333333333334,0,0,1,0,-28,4.8,0,0,Send renewal reminder | Assign priority support | Recommend personalized content,
2069,2070,Donald Martin,powens@example.net,powens,1989-07-22,Female,New Crystal,2024-03-24,2025-03-24,Annual,0,0.39849926056433826,39.85,39.85,Medium,About to Leave,0.7532000000000001,0.08763636363636364,0,0,1,0,-22,4.1,0,0,Send renewal reminder | Assign priority support | Recommend personalized content,
2070,2071,Joshua Novak,crystalibarra@example.org,crystalibarra,1946-12-29,Male,Sheilaview,2024-01-08,2025-01-07,Annual,0,0.3076338802203032,30.76,30.76,Low,About to Leave,0.7440000000000001,0.29000000000000004,0,0,0,0,-98,4.5,0,0,Send renewal reminder | Recommend personalized content,
2071,2072,Daniel Tran,stevensjenny@example.net,stevensjenny,1935-08-21,Male,Lake Tiffany,2024-03-24,2025-03-24,Annual,0,0.4377115983463766,43.77,43.77,Medium,About to Leave,0.7124000000000001,0.09051851851851853,0,0,1,0,-22,3.7,0,0,Send renewal reminder | Assign priority support | Recommend personalized content,
2072,2073,Alyssa Lawrence,meganmason@example.org,meganmason,1945-09-21,Female,North Sarah,2024-01-30,2025-01-29,Annual,0,0.28116964500073754,28.12,28.12,Low,Loyal,0.7428,0.22977777777777778,0,0,0,0,-76,3.9,0,0,Send renewal reminder | Recommend personalized content,Recommend premium Action bundle | Recommend reading/documentary combo | Recommend family multi-screen plan
2073,2074,Cindy Griffith,gloriabrennan@example.org,gloriabrennan,1995-05-26,Male,Lake Elizabeth,2024-02-13,2025-02-12,Monthly,0,0.5701869065856048,57.02,57.02,Medium,About to Leave,0.7440000000000001,0.08466666666666668,1,0,1,0,-62,4.5,1,0,Send renewal reminder | Offer Annual Plan discount | Assign priority support | Recommend personalized content,
2074,2075,Daniel Ramirez,gjones@example.com,gjones,1938-03-12,Male,North George,2024-02-08,2025-02-07,Monthly,0,0.38181776894266506,38.18,38.18,Medium,About to Leave,0.8200000000000001,0.7333333333333334,1,0,0,0,-67,5.0,0,0,Send renewal reminder | Offer Annual Plan discount | Recommend personalized content,
2075,2076,Theresa Brown,james53@example.net,james53,1957-07-09,Male,Jenkinsside,2024-01-07,2025-01-06,Annual,0,0.47038492155209843,47.04,47.04,Medium,About to Leave,0.6584,0.08693333333333333,0,0,0,1,-99,4.2,0,0,Send renewal reminder | Trigger engagement campaign | Recommend personalized content,
2076,2077,Kelly Jones,candicebeasley@example.org,candicebeasley,1945-05-08,Male,North Amberbury,2024-02-28,2025-02-27,Monthly,0,0.6157555882926711,61.58,61.58,Medium,About to Leave,0.6316,0.06048484848484848,1,0,1,0,-47,3.3,1,0,Send renewal reminder | Offer Annual Plan discount | Assign priority support | Collect feedback and offer service recovery | Recommend personalized content,
2077,2078,Peter Lee,aschmidt@example.com,aschmidt,1986-07-21,Female,Campbellmouth,2024-03-21,2025-03-21,Annual,0,0.39887260210840025,39.89,39.89,Medium,About to Leave,0.7896,0.09018181818181818,0,0,1,0,-25,4.8,0,0,Send renewal reminder | Assign priority support | Recommend personalized content,
2078,2079,Nicholas Marks,zachary39@example.org,zachary39,1999-05-27,Male,North Anna,2024-01-04,2025-01-03,Annual,0,0.49538633030848517,49.54,49.54,Medium,About to Leave,0.6172000000000001,0.054400000000000004,0,0,1,0,-102,3.6,1,0,Send renewal reminder | Assign priority support | Recommend personalized content,
2079,2080,Lance Patton,kristen45@example.net,kristen45,1949-09-11,Male,Alejandroview,2024-02-23,2025-02-22,Annual,0,0.4130469485774876,41.3,41.3,Medium,About to Leave,0.7492,0.08506666666666667,0,0,1,0,-52,4.6,0,0,Send renewal reminder | Assign priority support | Recommend personalized content,
2080,2081,Valerie Nicholson,katrinasaunders@example.net,katrinasaunders,1999-07-13,Male,Lake Michelleshire,2024-03-25,2025-03-25,Monthly,0,0.4327238386277976,43.27,43.27,Medium,About to Leave,0.7836000000000001,0.16773333333333335,1,0,0,0,-21,4.3,0,0,Send renewal reminder | Offer Annual Plan discount | Recommend personalized content,
2081,2082,James Barton,allenkimberly@example.net,allenkimberly,1946-11-21,Female,East Brianna,2024-04-07,2025-04-07,Annual,0,0.45218707191372093,45.22,45.22,Medium,About to Leave,0.6732,0.06339393939393939,0,0,1,0,-8,4.1,0,0,Send renewal reminder | Assign priority support | Recommend personalized content,
2082,2083,Jordan Townsend,christophermiller@example.com,christophermiller,1998-03-05,Male,Hendersonborough,2024-03-02,2025-03-02,Annual,0,0.234855812757933,23.49,23.49,Low,Loyal,0.8200000000000001,0.7333333333333334,0,0,0,0,-44,5.0,0,0,Send renewal reminder | Recommend personalized content,Recommend lifestyle and family content pack | Recommend offline mobile viewing pack | Offer loyalty reward / premium upsell
2083,2084,April Bond,laura70@example.com,laura70,1976-03-05,Male,West David,2024-01-03,2025-01-02,Annual,0,0.39124299835110765,39.12,39.12,Medium,About to Leave,0.7391999999999999,0.10247619047619048,0,0,1,0,-103,4.6,0,0,Send renewal reminder | Assign priority support | Recommend personalized content,
2084,2085,Ian Jones,lisa27@example.net,lisa27,1990-10-29,Female,Valencialand,2024-02-28,2025-02-27,Monthly,0,0.5822359495061631,58.22,58.22,Medium,About to Leave,0.7492,0.08506666666666667,1,0,1,0,-47,4.6,1,0,Send renewal reminder | Offer Annual Plan discount | Assign priority support | Recommend personalized content,
2085,2086,Diana George,raymond70@example.com,raymond70,1961-09-08,Male,Lake Angelaside,2024-02-17,2025-02-16,Annual,0,0.2782912514427462,27.83,27.83,Low,Loyal,0.7424000000000001,0.3406666666666667,0,0,0,0,-58,3.7,0,0,Send renewal reminder | Recommend personalized content,Recommend premium Drama bundle | Recommend lifestyle and family content pack | Recommend mobile premium pack
2086,2087,Jeffrey Carroll,sharonprice@example.net,sharonprice,1973-07-31,Male,Fischermouth,2024-03-10,2025-03-10,Annual,0,0.230304400256512,23.03,23.03,Low,Loyal,0.8588000000000001,0.48800000000000004,0,0,0,0,-36,4.4,0,0,Send renewal reminder | Recommend personalized content,Recommend premium Drama bundle | Recommend premium device streaming bundle | Recommend offline mobile viewing pack | Offer loyalty reward / premium upsell
2087,2088,Rhonda Spencer,jessica85@example.org,jessica85,1985-12-13,Female,East Dianamouth,2024-01-01,2024-12-31,Annual,0,0.2818235800006111,28.18,28.18,Low,Loyal,0.7684000000000001,0.3506666666666667,0,0,0,0,-105,4.2,0,0,Send renewal reminder | Recommend personalized content,Recommend premium Sci-Fi bundle | Recommend premium device streaming bundle | Recommend mobile premium pack | Offer loyalty reward / premium upsell
2088,2089,Cory Baker,codymalone@example.net,codymalone,1945-08-31,Female,Gomezport,2024-04-11,2025-04-11,Monthly,0,0.5577377077461866,55.77,55.77,Medium,About to Leave,0.7244000000000002,0.08014814814814815,1,0,1,0,-4,4.7,1,0,Send renewal reminder | Offer Annual Plan discount | Assign priority support | Recommend personalized content,
2089,2090,Cynthia Brown,allenjones@example.com,allenjones,1953-08-09,Female,South Sandraport,2024-03-07,2025-03-07,Annual,0,0.49886088934800843,49.89,49.89,Medium,About to Leave,0.6268,0.10066666666666665,0,0,0,1,-39,3.4,1,0,Send renewal reminder | Trigger engagement campaign | Collect feedback and offer service recovery | Recommend personalized content,
2090,2091,Lindsey Jackson,josephfernandez@example.com,josephfernandez,1992-12-21,Male,Jonathanville,2024-02-21,2025-02-20,Monthly,1,0.7765674104756018,77.66,77.66,High,About to Leave,0.6344000000000001,0.04546666666666667,1,0,1,1,-54,4.7,1,1,Send renewal reminder | Offer Annual Plan discount | Assign priority support | Trigger engagement campaign | Recommend personalized content,
2091,2092,Stephen Alvarez,mmullins@example.com,mmullins,1941-12-21,Male,Tracyburgh,2024-03-12,2025-03-12,Annual,0,0.45272953547544875,45.27,45.27,Medium,About to Leave,0.6728000000000001,0.06893333333333333,0,0,1,0,-34,3.9,0,0,Send renewal reminder | Assign priority support | Recommend personalized content,
2092,2093,Danielle Caldwell,beckymorrow@example.com,beckymorrow,1998-04-21,Female,Wilcoxchester,2024-03-07,2025-03-07,Monthly,0,0.49648851334873584,49.65,49.65,Medium,About to Leave,0.6864,0.13226666666666667,1,0,0,0,-39,3.2,1,0,Send renewal reminder | Offer Annual Plan discount | Collect feedback and offer service recovery | Recommend personalized content,
2093,2094,Nicole Buck,simmonsalyssa@example.net,simmonsalyssa,1995-12-17,Male,Lake Saraton,2024-01-12,2025-01-11,Monthly,0,0.3947992610845118,39.48,39.48,Medium,About to Leave,0.8148000000000001,0.7293333333333334,1,0,0,0,-94,4.9,0,0,Send renewal reminder | Offer Annual Plan discount | Recommend personalized content,
2094,2095,Nicole Ellis,freemanlori@example.org,freemanlori,1947-10-29,Female,New Brittanyberg,2024-02-21,2025-02-20,Annual,0,0.44611865160979236,44.61,44.61,Medium,About to Leave,0.6559999999999999,0.09333333333333334,0,0,1,0,-54,3.0,0,0,Send renewal reminder | Assign priority support | Collect feedback and offer service recovery | Recommend personalized content,
2095,2096,Harry Scott,joseconner@example.com,joseconner,2002-09-15,Female,Rubiofort,2024-02-27,2025-02-26,Monthly,0,0.5462483817034121,54.62,54.62,Medium,About to Leave,0.7440000000000001,0.08466666666666668,1,0,1,0,-48,4.5,1,0,Send renewal reminder | Offer Annual Plan discount | Assign priority support | Recommend personalized content,
2096,2097,Alec Price,egarcia@example.org,egarcia,1950-01-28,Female,Valenzuelabury,2024-02-10,2025-02-09,Monthly,0,0.5503107029830726,55.03,55.03,Medium,About to Leave,0.7500000000000001,0.09166666666666667,1,0,1,0,-65,5.0,1,0,Send renewal reminder | Offer Annual Plan discount | Assign priority support | Recommend personalized content,
2097,2098,Javier Phillips,arthur57@example.net,arthur57,1996-11-25,Female,North Ericport,2024-01-11,2025-01-10,Monthly,0,0.630790809383267,63.08,63.08,Medium,About to Leave,0.6272,0.060444444444444446,1,0,1,0,-95,3.6,1,0,Send renewal reminder | Offer Annual Plan discount | Assign priority support | Recommend personalized content,
2098,2099,Sandra Mcclure,isabella74@example.com,isabella74,1999-01-02,Female,Monicastad,2024-03-05,2025-03-05,Annual,0,0.41833152808362145,41.83,41.83,Medium,About to Leave,0.6888000000000001,0.0822857142857143,0,0,1,0,-41,4.4,0,0,Send renewal reminder | Assign priority support | Recommend personalized content,
2099,2100,Jessica Lam,ericaduran@example.org,ericaduran,1970-08-02,Female,Allisontown,2024-02-05,2025-02-04,Monthly,0,0.45255787578364626,45.26,45.26,Medium,About to Leave,0.7244,0.11760000000000001,1,0,0,0,-70,4.7,0,0,Send renewal reminder | Offer Annual Plan discount | Recommend personalized content,
2100,2101,James Hall,andrewstim@example.net,andrewstim,1960-08-08,Male,Kyleport,2024-04-06,2025-04-06,Annual,0,0.4447892091384015,44.48,44.48,Medium,About to Leave,0.7216,0.0932,0,0,1,0,-9,3.3,0,0,Send renewal reminder | Assign priority support | Collect feedback and offer service recovery | Recommend personalized content,
2101,2102,Sergio Sanchez,callen@example.com,callen,2004-08-20,Female,Sylviaport,2024-03-19,2025-03-19,Annual,0,0.2689607725765251,26.9,26.9,Low,Loyal,0.8236000000000001,0.8386666666666668,0,0,0,0,-27,4.3,0,0,Send renewal reminder | Recommend personalized content,Recommend premium Comedy bundle | Recommend premium device streaming bundle | Recommend offline mobile viewing pack | Offer loyalty reward / premium upsell
2102,2103,William Baker,charlessheppard@example.net,charlessheppard,1939-01-17,Female,West Shelbyfurt,2024-04-05,2025-04-05,Annual,0,0.46167168720680307,46.17,46.17,Medium,About to Leave,0.6896,0.06577777777777778,0,0,1,0,-10,4.8,0,0,Send renewal reminder | Assign priority support | Recommend personalized content,
2103,2104,Nicole Gomez,allenryan@example.com,allenryan,1997-07-18,Female,Christinemouth,2024-01-26,2025-01-25,Monthly,0,0.4145934211284728,41.46,41.46,Medium,About to Leave,0.8332,0.32133333333333336,1,0,0,0,-80,4.1,0,0,Send renewal reminder | Offer Annual Plan discount | Recommend personalized content,
2104,2105,John Morrow,cindyrogers@example.net,cindyrogers,1977-07-01,Female,Port Robertmouth,2024-01-18,2025-01-17,Annual,0,0.44189583537105,44.19,44.19,Medium,About to Leave,0.7196000000000001,0.07253333333333334,0,0,1,0,-88,4.8,0,0,Send renewal reminder | Assign priority support | Recommend personalized content,
2105,2106,Katherine Henderson,hernandeztravis@example.com,hernandeztravis,1981-10-08,Female,Lake Debraberg,2024-03-23,2025-03-23,Annual,0,0.2823834852167966,28.24,28.24,Low,Loyal,0.742,0.6733333333333333,0,0,0,0,-23,3.5,0,0,Send renewal reminder | Recommend personalized content,Recommend premium Action bundle | Recommend lifestyle and family content pack | Recommend family multi-screen plan
2106,2107,Veronica Smith,brittanyrojas@example.net,brittanyrojas,1980-03-10,Male,Haroldbury,2024-01-18,2025-01-17,Annual,0,0.2663578088981891,26.64,26.64,Low,Loyal,0.782,0.8066666666666668,0,0,0,0,-88,3.5,0,0,Send renewal reminder | Recommend personalized content,Recommend lifestyle and family content pack | Recommend offline mobile viewing pack | Offer loyalty reward / premium upsell
2107,2108,Ronnie Baker,xshaffer@example.com,xshaffer,1975-03-10,Female,Tiffanymouth,2024-01-14,2025-01-13,Monthly,0,0.665312175651137,66.53,66.53,High,About to Leave,0.6224,0.06911111111111111,1,0,0,1,-92,3.7,1,0,Send renewal reminder | Offer Annual Plan discount | Trigger engagement campaign | Recommend personalized content,
2108,2109,Ashley Perkins,qramsey@example.net,qramsey,1973-11-03,Male,Mcclainchester,2024-03-12,2025-03-12,Annual,0,0.31792846649904777,31.79,31.79,Low,About to Leave,0.7412,0.2635555555555556,0,0,0,0,-34,3.1,0,0,Send renewal reminder | Collect feedback and offer service recovery | Recommend personalized content,
2109,2110,Caleb Hill,heatherphillips@example.net,heatherphillips,1964-11-21,Female,Lake Erinshire,2024-03-19,2025-03-19,Monthly,0,0.4240395787065498,42.4,42.4,Medium,About to Leave,0.7976,0.1904,1,0,0,0,-27,3.8,0,0,Send renewal reminder | Offer Annual Plan discount | Recommend personalized content,
2110,2111,Robert Carr,abigailwilson@example.org,abigailwilson,1966-07-19,Female,East Anne,2024-01-22,2025-01-21,Monthly,0,0.4519820649404332,45.2,45.2,Medium,About to Leave,0.7468,0.2006666666666667,1,0,0,0,-84,3.4,0,0,Send renewal reminder | Offer Annual Plan discount | Collect feedback and offer service recovery | Recommend personalized content,
2111,2112,Nicholas Walker,lberg@example.com,lberg,1985-11-21,Female,West Erin,2024-02-01,2025-01-31,Monthly,1,0.848116155560012,84.81,84.81,High,About to Leave,0.5412,0.035515151515151513,1,0,1,1,-74,3.1,1,1,Send renewal reminder | Offer Annual Plan discount | Assign priority support | Trigger engagement campaign | Collect feedback and offer service recovery | Recommend personalized content,
2112,2113,Zachary Smith,heathershields@example.org,heathershields,1950-09-09,Female,Fletcherberg,2024-03-02,2025-03-02,Annual,0,0.6238674871084969,62.39,62.39,Medium,About to Leave,0.6184000000000001,0.0482962962962963,0,0,1,1,-44,4.2,1,0,Send renewal reminder | Assign priority support | Trigger engagement campaign | Recommend personalized content,
2113,2114,Leah Farrell,melodystanley@example.net,melodystanley,1933-05-07,Female,South Sue,2024-01-21,2025-01-20,Monthly,0,0.4481311677137913,44.81,44.81,Medium,About to Leave,0.7040000000000001,0.09666666666666668,1,0,0,0,-85,4.5,0,0,Send renewal reminder | Offer Annual Plan discount | Recommend personalized content,
2114,2115,Heidi Yoder,holly50@example.net,holly50,1955-01-20,Female,Sharonton,2024-02-10,2025-02-09,Monthly,0,0.41233614948970326,41.23,41.23,Medium,About to Leave,0.8495999999999999,0.8586666666666667,1,0,0,0,-65,4.8,0,0,Send renewal reminder | Offer Annual Plan discount | Recommend personalized content,
2115,2116,Gregory Perez,jerry34@example.net,jerry34,1999-12-13,Male,Port Morganhaven,2024-03-19,2025-03-19,Monthly,0,0.5777038436146975,57.77,57.77,Medium,About to Leave,0.7480000000000001,0.08727272727272728,1,0,1,0,-27,4.0,1,0,Send renewal reminder | Offer Annual Plan discount | Assign priority support | Recommend personalized content,
2116,2117,Tim Brown,michelefoster@example.com,michelefoster,1937-11-03,Female,Susanfurt,2024-02-15,2025-02-14,Monthly,0,0.43179345428576493,43.18,43.18,Medium,About to Leave,0.7576,0.16373333333333334,1,0,0,0,-60,3.8,0,0,Send renewal reminder | Offer Annual Plan discount | Recommend personalized content,
2117,2118,Michelle Foster DDS,brent52@example.org,brent52,1982-12-07,Male,Port Felicia,2024-03-09,2025-03-09,Annual,0,0.3034928470003433,30.35,30.35,Low,About to Leave,0.7891999999999999,0.14177777777777778,0,0,0,0,-37,4.6,0,0,Send renewal reminder | Recommend personalized content,
2118,2119,Jose Garcia,michael05@example.org,michael05,1946-11-28,Male,West Garrettfort,2024-01-28,2025-01-27,Annual,0,0.27155697007844104,27.16,27.16,Low,Loyal,0.7891999999999999,0.3586666666666667,0,0,0,0,-78,4.6,0,0,Send renewal reminder | Recommend personalized content,Recommend reading/documentary combo | Recommend mobile premium pack | Offer loyalty reward / premium upsell
2119,2120,Richard Casey,oyoung@example.org,oyoung,1993-09-09,Female,East Stephanie,2024-03-04,2025-03-04,Annual,0,0.450210077318194,45.02,45.02,Medium,About to Leave,0.7100000000000001,0.07500000000000001,0,0,1,0,-42,5.0,0,0,Send renewal reminder | Assign priority support | Recommend personalized content,
2120,2121,Eileen Thomas,phillipsaustin@example.net,phillipsaustin,1962-08-01,Female,South Sheilafurt,2024-03-30,2025-03-30,Annual,0,0.2676201091748234,26.76,26.76,Low,Loyal,0.7636000000000001,0.23511111111111113,0,0,0,0,-16,4.3,0,0,Send renewal reminder | Recommend personalized content,Recommend lifestyle and family content pack | Recommend mobile premium pack | Offer loyalty reward / premium upsell
2121,2122,Rachel Herrera,cmooney@example.org,cmooney,1939-06-19,Female,East Carlafurt,2024-01-25,2025-01-24,Monthly,0,0.6321502098589812,63.22,63.22,Medium,About to Leave,0.684,0.11166666666666666,1,0,0,1,-81,4.5,1,0,Send renewal reminder | Offer Annual Plan discount | Trigger engagement campaign | Recommend personalized content,
2122,2123,Whitney Williams,debramckinney@example.net,debramckinney,1939-01-17,Male,West Carlamouth,2024-02-22,2025-02-21,Monthly,0,0.550346966908329,55.03,55.03,Medium,About to Leave,0.7188000000000001,0.08866666666666667,1,0,1,0,-53,4.4,1,0,Send renewal reminder | Offer Annual Plan discount | Assign priority support | Recommend personalized content,
2123,2124,John Cooke,xpearson@example.com,xpearson,1986-12-13,Male,New Jenniferborough,2024-03-03,2025-03-03,Annual,0,0.45167457465707667,45.17,45.17,Medium,About to Leave,0.6612,0.09390476190476191,0,0,1,0,-43,3.1,0,0,Send renewal reminder | Assign priority support | Collect feedback and offer service recovery | Recommend personalized content,
2124,2125,Angela Atkins,sstevens@example.net,sstevens,1974-05-18,Male,Frederickview,2024-02-11,2025-02-10,Annual,0,0.3088101216549134,30.88,30.88,Low,About to Leave,0.6812,0.524,0,0,0,0,-64,3.1,0,0,Send renewal reminder | Collect feedback and offer service recovery | Recommend personalized content,
2125,2126,Stephen Price,amber88@example.net,amber88,1983-10-04,Female,East John,2024-02-16,2025-02-15,Annual,0,0.2907827628596075,29.08,29.08,Low,Loyal,0.7216,0.33266666666666667,0,0,0,0,-59,3.3,0,0,Send renewal reminder | Collect feedback and offer service recovery | Recommend personalized content,Recommend premium device streaming bundle | Recommend offline mobile viewing pack
2126,2127,Luis Phillips,shawn20@example.net,shawn20,1940-03-01,Female,Kennethton,2024-03-27,2025-03-27,Annual,0,0.30602258861952863,30.6,30.6,Low,About to Leave,0.7372,0.33866666666666667,0,0,0,0,-19,3.6,0,0,Send renewal reminder | Recommend personalized content,
2127,2128,Juan Moody,scott11@example.net,scott11,1980-03-23,Male,Mcgeefort,2024-03-19,2025-03-19,Monthly,0,0.5986637533084137,59.87,59.87,Medium,About to Leave,0.6536000000000001,0.05720000000000001,1,0,1,0,-27,4.3,1,0,Send renewal reminder | Offer Annual Plan discount | Assign priority support | Recommend personalized content,
2128,2129,Lauren Wallace,rrobinson@example.net,rrobinson,1990-07-14,Male,Justinhaven,2024-03-19,2025-03-19,Annual,0,0.4515529534502506,45.16,45.16,Medium,About to Leave,0.7236000000000001,0.07624242424242425,0,0,1,0,-27,4.3,0,0,Send renewal reminder | Assign priority support | Recommend personalized content,
2129,2130,Lisa Gay,olivercolton@example.net,olivercolton,1956-05-12,Male,North Michelle,2024-02-01,2025-01-31,Monthly,0,0.5006827252911306,50.07,50.07,Medium,About to Leave,0.636,0.10400000000000001,1,0,0,0,-74,3.0,1,0,Send renewal reminder | Offer Annual Plan discount | Collect feedback and offer service recovery | Recommend personalized content,
2130,2131,Kevin Miller,kristen14@example.org,kristen14,1940-05-20,Male,Port Stephen,2024-01-06,2025-01-05,Monthly,0,0.45956343597673016,45.96,45.96,Medium,About to Leave,0.7615999999999999,0.15533333333333335,1,0,0,0,-100,3.3,0,0,Send renewal reminder | Offer Annual Plan discount | Collect feedback and offer service recovery | Recommend personalized content,
2131,2132,Heather Powell,gcole@example.com,gcole,1983-09-24,Male,Rachelhaven,2024-03-28,2025-03-28,Annual,0,0.40103232807595296,40.1,40.1,Medium,About to Leave,0.7695999999999998,0.09540740740740741,0,0,1,0,-18,4.8,0,0,Send renewal reminder | Assign priority support | Recommend personalized content,
2132,2133,James Brown,iryan@example.com,iryan,1965-02-21,Female,Sharonmouth,2024-02-23,2025-02-22,Annual,0,0.4456651970165949,44.57,44.57,Medium,About to Leave,0.7048000000000001,0.11566666666666667,0,0,0,1,-52,4.9,0,0,Send renewal reminder | Trigger engagement campaign | Recommend personalized content,
2133,2134,Lauren Stevenson,laurenmyers@example.com,laurenmyers,1934-05-27,Male,Johnsonland,2024-01-01,2024-12-31,Monthly,0,0.5391509957964694,53.92,53.92,Medium,About to Leave,0.754,0.09407407407407409,1,0,1,0,-105,4.5,1,0,Send renewal reminder | Offer Annual Plan discount | Assign priority support | Recommend personalized content,
2134,2135,Kenneth Clark,dwright@example.net,dwright,1955-12-28,Male,Port Jamesfurt,2024-02-01,2025-01-31,Annual,0,0.30433717539054983,30.43,30.43,Low,About to Leave,0.7516,0.26622222222222225,0,0,0,0,-74,3.3,0,0,Send renewal reminder | Collect feedback and offer service recovery | Recommend personalized content,
2135,2136,Christine Williams,rodriguezcassandra@example.com,rodriguezcassandra,1937-10-23,Female,Lake Melindamouth,2024-03-27,2025-03-27,Monthly,0,0.44542439977156945,44.54,44.54,Medium,About to Leave,0.7076,0.276,1,0,0,0,-19,3.8,0,0,Send renewal reminder | Offer Annual Plan discount | Recommend personalized content,
2136,2137,Kevin Gonzalez,rebeccawilliamson@example.com,rebeccawilliamson,1947-11-16,Male,Cantushire,2024-01-20,2025-01-19,Annual,0,0.2824398922246338,28.24,28.24,Low,Loyal,0.7576,0.6853333333333333,0,0,0,0,-86,3.8,0,0,Send renewal reminder | Recommend personalized content,Recommend premium Drama bundle | Recommend reading/documentary combo | Recommend mobile premium pack
2137,2138,Dan Pennington,amycampbell@example.net,amycampbell,1997-10-23,Male,East Robert,2024-02-17,2025-02-16,Annual,0,0.4840848785405273,48.41,48.41,Medium,About to Leave,0.6324,0.08293333333333333,0,0,0,1,-58,3.7,1,0,Send renewal reminder | Trigger engagement campaign | Recommend personalized content,
2138,2139,Jason Smith,karen93@example.org,karen93,1965-06-01,Female,Lake Anitaland,2024-04-09,2025-04-09,Annual,0,0.27261014759382396,27.26,27.26,Low,Loyal,0.76,0.20000000000000004,0,0,0,0,-6,5.0,0,0,Send renewal reminder | Recommend personalized content,Recommend reading/documentary combo | Recommend offline mobile viewing pack
2139,2140,Brandi Johnson,zmoran@example.com,zmoran,1961-07-27,Female,New Malloryville,2024-03-04,2025-03-04,Monthly,0,0.5987962801074245,59.88,59.88,Medium,About to Leave,0.6788000000000001,0.11066666666666668,1,0,0,1,-42,4.4,1,0,Send renewal reminder | Offer Annual Plan discount | Trigger engagement campaign | Recommend personalized content,
2140,2141,Tiffany Lewis,theresa58@example.net,theresa58,1995-06-24,Female,Harmonton,2024-03-24,2025-03-24,Annual,0,0.4591703495599554,45.92,45.92,Medium,About to Leave,0.7144,0.22733333333333333,0,0,0,1,-22,4.7,0,0,Send renewal reminder | Trigger engagement campaign | Recommend personalized content,
2141,2142,Whitney Holden,jwelch@example.org,jwelch,1998-07-14,Female,Owensborough,2024-02-04,2025-02-03,Annual,0,0.29519758036427085,29.52,29.52,Low,Loyal,0.7564,0.15466666666666667,0,0,0,0,-71,3.2,0,0,Send renewal reminder | Collect feedback and offer service recovery | Recommend personalized content,Recommend lifestyle and family content pack | Recommend family multi-screen plan
2142,2143,Melissa Nguyen,rosealisha@example.org,rosealisha,1999-10-01,Male,South Melindaton,2024-02-24,2025-02-23,Annual,0,0.3101054283253227,31.01,31.01,Low,About to Leave,0.756,0.7866666666666667,0,0,0,0,-51,3.0,0,0,Send renewal reminder | Collect feedback and offer service recovery | Recommend personalized content,
2143,2144,Anthony Jacobs,ihernandez@example.net,ihernandez,1990-08-12,Female,Lake Erik,2024-01-27,2025-01-26,Monthly,0,0.43975915122836623,43.98,43.98,Medium,About to Leave,0.7612,0.7906666666666667,1,0,0,0,-79,3.1,0,0,Send renewal reminder | Offer Annual Plan discount | Collect feedback and offer service recovery | Recommend personalized content,
2144,2145,Anthony Fletcher,kevinmiller@example.org,kevinmiller,1987-02-02,Female,Hayesfurt,2024-02-21,2025-02-20,Annual,0,0.2940074450702474,29.4,29.4,Low,Loyal,0.7368,0.6693333333333333,0,0,0,0,-54,3.4,0,0,Send renewal reminder | Collect feedback and offer service recovery | Recommend personalized content,Recommend premium Action bundle | Recommend reading/documentary combo | Recommend family multi-screen plan
2145,2146,Christopher Odonnell,richard37@example.org,richard37,1967-02-17,Male,West Robertburgh,2024-03-15,2025-03-15,Monthly,0,0.5322780045562612,53.23,53.23,Medium,About to Leave,0.8036000000000001,0.13885714285714287,1,0,1,0,-31,4.3,1,0,Send renewal reminder | Offer Annual Plan discount | Assign priority support | Recommend personalized content,
2146,2147,Benjamin Martinez,brandonmatthews@example.com,brandonmatthews,1950-01-07,Female,Gonzaleztown,2024-03-23,2025-03-23,Monthly,0,0.47089649424664776,47.09,47.09,Medium,About to Leave,0.7071999999999999,0.13546666666666668,1,0,0,0,-23,3.6,0,0,Send renewal reminder | Offer Annual Plan discount | Recommend personalized content,
2147,2148,William Navarro,brenda66@example.com,brenda66,1970-01-19,Female,East Alexandriafort,2024-01-25,2025-01-24,Annual,0,0.5061434450663334,50.61,50.61,Medium,About to Leave,0.6124,0.049818181818181824,0,0,1,0,-81,3.7,1,0,Send renewal reminder | Assign priority support | Recommend personalized content,
2148,2149,Allison Anderson,patty13@example.com,patty13,2003-12-03,Female,Bennettburgh,2024-04-04,2025-04-04,Annual,0,0.2972750806002714,29.73,29.73,Low,Loyal,0.7448,0.14900000000000002,0,0,0,0,-11,4.9,0,0,Send renewal reminder | Recommend personalized content,Recommend premium Drama bundle | Recommend reading/documentary combo | Recommend offline mobile viewing pack
2149,2150,Donna Mcdonald,julie02@example.org,julie02,1998-07-22,Male,East Kristin,2024-03-28,2025-03-28,Annual,0,0.28384845175408757,28.38,28.38,Low,Loyal,0.7944000000000001,0.14244444444444446,0,0,0,0,-18,4.7,0,0,Send renewal reminder | Recommend personalized content,Recommend reading/documentary combo | Recommend family multi-screen plan | Offer loyalty reward / premium upsell
2150,2151,Jamie Thomas,melissa14@example.org,melissa14,1979-03-10,Female,East Jessica,2024-01-03,2025-01-02,Monthly,0,0.44115438843335364,44.12,44.12,Medium,About to Leave,0.7020000000000001,0.54,1,0,0,0,-103,3.5,0,0,Send renewal reminder | Offer Annual Plan discount | Recommend personalized content,
2151,2152,Ernest Moses,david32@example.org,david32,1995-07-28,Female,Andersonside,2024-01-03,2025-01-02,Annual,0,0.2558169495687588,25.58,25.58,Low,Loyal,0.7784000000000001,0.7013333333333334,0,0,0,0,-103,4.2,0,0,Send renewal reminder | Recommend personalized content,Recommend premium Action bundle | Recommend premium device streaming bundle | Recommend family multi-screen plan | Offer loyalty reward / premium upsell
2152,2153,Matthew Hanson,kwest@example.com,kwest,1994-10-13,Female,North Claytonburgh,2024-02-10,2025-02-09,Annual,0,0.43596119900511004,43.6,43.6,Medium,About to Leave,0.6812,0.08785185185185186,0,0,1,0,-65,3.1,0,0,Send renewal reminder | Assign priority support | Collect feedback and offer service recovery | Recommend personalized content,
2153,2154,Veronica Kelley,xjenkins@example.org,xjenkins,1955-10-06,Male,Millerchester,2024-04-03,2025-04-03,Annual,0,0.4831283953471992,48.31,48.31,Medium,About to Leave,0.6436000000000001,0.052000000000000005,0,0,1,0,-12,4.3,1,0,Send renewal reminder | Assign priority support | Recommend personalized content,
2154,2155,Linda Reeves,angel63@example.net,angel63,1949-08-28,Female,Maryside,2024-01-29,2025-01-28,Annual,0,0.4888406736977513,48.88,48.88,Medium,About to Leave,0.6948000000000001,0.09253333333333333,0,0,0,1,-77,4.9,1,0,Send renewal reminder | Trigger engagement campaign | Recommend personalized content,
2155,2156,Christopher Mendoza,harmontheresa@example.com,harmontheresa,1984-01-10,Male,East Richard,2024-04-09,2025-04-09,Monthly,0,0.42835544658999347,42.84,42.84,Medium,About to Leave,0.7432,0.17433333333333334,1,0,0,0,-6,4.1,0,0,Send renewal reminder | Offer Annual Plan discount | Recommend personalized content,
2156,2157,Jesus Robertson,bennettlauren@example.org,bennettlauren,1966-11-09,Female,Lake Patriciamouth,2024-04-03,2025-04-03,Annual,0,0.3231720168267833,32.32,32.32,Low,About to Leave,0.7316,0.15973333333333334,0,0,0,0,-12,3.3,0,0,Send renewal reminder | Collect feedback and offer service recovery | Recommend personalized content,
2157,2158,Jamie Gilmore,amber55@example.com,amber55,1957-07-30,Male,South Kevin,2024-01-02,2025-01-01,Monthly,0,0.5745591420837888,57.46,57.46,Medium,About to Leave,0.7084000000000001,0.08766666666666667,1,0,1,0,-104,4.2,1,0,Send renewal reminder | Offer Annual Plan discount | Assign priority support | Recommend personalized content,
2158,2159,James Collins,ahernandez@example.org,ahernandez,1946-09-19,Male,South Hannahfort,2024-02-04,2025-02-03,Monthly,0,0.4503568619082427,45.04,45.04,Medium,About to Leave,0.7336,0.28600000000000003,1,0,0,0,-71,4.3,0,0,Send renewal reminder | Offer Annual Plan discount | Recommend personalized content,
2159,2160,Miss Mary Dunn,edward98@example.org,edward98,1937-04-10,Female,Joshuastad,2024-03-25,2025-03-25,Annual,0,0.26492572775732626,26.49,26.49,Low,Loyal,0.7788,0.3546666666666667,0,0,0,0,-21,4.4,0,0,Send renewal reminder | Recommend personalized content,Recommend premium Comedy bundle | Recommend premium device streaming bundle | Recommend offline mobile viewing pack | Offer loyalty reward / premium upsell
2160,2161,Brian Garner,lowetamara@example.org,lowetamara,1997-05-04,Female,East Derek,2024-03-06,2025-03-06,Annual,0,0.29015049037371776,29.02,29.02,Low,Loyal,0.7995999999999999,0.1431111111111111,0,0,0,0,-40,4.8,0,0,Send renewal reminder | Recommend personalized content,Recommend premium Action bundle | Recommend premium device streaming bundle | Recommend mobile premium pack | Offer loyalty reward / premium upsell
2161,2162,Rebecca Kennedy,brittanygoodman@example.net,brittanygoodman,1958-09-15,Female,Thomasville,2024-03-05,2025-03-05,Monthly,0,0.5918233562690293,59.18,59.18,Medium,About to Leave,0.6580000000000001,0.07,1,0,1,0,-41,4.0,1,0,Send renewal reminder | Offer Annual Plan discount | Assign priority support | Recommend personalized content,
2162,2163,Heather Rivera,fodom@example.com,fodom,1980-01-21,Female,Lake Jeffreychester,2024-04-10,2025-04-10,Monthly,0,0.438551904260453,43.86,43.86,Medium,About to Leave,0.8076,0.23800000000000002,1,0,0,0,-5,3.8,0,0,Send renewal reminder | Offer Annual Plan discount | Recommend personalized content,
2163,2164,Vanessa Harris,kathygarrison@example.com,kathygarrison,1956-01-26,Female,New Carolberg,2024-01-31,2025-01-30,Annual,0,0.27152216231492193,27.15,27.15,Low,Loyal,0.7736000000000001,0.1397777777777778,0,0,0,0,-75,4.3,0,0,Send renewal reminder | Recommend personalized content,Recommend lifestyle and family content pack | Recommend family multi-screen plan | Offer loyalty reward / premium upsell
2164,2165,Mr. Noah Hebert,patrickhenderson@example.org,patrickhenderson,1973-01-16,Female,Lake Edwin,2024-01-12,2025-01-11,Monthly,0,0.39837439159741633,39.84,39.84,Medium,About to Leave,0.7836000000000001,0.7053333333333334,1,0,0,0,-94,4.3,0,0,Send renewal reminder | Offer Annual Plan discount | Recommend personalized content,
2165,2166,Jerry Clark,jasmine55@example.com,jasmine55,1958-02-22,Male,Sellersberg,2024-01-21,2025-01-20,Monthly,0,0.6109158413463517,61.09,61.09,Medium,About to Leave,0.6896,0.09173333333333333,1,0,0,1,-85,4.8,1,0,Send renewal reminder | Offer Annual Plan discount | Trigger engagement campaign | Recommend personalized content,
2166,2167,Kim James,frank53@example.org,frank53,1940-01-23,Male,Shawnmouth,2024-01-06,2025-01-05,Monthly,0,0.5381741791618366,53.82,53.82,Medium,About to Leave,0.7548000000000001,0.1041904761904762,1,0,1,0,-100,4.9,1,0,Send renewal reminder | Offer Annual Plan discount | Assign priority support | Recommend personalized content,
2167,2168,April Long,apatterson@example.org,apatterson,2004-10-13,Female,North Sheri,2024-01-17,2025-01-16,Annual,0,0.26284912360406043,26.28,26.28,Low,Loyal,0.7524000000000001,0.6813333333333333,0,0,0,0,-89,3.7,0,0,Send renewal reminder | Recommend personalized content,Recommend premium Documentary bundle | Recommend lifestyle and family content pack | Recommend offline mobile viewing pack
2168,2169,Michael Johnson,stephenstevens@example.com,stephenstevens,1979-10-28,Male,South Patricktown,2024-04-05,2025-04-05,Annual,0,0.28508733029194105,28.51,28.51,Low,Loyal,0.7716000000000001,0.7986666666666667,0,0,0,0,-10,3.3,0,0,Send renewal reminder | Collect feedback and offer service recovery | Recommend personalized content,Recommend premium device streaming bundle | Recommend family multi-screen plan | Offer loyalty reward / premium upsell
2169,2170,Vincent Conner,aaronking@example.net,aaronking,1995-06-28,Female,Lake Davidbury,2024-01-31,2025-01-30,Monthly,0,0.5793788208635761,57.94,57.94,Medium,About to Leave,0.6636,0.06355555555555556,1,0,1,0,-75,4.3,1,0,Send renewal reminder | Offer Annual Plan discount | Assign priority support | Recommend personalized content,
2170,2171,Jordan Stephens,thompsonterrance@example.com,thompsonterrance,1988-08-11,Male,Elliottberg,2024-03-02,2025-03-02,Monthly,0,0.5919874732838719,59.2,59.2,Medium,About to Leave,0.7080000000000001,0.07515151515151516,1,0,1,0,-44,4.0,1,0,Send renewal reminder | Offer Annual Plan discount | Assign priority support | Recommend personalized content,
2171,2172,Stefanie Robinson,austin94@example.net,austin94,1962-05-15,Male,North Maria,2024-03-24,2025-03-24,Annual,0,0.43539887351302553,43.54,43.54,Medium,About to Leave,0.6696000000000001,0.05381818181818183,0,0,1,0,-22,4.8,0,0,Send renewal reminder | Assign priority support | Recommend personalized content,
2172,2173,Rachael Ramos,brian67@example.com,brian67,2002-09-30,Female,New Lisa,2024-01-26,2025-01-25,Annual,0,0.4834398314822376,48.34,48.34,Medium,About to Leave,0.6624,0.20733333333333331,0,0,0,1,-80,3.7,1,0,Send renewal reminder | Trigger engagement campaign | Recommend personalized content,
2173,2174,Jerry Romero,christinareese@example.net,christinareese,1967-07-19,Female,New Jenniferberg,2024-02-20,2025-02-19,Monthly,0,0.576382049626464,57.64,57.64,Medium,About to Leave,0.6991999999999999,0.06521212121212122,1,0,1,0,-55,4.6,1,0,Send renewal reminder | Offer Annual Plan discount | Assign priority support | Recommend personalized content,
2174,2175,Joe Buchanan,lindalevy@example.net,lindalevy,1989-12-03,Male,East Rebecca,2024-04-02,2025-04-02,Monthly,0,0.4272306978839797,42.72,42.72,Medium,About to Leave,0.8132,0.8306666666666668,1,0,0,0,-13,4.1,0,0,Send renewal reminder | Offer Annual Plan discount | Recommend personalized content,
2175,2176,Richard Martinez,kellymiller@example.com,kellymiller,1939-10-13,Female,North Joshuaburgh,2024-02-27,2025-02-26,Annual,0,0.37273040794274115,37.27,37.27,Medium,About to Leave,0.7888000000000002,0.10844444444444445,0,0,1,0,-48,4.4,0,0,Send renewal reminder | Assign priority support | Recommend personalized content,
2176,2177,Stephen Shaw,derek79@example.org,derek79,1942-09-13,Female,West Brandiside,2024-01-27,2025-01-26,Monthly,0,0.49105591088945,49.11,49.11,Medium,About to Leave,0.7040000000000001,0.09666666666666668,1,0,0,0,-79,4.5,1,0,Send renewal reminder | Offer Annual Plan discount | Recommend personalized content,
2177,2178,Meghan Martin,qhill@example.org,qhill,1935-02-15,Female,Kennedyborough,2024-03-09,2025-03-09,Annual,0,0.31247918941667463,31.25,31.25,Low,About to Leave,0.7392000000000001,0.19466666666666668,0,0,0,0,-37,4.6,0,0,Send renewal reminder | Recommend personalized content,
2178,2179,Ann Page,bdelacruz@example.org,bdelacruz,1974-03-21,Male,Emilyton,2024-04-12,2025-04-12,Monthly,0,0.5795151533356927,57.95,57.95,Medium,About to Leave,0.7084000000000001,0.08766666666666667,1,0,1,0,-3,4.2,1,0,Send renewal reminder | Offer Annual Plan discount | Assign priority support | Recommend personalized content,
2179,2180,Vanessa Williams,kristinelewis@example.org,kristinelewis,1976-08-25,Female,Port Johnview,2024-02-09,2025-02-08,Monthly,0,0.46900510165150633,46.9,46.9,Medium,About to Leave,0.7388,0.11822222222222223,1,0,0,0,-66,4.4,0,0,Send renewal reminder | Offer Annual Plan discount | Recommend personalized content,
2180,2181,Alexander Harris,austin55@example.net,austin55,1998-09-10,Male,Henryburgh,2024-01-28,2025-01-27,Annual,0,0.3438420246885299,34.38,34.38,Low,About to Leave,0.6932,0.11280000000000001,0,0,0,0,-78,4.1,0,0,Send renewal reminder | Recommend personalized content,
2181,2182,Henry Campbell,anthonykeller@example.org,anthonykeller,1984-10-09,Male,Waltersbury,2024-04-14,2025-04-14,Monthly,0,0.5971714501746497,59.72,59.72,Medium,About to Leave,0.6416000000000001,0.06653333333333333,1,0,1,0,-1,3.3,1,0,Send renewal reminder | Offer Annual Plan discount | Assign priority support | Collect feedback and offer service recovery | Recommend personalized content,
2182,2183,Heather Williams,seannorris@example.net,seannorris,1983-05-12,Female,Lake Jacqueline,2024-03-08,2025-03-08,Monthly,0,0.4702720873233717,47.03,47.03,Medium,About to Leave,0.7232000000000001,0.28200000000000003,1,0,0,0,-38,4.1,0,0,Send renewal reminder | Offer Annual Plan discount | Recommend personalized content,
2183,2184,Robert Davis,anthony28@example.net,anthony28,1966-06-28,Male,North Kristinahaven,2024-03-12,2025-03-12,Monthly,0,0.5522707424734392,55.23,55.23,Medium,About to Leave,0.7340000000000001,0.07696969696969698,1,0,1,0,-34,4.5,1,0,Send renewal reminder | Offer Annual Plan discount | Assign priority support | Recommend personalized content,
2184,2185,Shannon Conner,jacqueline84@example.com,jacqueline84,1966-11-24,Male,North Tiffany,2024-03-29,2025-03-29,Annual,0,0.4588449389021832,45.88,45.88,Medium,About to Leave,0.6740000000000002,0.06444444444444446,0,0,1,0,-17,4.5,0,0,Send renewal reminder | Assign priority support | Recommend personalized content,
2185,2186,Charles Edwards,denisefox@example.com,denisefox,1963-10-04,Female,Port Sethhaven,2024-03-12,2025-03-12,Annual,0,0.28186604096966233,28.19,28.19,Low,Loyal,0.7832,0.2076666666666667,0,0,0,0,-34,4.1,0,0,Send renewal reminder | Recommend personalized content,Recommend premium Documentary bundle | Recommend reading/documentary combo | Recommend offline mobile viewing pack | Offer loyalty reward / premium upsell
2186,2187,Jeff Evans,rachelstevens@example.com,rachelstevens,1939-04-07,Female,East Sarahstad,2024-01-03,2025-01-02,Annual,0,0.2176198461176421,21.76,21.76,Low,Loyal,0.8948000000000002,0.9960000000000001,0,0,0,0,-103,4.9,0,0,Send renewal reminder | Recommend personalized content,Recommend premium Documentary bundle | Recommend premium device streaming bundle | Recommend family multi-screen plan | Offer loyalty reward / premium upsell
2187,2188,Jill White,ocobb@example.com,ocobb,1947-02-07,Male,Lake Mark,2024-02-16,2025-02-15,Monthly,0,0.4037585479910742,40.38,40.38,Medium,About to Leave,0.8392,0.8506666666666667,1,0,0,0,-59,4.6,0,0,Send renewal reminder | Offer Annual Plan discount | Recommend personalized content,
2188,2189,Tracey Mora,vthomas@example.com,vthomas,1952-12-26,Female,Stevenport,2024-01-12,2025-01-11,Annual,0,0.25065436315337175,25.07,25.07,Low,Loyal,0.8288000000000001,0.8426666666666668,0,0,0,0,-94,4.4,0,0,Send renewal reminder | Recommend personalized content,Recommend premium device streaming bundle | Recommend offline mobile viewing pack | Offer loyalty reward / premium upsell
2189,2190,Brent Young,dlane@example.com,dlane,1946-12-14,Male,North Timchester,2024-04-08,2025-04-08,Annual,0,0.4937725072269193,49.38,49.38,Medium,About to Leave,0.5960000000000001,0.05777777777777778,0,0,1,0,-7,3.0,1,0,Send renewal reminder | Assign priority support | Collect feedback and offer service recovery | Recommend personalized content,
2190,2191,David Wood,wward@example.net,wward,1991-03-24,Male,Harrisonton,2024-01-12,2025-01-11,Monthly,0,0.5800348758509716,58.0,58.0,Medium,About to Leave,0.6980000000000001,0.08666666666666667,1,0,1,0,-94,4.0,1,0,Send renewal reminder | Offer Annual Plan discount | Assign priority support | Recommend personalized content,
2191,2192,Shawn Carter,mccarthykathleen@example.com,mccarthykathleen,1933-07-08,Male,Oliviachester,2024-03-13,2025-03-13,Monthly,0,0.46867791608394627,46.87,46.87,Medium,About to Leave,0.7224,0.17033333333333334,1,0,0,0,-33,3.7,0,0,Send renewal reminder | Offer Annual Plan discount | Recommend personalized content,
2192,2193,Daniel Maldonado,thomasoneill@example.com,thomasoneill,1996-04-05,Female,Lake Deanmouth,2024-01-02,2025-01-01,Monthly,0,0.541309713211154,54.13,54.13,Medium,About to Leave,0.7544000000000002,0.08546666666666668,1,0,1,0,-104,4.7,1,0,Send renewal reminder | Offer Annual Plan discount | Assign priority support | Recommend personalized content,
2193,2194,Tyler Taylor,anthony10@example.com,anthony10,2004-12-17,Male,Lake Jerry,2024-01-10,2025-01-09,Monthly,0,0.47928453122486975,47.93,47.93,Medium,About to Leave,0.6572,0.09066666666666667,1,0,0,0,-96,3.6,1,0,Send renewal reminder | Offer Annual Plan discount | Recommend personalized content,
2194,2195,Elizabeth Carter,karen42@example.net,karen42,1968-08-14,Female,Aaronstad,2024-02-18,2025-02-17,Annual,0,0.28191826969901673,28.19,28.19,Low,Loyal,0.8144000000000001,0.2136666666666667,0,0,0,0,-57,4.7,0,0,Send renewal reminder | Recommend personalized content,Recommend reading/documentary combo | Recommend offline mobile viewing pack | Offer loyalty reward / premium upsell
2195,2196,Kevin Galloway,allenbenjamin@example.net,allenbenjamin,1981-10-04,Male,Cochranville,2024-03-21,2025-03-21,Monthly,0,0.6585103779225628,65.85,65.85,High,About to Leave,0.6268,0.10066666666666665,1,0,0,1,-25,3.4,1,0,Send renewal reminder | Offer Annual Plan discount | Trigger engagement campaign | Collect feedback and offer service recovery | Recommend personalized content,
2196,2197,Donna Castillo,prichards@example.net,prichards,1978-03-27,Male,Reedport,2024-04-14,2025-04-14,Monthly,1,0.7569639363821076,75.7,75.7,High,About to Leave,0.5968,0.05752380952380952,1,0,1,1,-1,3.4,1,1,Send renewal reminder | Offer Annual Plan discount | Assign priority support | Trigger engagement campaign | Collect feedback and offer service recovery | Recommend personalized content,
2197,2198,Jennifer Hamilton,rebeccaochoa@example.com,rebeccaochoa,1996-01-22,Male,North Richard,2024-03-29,2025-03-29,Monthly,0,0.5949564328768372,59.5,59.5,Medium,About to Leave,0.6584000000000001,0.06311111111111112,1,0,1,0,-17,4.2,1,0,Send renewal reminder | Offer Annual Plan discount | Assign priority support | Recommend personalized content,
2198,2199,Willie Bennett,misty07@example.org,misty07,1947-05-12,Male,South Toddborough,2024-04-09,2025-04-09,Monthly,0,0.5677056715496663,56.77,56.77,Medium,About to Leave,0.7384000000000002,0.09274074074074075,1,0,1,0,-6,4.2,1,0,Send renewal reminder | Offer Annual Plan discount | Assign priority support | Recommend personalized content,
2199,2200,Susan Knight,smithjason@example.org,smithjason,1988-07-18,Male,Hensonchester,2024-02-20,2025-02-19,Annual,0,0.4888449189007599,48.88,48.88,Medium,About to Leave,0.6359999999999999,0.0725925925925926,0,0,1,0,-55,3.0,1,0,Send renewal reminder | Assign priority support | Collect feedback and offer service recovery | Recommend personalized content,
2200,2201,Joseph Drake,melindajohnson@example.com,melindajohnson,1965-07-28,Male,Lake Kimberly,2024-04-12,2025-04-12,Monthly,0,0.43339100512218326,43.34,43.34,Medium,About to Leave,0.7491999999999999,0.11955555555555557,1,0,0,0,-3,4.6,0,0,Send renewal reminder | Offer Annual Plan discount | Recommend personalized content,
2201,2202,Gina Carey,angel52@example.org,angel52,1952-02-07,Male,North Eric,2024-03-10,2025-03-10,Monthly,0,0.35841804145640627,35.84,35.84,Medium,About to Leave,0.8896,0.992,1,0,0,0,-36,4.8,0,0,Send renewal reminder | Offer Annual Plan discount | Recommend personalized content,
2202,2203,Jessica King,downslawrence@example.com,downslawrence,1992-08-12,Female,Hunterburgh,2024-03-27,2025-03-27,Monthly,0,0.5629019057535314,56.29,56.29,Medium,About to Leave,0.7028000000000001,0.09847619047619048,1,0,1,0,-19,3.9,1,0,Send renewal reminder | Offer Annual Plan discount | Assign priority support | Recommend personalized content,
2203,2204,Christopher Oliver,thompsonlauren@example.org,thompsonlauren,1969-02-11,Female,Davidshire,2024-02-27,2025-02-26,Annual,0,0.2649555985829414,26.5,26.5,Low,Loyal,0.8448000000000001,0.166,0,0,0,0,-48,4.9,0,0,Send renewal reminder | Recommend personalized content,Recommend premium Comedy bundle | Recommend lifestyle and family content pack | Recommend mobile premium pack | Offer loyalty reward / premium upsell
2204,2205,Beth Johnson,jenniferjohnson@example.net,jenniferjohnson,2000-11-13,Female,Jessicabury,2024-04-09,2025-04-09,Annual,0,0.2957843371888126,29.58,29.58,Low,Loyal,0.712,0.16833333333333333,0,0,0,0,-6,3.5,0,0,Send renewal reminder | Recommend personalized content,Recommend premium Sci-Fi bundle | Recommend reading/documentary combo | Recommend family multi-screen plan
2205,2206,Jonathan Dixon,tammymanning@example.net,tammymanning,1976-06-17,Female,Lake Brittanyhaven,2024-02-22,2025-02-21,Monthly,0,0.5530938364188474,55.31,55.31,Medium,About to Leave,0.722,0.11523809523809525,1,0,1,0,-53,3.5,1,0,Send renewal reminder | Offer Annual Plan discount | Assign priority support | Recommend personalized content,
2206,2207,Jennifer King,gordonkaren@example.com,gordonkaren,2002-12-31,Female,North James,2024-03-12,2025-03-12,Monthly,0,0.4423152262572526,44.23,44.23,Medium,About to Leave,0.7336,0.11755555555555557,1,0,0,0,-34,4.3,0,0,Send renewal reminder | Offer Annual Plan discount | Recommend personalized content,
2207,2208,Tina Burke,jenniferevans@example.org,jenniferevans,1964-10-03,Female,Christineberg,2024-03-04,2025-03-04,Annual,0,0.24556826994946349,24.56,24.56,Low,Loyal,0.8240000000000001,0.4233333333333334,0,0,0,0,-42,4.5,0,0,Send renewal reminder | Recommend personalized content,Recommend premium Documentary bundle | Recommend premium device streaming bundle | Recommend offline mobile viewing pack | Offer loyalty reward / premium upsell
2208,2209,Mary Dunn,ojimenez@example.com,ojimenez,1959-12-30,Female,Port Brandonfort,2024-03-25,2025-03-25,Annual,0,0.44622164073327275,44.62,44.62,Medium,About to Leave,0.6576000000000001,0.062303030303030305,0,0,1,0,-21,3.8,0,0,Send renewal reminder | Assign priority support | Recommend personalized content,
2209,2210,Jacob Mitchell,wfox@example.net,wfox,2001-01-05,Male,Lopezfurt,2024-02-09,2025-02-08,Monthly,0,0.5570150116737014,55.7,55.7,Medium,About to Leave,0.7088000000000001,0.07881481481481482,1,0,1,0,-66,4.4,1,0,Send renewal reminder | Offer Annual Plan discount | Assign priority support | Recommend personalized content,
2210,2211,Jennifer Watts,georgepeterson@example.com,georgepeterson,1933-06-07,Female,Hernandezfurt,2024-03-13,2025-03-13,Monthly,0,0.5931464870352313,59.31,59.31,Medium,About to Leave,0.6568,0.07437037037037036,1,0,1,0,-33,3.4,1,0,Send renewal reminder | Offer Annual Plan discount | Assign priority support | Collect feedback and offer service recovery | Recommend personalized content,
2211,2212,Shirley Salazar,margarethodge@example.org,margarethodge,1995-03-04,Male,Derekmouth,2024-02-03,2025-02-02,Annual,0,0.4213816158036948,42.14,42.14,Medium,About to Leave,0.7548000000000001,0.07842424242424244,0,0,1,0,-72,4.9,0,0,Send renewal reminder | Assign priority support | Recommend personalized content,
2212,2213,Kayla Kelley,bradyronnie@example.com,bradyronnie,1992-07-18,Male,Robinsonville,2024-01-02,2025-01-01,Annual,0,0.3971009321593524,39.71,39.71,Medium,About to Leave,0.7236,0.10076190476190476,0,0,1,0,-104,4.3,0,0,Send renewal reminder | Assign priority support | Recommend personalized content,
2213,2214,Eric Moore,shannonortiz@example.com,shannonortiz,1983-09-13,Male,Amberfurt,2024-01-23,2025-01-22,Annual,0,0.2514963341428013,25.15,25.15,Low,Loyal,0.8340000000000001,0.8466666666666668,0,0,0,0,-83,4.5,0,0,Send renewal reminder | Recommend personalized content,Recommend premium Action bundle | Recommend lifestyle and family content pack | Recommend mobile premium pack | Offer loyalty reward / premium upsell
2214,2215,Darren Hall,brian96@example.org,brian96,1981-01-01,Male,Cummingsfort,2024-02-06,2025-02-05,Monthly,0,0.41665927478808196,41.67,41.67,Medium,About to Leave,0.7996000000000001,0.3626666666666667,1,0,0,0,-69,4.8,0,0,Send renewal reminder | Offer Annual Plan discount | Recommend personalized content,
2215,2216,Ralph Norris,cgordon@example.com,cgordon,1991-01-14,Male,New Jennifer,2024-02-10,2025-02-09,Monthly,0,0.5011214360206054,50.11,50.11,Medium,About to Leave,0.6759999999999999,0.13066666666666665,1,0,0,0,-65,3.0,1,0,Send renewal reminder | Offer Annual Plan discount | Collect feedback and offer service recovery | Recommend personalized content,
2216,2217,Mr. John Jimenez,rodney08@example.net,rodney08,1958-08-10,Female,Stanleyview,2024-01-30,2025-01-29,Monthly,0,0.586376214590435,58.64,58.64,Medium,About to Leave,0.6792,0.0648888888888889,1,0,1,0,-76,4.6,1,0,Send renewal reminder | Offer Annual Plan discount | Assign priority support | Recommend personalized content,
2217,2218,Sydney Williamson,ycollins@example.org,ycollins,1971-02-09,Male,East Andrew,2024-01-24,2025-01-23,Monthly,0,0.45409170438995466,45.41,45.41,Medium,About to Leave,0.7736000000000001,0.1397777777777778,1,0,0,0,-82,4.3,0,0,Send renewal reminder | Offer Annual Plan discount | Recommend personalized content,
2218,2219,Martin Berg,lroberts@example.com,lroberts,1945-06-29,Male,North Ivanville,2024-03-26,2025-03-26,Annual,0,0.5037625736228457,50.38,50.38,Medium,About to Leave,0.6068,0.0536,0,0,1,0,-20,3.4,1,0,Send renewal reminder | Assign priority support | Collect feedback and offer service recovery | Recommend personalized content,
2219,2220,David Lam,sanderssusan@example.com,sanderssusan,1955-02-06,Male,Combsfurt,2024-02-03,2025-02-02,Monthly,0,0.5963282787471079,59.63,59.63,Medium,About to Leave,0.6644000000000001,0.05345454545454546,1,0,1,0,-72,4.7,1,0,Send renewal reminder | Offer Annual Plan discount | Assign priority support | Recommend personalized content,
2220,2221,Tammie Gonzalez,tylerlong@example.org,tylerlong,1990-01-04,Female,Georgeside,2024-02-26,2025-02-25,Annual,0,0.32161562237495317,32.16,32.16,Low,About to Leave,0.7344,0.14700000000000002,0,0,0,0,-49,4.7,0,0,Send renewal reminder | Recommend personalized content,
2221,2222,Rhonda Fitzpatrick,cody41@example.com,cody41,1951-01-20,Male,Williamsstad,2024-02-27,2025-02-26,Annual,0,0.44140167699702465,44.14,44.14,Medium,About to Leave,0.672,0.08416666666666667,0,0,1,0,-48,3.5,0,0,Send renewal reminder | Assign priority support | Recommend personalized content,
2222,2223,Andrew Kim,jmyers@example.net,jmyers,1989-12-27,Female,Johnsonville,2024-01-26,2025-01-25,Annual,0,0.4016754353072673,40.17,40.17,Medium,About to Leave,0.7428000000000001,0.11752380952380954,0,0,1,0,-80,3.9,0,0,Send renewal reminder | Assign priority support | Recommend personalized content,
2223,2224,Amy Simmons,brandonmendez@example.org,brandonmendez,1994-12-31,Female,Port Mauriceberg,2024-04-05,2025-04-05,Monthly,0,0.44225832138723015,44.23,44.23,Medium,About to Leave,0.7612,0.7906666666666667,1,0,0,0,-10,3.1,0,0,Send renewal reminder | Offer Annual Plan discount | Collect feedback and offer service recovery | Recommend personalized content,
2224,2225,Benjamin Stafford,igray@example.net,igray,1958-02-13,Male,Wilkinsville,2024-01-07,2025-01-06,Monthly,0,0.723328631661367,72.33,72.33,High,About to Leave,0.6648000000000002,0.057833333333333334,1,0,1,1,-99,4.9,1,0,Send renewal reminder | Offer Annual Plan discount | Assign priority support | Trigger engagement campaign | Recommend personalized content,
2225,2226,Christopher Conway,millermichelle@example.com,millermichelle,1948-12-26,Male,Robbinsborough,2024-04-02,2025-04-02,Annual,0,0.46490380417255944,46.49,46.49,Medium,About to Leave,0.678,0.06933333333333333,0,0,1,0,-13,4.0,0,0,Send renewal reminder | Assign priority support | Recommend personalized content,
2226,2227,Paul Castillo,harrissean@example.com,harrissean,1984-09-13,Male,Johnsonfort,2024-01-27,2025-01-26,Monthly,0,0.6430932933177811,64.31,64.31,Medium,About to Leave,0.6063999999999999,0.07893333333333333,1,0,0,1,-79,3.2,1,0,Send renewal reminder | Offer Annual Plan discount | Trigger engagement campaign | Collect feedback and offer service recovery | Recommend personalized content,
2227,2228,Carrie Aguilar,cbrown@example.org,cbrown,2002-04-11,Male,West Shanefort,2024-03-22,2025-03-22,Monthly,0,0.4693848813436273,46.94,46.94,Medium,About to Leave,0.7268,0.33466666666666667,1,0,0,0,-24,3.4,0,0,Send renewal reminder | Offer Annual Plan discount | Collect feedback and offer service recovery | Recommend personalized content,
2228,2229,Jason Rivera,christopherrussell@example.net,christopherrussell,1972-09-09,Male,Walkerport,2024-01-30,2025-01-29,Annual,0,0.29277881554832685,29.28,29.28,Low,Loyal,0.8076,0.23800000000000002,0,0,0,0,-76,3.8,0,0,Send renewal reminder | Recommend personalized content,Recommend premium Sci-Fi bundle | Recommend premium device streaming bundle | Recommend mobile premium pack | Offer loyalty reward / premium upsell
2229,2230,Allison Shaw,jacob94@example.org,jacob94,1969-08-20,Male,East Stephenstad,2024-04-06,2025-04-06,Monthly,0,0.3944966886227312,39.45,39.45,Medium,About to Leave,0.8495999999999999,0.8586666666666667,1,0,0,0,-9,4.8,0,0,Send renewal reminder | Offer Annual Plan discount | Recommend personalized content,
2230,2231,Theresa Parks,anthony71@example.net,anthony71,1981-09-17,Female,Cassandraview,2024-02-24,2025-02-23,Annual,0,0.44951558148296283,44.95,44.95,Medium,About to Leave,0.708,0.09904761904761905,0,0,1,0,-51,4.0,0,0,Send renewal reminder | Assign priority support | Recommend personalized content,
2231,2232,Bailey Williams,brendanmedina@example.org,brendanmedina,1984-10-19,Male,Maryview,2024-04-01,2025-04-01,Annual,0,0.4013128400452706,40.13,40.13,Medium,About to Leave,0.7148000000000001,0.08514285714285716,0,0,1,0,-14,4.9,0,0,Send renewal reminder | Assign priority support | Recommend personalized content,
2232,2233,David Craig,wross@example.org,wross,1992-08-10,Female,Stewartton,2024-03-31,2025-03-31,Annual,0,0.3048779069798274,30.49,30.49,Low,About to Leave,0.6828,0.11120000000000001,0,0,0,0,-15,3.9,0,0,Send renewal reminder | Recommend personalized content,
2233,2234,Alicia Fitzgerald MD,joseph33@example.com,joseph33,1960-11-19,Male,North Virginia,2024-02-27,2025-02-26,Annual,0,0.34280917364142766,34.28,34.28,Low,About to Leave,0.6811999999999999,0.13146666666666668,0,0,0,0,-48,3.1,0,0,Send renewal reminder | Collect feedback and offer service recovery | Recommend personalized content,
2234,2235,Rhonda Brown,stonejoseph@example.com,stonejoseph,1996-09-23,Female,Lake Michaelmouth,2024-02-10,2025-02-09,Annual,0,0.27413064168315066,27.41,27.41,Low,Loyal,0.8184,0.19360000000000002,0,0,0,0,-65,4.2,0,0,Send renewal reminder | Recommend personalized content,Recommend premium Action bundle | Recommend premium device streaming bundle | Recommend offline mobile viewing pack | Offer loyalty reward / premium upsell
2235,2236,Taylor Schultz,timothy19@example.com,timothy19,2003-06-18,Male,Nguyenport,2024-04-10,2025-04-10,Annual,0,0.3175234862411081,31.75,31.75,Low,About to Leave,0.7071999999999999,0.13546666666666668,0,0,0,0,-5,3.6,0,0,Send renewal reminder | Recommend personalized content,
2236,2237,Angel Sanders,ericksonjohn@example.net,ericksonjohn,1981-11-08,Male,Wendymouth,2024-03-22,2025-03-22,Monthly,0,0.6029722259178496,60.3,60.3,Medium,About to Leave,0.7164,0.09280000000000001,1,0,1,0,-24,3.2,1,0,Send renewal reminder | Offer Annual Plan discount | Assign priority support | Collect feedback and offer service recovery | Recommend personalized content,
2237,2238,John Kirk,willie78@example.org,willie78,1965-05-22,Male,New Annaton,2024-02-20,2025-02-19,Annual,0,0.47823033508921403,47.82,47.82,Medium,About to Leave,0.6316,0.06048484848484848,0,0,1,0,-55,3.3,1,0,Send renewal reminder | Assign priority support | Collect feedback and offer service recovery | Recommend personalized content,
2238,2239,Jeffrey Ramirez,vjohnson@example.com,vjohnson,1997-11-28,Female,Nealmouth,2024-01-28,2025-01-27,Annual,0,0.3918226266095994,39.18,39.18,Medium,About to Leave,0.7492,0.08506666666666667,0,0,1,0,-78,4.6,0,0,Send renewal reminder | Assign priority support | Recommend personalized content,
2239,2240,Brittney Patton,jramsey@example.net,jramsey,1935-01-17,Male,Perryfort,2024-03-20,2025-03-20,Annual,0,0.2674967901731589,26.75,26.75,Low,Loyal,0.8191999999999999,0.28355555555555556,0,0,0,0,-26,4.6,0,0,Send renewal reminder | Recommend personalized content,Recommend premium device streaming bundle | Recommend mobile premium pack | Offer loyalty reward / premium upsell
2240,2241,Michael Garza,omar29@example.net,omar29,1991-01-07,Male,Morenoborough,2024-03-22,2025-03-22,Annual,0,0.31582603828210154,31.58,31.58,Low,About to Leave,0.7136,0.14300000000000002,0,0,0,0,-24,4.3,0,0,Send renewal reminder | Recommend personalized content,
2241,2242,James Perez,sharon18@example.com,sharon18,1946-03-30,Male,Huertastad,2024-01-05,2025-01-04,Monthly,0,0.4249296401240141,42.49,42.49,Medium,About to Leave,0.7432,0.17433333333333334,1,0,0,0,-101,4.1,0,0,Send renewal reminder | Offer Annual Plan discount | Recommend personalized content,
2242,2243,James Bryant,sean85@example.net,sean85,1999-12-03,Female,Port Mary,2024-01-30,2025-01-29,Monthly,0,0.5396924692390932,53.97,53.97,Medium,About to Leave,0.7948000000000002,0.12323809523809526,1,0,1,0,-76,4.9,1,0,Send renewal reminder | Offer Annual Plan discount | Assign priority support | Recommend personalized content,
2243,2244,Linda Hayes,chasejohnson@example.com,chasejohnson,1952-01-20,Female,Karenstad,2024-03-07,2025-03-07,Monthly,0,0.45486902596389317,45.49,45.49,Medium,About to Leave,0.7528,0.3446666666666667,1,0,0,0,-39,3.9,0,0,Send renewal reminder | Offer Annual Plan discount | Recommend personalized content,
2244,2245,Daniel Morgan,mark80@example.org,mark80,2002-07-21,Male,South Joseph,2024-02-20,2025-02-19,Annual,0,0.28315493699755334,28.32,28.32,Low,Loyal,0.7268,0.33466666666666667,0,0,0,0,-55,3.4,0,0,Send renewal reminder | Collect feedback and offer service recovery | Recommend personalized content,Recommend premium Documentary bundle | Recommend reading/documentary combo | Recommend offline mobile viewing pack
2245,2246,Richard Monroe,joanna12@example.net,joanna12,1985-12-03,Male,Jenniferburgh,2024-01-26,2025-01-25,Annual,0,0.29745290369654936,29.75,29.75,Low,Loyal,0.7224,0.17033333333333334,0,0,0,0,-80,3.7,0,0,Send renewal reminder | Recommend personalized content,Recommend premium Action bundle | Recommend reading/documentary combo | Recommend offline mobile viewing pack
2246,2247,Tiffany Norton,lgilmore@example.org,lgilmore,1935-10-19,Male,Zimmermanshire,2024-03-15,2025-03-15,Annual,0,0.4751066104414829,47.51,47.51,Medium,About to Leave,0.6732,0.06339393939393939,0,0,1,0,-31,4.1,1,0,Send renewal reminder | Assign priority support | Recommend personalized content,
2247,2248,Timothy Pierce,austin16@example.net,austin16,1977-06-07,Male,North Daniel,2024-01-08,2025-01-07,Monthly,1,0.8037547278818112,80.38,80.38,High,About to Leave,0.6244000000000001,0.04133333333333333,1,0,1,1,-98,4.7,1,1,Send renewal reminder | Offer Annual Plan discount | Assign priority support | Trigger engagement campaign | Recommend personalized content,
2248,2249,Jennifer Potts,christopher07@example.net,christopher07,1937-08-27,Male,Port Jenniferberg,2024-03-12,2025-03-12,Monthly,0,0.7348097583719205,73.48,73.48,High,About to Leave,0.6384000000000001,0.0620952380952381,1,0,1,1,-34,4.2,1,0,Send renewal reminder | Offer Annual Plan discount | Assign priority support | Trigger engagement campaign | Recommend personalized content,
2249,2250,Jeffrey Erickson,russellmacias@example.net,russellmacias,1995-04-02,Male,Lake Angelaside,2024-03-19,2025-03-19,Annual,0,0.45284520636243936,45.28,45.28,Medium,About to Leave,0.6672,0.4106666666666666,0,0,0,1,-27,3.6,0,0,Send renewal reminder | Trigger engagement campaign | Recommend personalized content,
2250,2251,Heather Williams,ramirezanna@example.com,ramirezanna,1979-02-20,Male,North Kara,2024-01-12,2025-01-11,Monthly,0,0.4204963926382473,42.05,42.05,Medium,About to Leave,0.7876000000000001,0.4093333333333334,1,0,0,0,-94,3.8,0,0,Send renewal reminder | Offer Annual Plan discount | Recommend personalized content,
2251,2252,Susan Wheeler,ayalamario@example.com,ayalamario,1993-03-21,Female,New Meganberg,2024-03-15,2025-03-15,Monthly,0,0.4164792113879362,41.65,41.65,Medium,About to Leave,0.8044000000000001,0.7213333333333334,1,0,0,0,-31,4.7,0,0,Send renewal reminder | Offer Annual Plan discount | Recommend personalized content,
2252,2253,Sarah Becker,paulaorr@example.net,paulaorr,1976-01-13,Female,Thomasside,2024-02-20,2025-02-19,Annual,0,0.3189767568842114,31.9,31.9,Low,About to Leave,0.7124,0.13626666666666667,0,0,0,0,-55,3.7,0,0,Send renewal reminder | Recommend personalized content,
2253,2254,James Hernandez,cyoung@example.net,cyoung,1949-03-02,Male,East Matthewhaven,2024-01-18,2025-01-17,Monthly,0,0.6546936237193993,65.47,65.47,High,About to Leave,0.6432,0.07177777777777777,1,0,0,1,-88,4.1,1,0,Send renewal reminder | Offer Annual Plan discount | Trigger engagement campaign | Recommend personalized content,
2254,2255,Alejandro Schneider,icuevas@example.org,icuevas,1999-01-24,Male,Bryanfurt,2024-03-01,2025-03-01,Annual,0,0.4275840820378002,42.76,42.76,Medium,About to Leave,0.6819999999999999,0.09619047619047619,0,0,1,0,-45,3.5,0,0,Send renewal reminder | Assign priority support | Recommend personalized content,
2255,2256,Valerie Wagner,nancykrueger@example.net,nancykrueger,1944-04-21,Male,West Dana,2024-03-29,2025-03-29,Monthly,0,0.5440896744611176,54.41,54.41,Medium,About to Leave,0.7376,0.11695238095238096,1,0,1,0,-17,3.8,1,0,Send renewal reminder | Offer Annual Plan discount | Assign priority support | Recommend personalized content,
2256,2257,Frank Lee,patricklopez@example.com,patricklopez,1980-12-06,Male,Danielfort,2024-01-27,2025-01-26,Monthly,0,0.45546367310184527,45.55,45.55,Medium,About to Leave,0.6868,0.268,1,0,0,0,-79,3.4,0,0,Send renewal reminder | Offer Annual Plan discount | Collect feedback and offer service recovery | Recommend personalized content,
2257,2258,Rodney Brown,karen64@example.org,karen64,1943-03-06,Female,Annaland,2024-03-12,2025-03-12,Annual,0,0.2722497047588764,27.22,27.22,Low,Loyal,0.7788,0.3546666666666667,0,0,0,0,-34,4.4,0,0,Send renewal reminder | Recommend personalized content,Recommend premium Drama bundle | Recommend reading/documentary combo | Recommend family multi-screen plan | Offer loyalty reward / premium upsell
2258,2259,Melissa Lopez,taradrake@example.org,taradrake,1951-12-03,Female,West Douglas,2024-03-14,2025-03-14,Monthly,0,0.5989270144105283,59.89,59.89,Medium,About to Leave,0.6412,0.07303703703703704,1,0,1,0,-32,3.1,1,0,Send renewal reminder | Offer Annual Plan discount | Assign priority support | Collect feedback and offer service recovery | Recommend personalized content,
2259,2260,Amber Harris,smithallison@example.org,smithallison,1976-03-15,Male,Heathershire,2024-03-17,2025-03-17,Monthly,0,0.5909412020209958,59.09,59.09,Medium,About to Leave,0.6619999999999999,0.07481481481481482,1,0,1,0,-29,3.5,1,0,Send renewal reminder | Offer Annual Plan discount | Assign priority support | Recommend personalized content,
2260,2261,Anthony Hester,timothyhobbs@example.org,timothyhobbs,1986-05-12,Male,Port Denisemouth,2024-03-21,2025-03-21,Monthly,0,0.504460418472849,50.45,50.45,Medium,About to Leave,0.6676,0.09200000000000001,1,0,0,0,-25,3.8,1,0,Send renewal reminder | Offer Annual Plan discount | Recommend personalized content,
2261,2262,Juan Smith,jonathon30@example.org,jonathon30,1973-06-20,Female,Lake Angel,2024-01-12,2025-01-11,Monthly,0,0.48687285552657245,48.69,48.69,Medium,About to Leave,0.692,0.11222222222222222,1,0,0,0,-94,3.5,1,0,Send renewal reminder | Offer Annual Plan discount | Recommend personalized content,
2262,2263,Hayley Dean,jeffreynichols@example.com,jeffreynichols,1953-04-19,Female,Brooksborough,2024-01-21,2025-01-20,Monthly,0,0.610732327842531,61.07,61.07,Medium,About to Leave,0.6759999999999999,0.08740740740740742,1,0,1,0,-85,3.0,1,0,Send renewal reminder | Offer Annual Plan discount | Assign priority support | Collect feedback and offer service recovery | Recommend personalized content,
2263,2264,Tiffany Baker,lmccarty@example.org,lmccarty,1989-02-04,Male,New Jamie,2024-01-28,2025-01-27,Monthly,0,0.45043694119805994,45.04,45.04,Medium,About to Leave,0.7372,0.33866666666666667,1,0,0,0,-78,3.6,0,0,Send renewal reminder | Offer Annual Plan discount | Recommend personalized content,
2264,2265,Angelica Randall,gwade@example.org,gwade,1935-04-22,Female,New Thomasmouth,2024-01-22,2025-01-21,Monthly,0,0.4908545695627512,49.09,49.09,Medium,About to Leave,0.7111999999999999,0.1317777777777778,1,0,0,0,-84,3.1,1,0,Send renewal reminder | Offer Annual Plan discount | Collect feedback and offer service recovery | Recommend personalized content,
2265,2266,Jacob Martinez,ellisstacy@example.com,ellisstacy,1979-01-06,Male,Briannafort,2024-01-22,2025-01-21,Monthly,0,0.44885684864773606,44.89,44.89,Medium,About to Leave,0.6928,0.139,1,0,0,0,-84,3.9,0,0,Send renewal reminder | Offer Annual Plan discount | Recommend personalized content,
2266,2267,Christopher Moreno,moorepatricia@example.org,moorepatricia,1987-09-20,Female,Amyport,2024-02-08,2025-02-07,Monthly,0,0.5673748710014408,56.74,56.74,Medium,About to Leave,0.7848000000000002,0.10783333333333335,1,0,1,0,-67,4.9,1,0,Send renewal reminder | Offer Annual Plan discount | Assign priority support | Recommend personalized content,
2267,2268,Melissa Choi DVM,ginascott@example.net,ginascott,1937-05-14,Female,Collinsport,2024-03-31,2025-03-31,Annual,0,0.24140029649865785,24.14,24.14,Low,Loyal,0.8276,0.47600000000000003,0,0,0,0,-15,3.8,0,0,Send renewal reminder | Recommend personalized content,Recommend premium Drama bundle | Recommend premium device streaming bundle | Recommend offline mobile viewing pack | Offer loyalty reward / premium upsell
2268,2269,Michael Collins,llopez@example.org,llopez,1946-03-24,Female,Owensmouth,2024-02-15,2025-02-14,Annual,0,0.2797448092374844,27.97,27.97,Low,Loyal,0.8440000000000001,0.24500000000000002,0,0,0,0,-60,4.5,0,0,Send renewal reminder | Recommend personalized content,Recommend premium Sci-Fi bundle | Recommend lifestyle and family content pack | Recommend family multi-screen plan | Offer loyalty reward / premium upsell
2269,2270,Daniel Wood,leonardbrandon@example.net,leonardbrandon,1949-05-24,Male,Mossfurt,2024-03-20,2025-03-20,Annual,0,0.23579105352202237,23.58,23.58,Low,Loyal,0.8328000000000001,0.47800000000000004,0,0,0,0,-26,3.9,0,0,Send renewal reminder | Recommend personalized content,Recommend reading/documentary combo | Recommend family multi-screen plan | Offer loyalty reward / premium upsell
2270,2271,Kristin Molina,knightpaula@example.com,knightpaula,1948-01-16,Female,Sullivanhaven,2024-01-29,2025-01-28,Annual,0,0.4868240257951179,48.68,48.68,Medium,About to Leave,0.6172000000000001,0.054400000000000004,0,0,1,0,-77,3.6,1,0,Send renewal reminder | Assign priority support | Recommend personalized content,
2271,2272,Stefanie Soto,matthew65@example.com,matthew65,1935-11-29,Male,North Barry,2024-02-05,2025-02-04,Monthly,0,0.5802684926600801,58.03,58.03,Medium,About to Leave,0.6940000000000001,0.06484848484848485,1,0,1,0,-70,4.5,1,0,Send renewal reminder | Offer Annual Plan discount | Assign priority support | Recommend personalized content,
2272,2273,Alexis Banks,tara79@example.org,tara79,1944-01-28,Female,Huynhfurt,2024-01-28,2025-01-27,Monthly,0,0.4485713884272925,44.86,44.86,Medium,About to Leave,0.7328,0.17233333333333334,1,0,0,0,-78,3.9,0,0,Send renewal reminder | Offer Annual Plan discount | Recommend personalized content,
2273,2274,Megan Walker,baileymary@example.com,baileymary,1963-10-03,Male,Laurenfort,2024-01-18,2025-01-17,Monthly,0,0.44244110255582175,44.24,44.24,Medium,About to Leave,0.7384000000000001,0.5680000000000001,1,0,0,0,-88,4.2,0,0,Send renewal reminder | Offer Annual Plan discount | Recommend personalized content,
2274,2275,Lisa Anderson,uparrish@example.com,uparrish,1953-04-17,Female,Murphyhaven,2024-02-17,2025-02-16,Annual,0,0.40662818179404153,40.66,40.66,Medium,About to Leave,0.7012,0.11295238095238096,0,0,1,0,-58,3.1,0,0,Send renewal reminder | Assign priority support | Collect feedback and offer service recovery | Recommend personalized content,
2275,2276,Shawna Boyd,nancy69@example.org,nancy69,1951-04-30,Female,North Michaela,2024-01-15,2025-01-14,Monthly,0,0.4467663586396793,44.68,44.68,Medium,About to Leave,0.7084,0.14200000000000002,1,0,0,0,-91,4.2,0,0,Send renewal reminder | Offer Annual Plan discount | Recommend personalized content,
2276,2277,Daniel Rogers,jperez@example.org,jperez,1979-05-29,Male,Hammondmouth,2024-03-09,2025-03-09,Monthly,0,0.45967991013961196,45.97,45.97,Medium,About to Leave,0.7092,0.09733333333333334,1,0,0,0,-37,4.6,0,0,Send renewal reminder | Offer Annual Plan discount | Recommend personalized content,
2277,2278,James Roberts,samanthaparker@example.org,samanthaparker,1980-02-19,Female,Aguilarshire,2024-01-25,2025-01-24,Monthly,0,0.47105836813441904,47.11,47.11,Medium,About to Leave,0.7384000000000001,0.14026666666666668,1,0,0,0,-81,4.2,0,0,Send renewal reminder | Offer Annual Plan discount | Recommend personalized content,
2278,2279,Crystal Hines,ianpatel@example.net,ianpatel,1966-09-14,Male,Singletontown,2024-03-04,2025-03-04,Annual,0,0.2988498730643058,29.88,29.88,Low,Loyal,0.7995999999999999,0.1431111111111111,0,0,0,0,-42,4.8,0,0,Send renewal reminder | Recommend personalized content,Recommend premium Drama bundle | Recommend reading/documentary combo | Recommend family multi-screen plan | Offer loyalty reward / premium upsell
2279,2280,Helen Colon,michael76@example.org,michael76,2004-05-16,Female,South Lori,2024-03-24,2025-03-24,Annual,0,0.32727070220652993,32.73,32.73,Low,About to Leave,0.6916,0.13306666666666667,0,0,0,0,-22,3.3,0,0,Send renewal reminder | Collect feedback and offer service recovery | Recommend personalized content,
2280,2281,Joshua Page,mshepard@example.com,mshepard,1986-09-09,Female,Matthewmouth,2024-03-28,2025-03-28,Monthly,0,0.6269950794214061,62.7,62.7,Medium,About to Leave,0.6484,0.07244444444444445,1,0,0,1,-18,4.2,1,0,Send renewal reminder | Offer Annual Plan discount | Trigger engagement campaign | Recommend personalized content,
2281,2282,Kelly Ramos,farrellsherry@example.com,farrellsherry,1937-09-19,Female,New Jeffberg,2024-01-29,2025-01-28,Monthly,0,0.40500749671927516,40.5,40.5,Medium,About to Leave,0.784,0.3566666666666667,1,0,0,0,-77,4.5,0,0,Send renewal reminder | Offer Annual Plan discount | Recommend personalized content,
2282,2283,Cody Baker,jessica17@example.net,jessica17,1999-09-03,Female,East Raymondton,2024-04-04,2025-04-04,Monthly,0,0.6028190185904807,60.28,60.28,Medium,About to Leave,0.6936000000000001,0.07053333333333334,1,0,1,0,-11,4.3,1,0,Send renewal reminder | Offer Annual Plan discount | Assign priority support | Recommend personalized content,
2283,2284,Alison George,robert75@example.org,robert75,1960-05-23,Male,Nelsonchester,2024-03-23,2025-03-23,Monthly,0,0.6245064653296012,62.45,62.45,Medium,About to Leave,0.6272,0.060444444444444446,1,0,1,0,-23,3.6,1,0,Send renewal reminder | Offer Annual Plan discount | Assign priority support | Recommend personalized content,
2284,2285,Jonathon Walker,russellthomas@example.org,russellthomas,1967-08-15,Female,Waltersstad,2024-03-16,2025-03-16,Monthly,0,0.5785097084549735,57.85,57.85,Medium,About to Leave,0.7328000000000001,0.10283333333333335,1,0,1,0,-30,3.9,1,0,Send renewal reminder | Offer Annual Plan discount | Assign priority support | Recommend personalized content,
2285,2286,Debra Daniels,justin02@example.net,justin02,1980-03-14,Female,South Michelemouth,2024-02-23,2025-02-22,Monthly,0,0.5882893410475667,58.83,58.83,Medium,About to Leave,0.7191999999999998,0.07970370370370371,1,0,1,0,-52,4.6,1,0,Send renewal reminder | Offer Annual Plan discount | Assign priority support | Recommend personalized content,
2286,2287,Stephen Fuentes,christiandouglas@example.net,christiandouglas,1984-07-30,Female,North Crystal,2024-01-04,2025-01-03,Annual,0,0.40101128399324953,40.1,40.1,Medium,About to Leave,0.7328000000000001,0.10283333333333335,0,0,1,0,-102,3.9,0,0,Send renewal reminder | Assign priority support | Recommend personalized content,
2287,2288,Alyssa Beltran,susandixon@example.org,susandixon,2004-03-03,Female,New Richard,2024-03-30,2025-03-30,Annual,0,0.4915515054420259,49.16,49.16,Medium,About to Leave,0.6224000000000001,0.0548,0,0,1,0,-16,3.7,1,0,Send renewal reminder | Assign priority support | Recommend personalized content,
2288,2289,Debbie Burton,andreachurch@example.net,andreachurch,1998-01-13,Female,Jamestown,2024-03-06,2025-03-06,Monthly,0,0.4629647324630833,46.3,46.3,Medium,About to Leave,0.748,0.23111111111111113,1,0,0,0,-40,4.0,0,0,Send renewal reminder | Offer Annual Plan discount | Recommend personalized content,
2289,2290,Philip Walton,justin59@example.org,justin59,1964-01-02,Male,Christopherstad,2024-01-18,2025-01-17,Annual,0,0.25242315298213724,25.24,25.24,Low,Loyal,0.8395999999999999,0.16533333333333333,0,0,0,0,-88,4.8,0,0,Send renewal reminder | Recommend personalized content,Recommend premium Documentary bundle | Recommend reading/documentary combo | Recommend family multi-screen plan | Offer loyalty reward / premium upsell
2290,2291,Vanessa Ryan,amy03@example.net,amy03,1988-05-11,Male,West Jennifer,2024-03-16,2025-03-16,Monthly,0,0.5933111561727983,59.33,59.33,Medium,About to Leave,0.6916,0.08874074074074075,1,0,1,0,-30,3.3,1,0,Send renewal reminder | Offer Annual Plan discount | Assign priority support | Collect feedback and offer service recovery | Recommend personalized content,
2291,2292,Richard Taylor,melaniecombs@example.org,melaniecombs,1966-12-05,Female,Lake Kristopherland,2024-03-31,2025-03-31,Annual,0,0.4519780154410032,45.2,45.2,Medium,About to Leave,0.6876000000000001,0.08566666666666667,0,0,1,0,-15,3.8,0,0,Send renewal reminder | Assign priority support | Recommend personalized content,
2292,2293,Monica Hill,bridgessteven@example.org,bridgessteven,1952-01-01,Male,Combstown,2024-02-02,2025-02-01,Monthly,0,0.44910846433991813,44.91,44.91,Medium,About to Leave,0.7388,0.28800000000000003,1,0,0,0,-73,4.4,0,0,Send renewal reminder | Offer Annual Plan discount | Recommend personalized content,
2293,2294,Linda Kelly,ellispatricia@example.net,ellispatricia,1938-03-03,Female,Wilsonstad,2024-04-04,2025-04-04,Monthly,0,0.558365985886002,55.84,55.84,Medium,About to Leave,0.6996000000000001,0.07400000000000001,1,0,1,0,-11,4.8,1,0,Send renewal reminder | Offer Annual Plan discount | Assign priority support | Recommend personalized content,
2294,2295,Mark Morrow,ramirezcaroline@example.com,ramirezcaroline,1970-08-13,Male,Caitlinmouth,2024-01-05,2025-01-04,Annual,0,0.404648383701169,40.46,40.46,Medium,About to Leave,0.7792,0.08945454545454545,0,0,1,0,-101,4.6,0,0,Send renewal reminder | Assign priority support | Recommend personalized content,
2295,2296,Sara Ramos,kimberly11@example.com,kimberly11,2005-11-29,Male,Kevinmouth,2024-02-28,2025-02-27,Monthly,0,0.5905929950254057,59.06,59.06,Medium,About to Leave,0.688,0.07703703703703704,1,0,1,0,-47,4.0,1,0,Send renewal reminder | Offer Annual Plan discount | Assign priority support | Recommend personalized content,
2296,2297,Thomas Williams,taylorlinda@example.net,taylorlinda,1953-12-04,Male,West Lindaville,2024-02-01,2025-01-31,Annual,0,0.4769098916368353,47.69,47.69,Medium,About to Leave,0.6115999999999999,0.059111111111111114,0,0,1,0,-74,3.3,1,0,Send renewal reminder | Assign priority support | Collect feedback and offer service recovery | Recommend personalized content,
2297,2298,Michael Lutz,jillgill@example.net,jillgill,1987-10-29,Male,North Tinaview,2024-03-17,2025-03-17,Monthly,0,0.48167124847267884,48.17,48.17,Medium,About to Leave,0.6728,0.09266666666666667,1,0,0,0,-29,3.9,1,0,Send renewal reminder | Offer Annual Plan discount | Recommend personalized content,
2298,2299,Deanna Bright,martinezjose@example.com,martinezjose,1990-01-29,Male,Chadberg,2024-03-26,2025-03-26,Monthly,0,0.5635552972692286,56.36,56.36,Medium,About to Leave,0.6992,0.08342857142857144,1,0,1,0,-20,4.6,1,0,Send renewal reminder | Offer Annual Plan discount | Assign priority support | Recommend personalized content,
2299,2300,William Evans,patriciafritz@example.net,patriciafritz,1941-12-06,Female,Stacyborough,2024-03-22,2025-03-22,Monthly,0,0.4177681245269033,41.78,41.78,Medium,About to Leave,0.7392000000000001,0.19466666666666668,1,0,0,0,-24,4.6,0,0,Send renewal reminder | Offer Annual Plan discount | Recommend personalized content,
2300,2301,Nathan Walker,hannahpeterson@example.org,hannahpeterson,1970-04-06,Male,New Derrickland,2024-03-06,2025-03-06,Monthly,0,0.606022323560983,60.6,60.6,Medium,About to Leave,0.6572,0.06773333333333334,1,0,1,0,-40,3.6,1,0,Send renewal reminder | Offer Annual Plan discount | Assign priority support | Recommend personalized content,
2301,2302,Maria Andrews,reidrachel@example.org,reidrachel,1947-06-30,Female,West Robertland,2024-04-07,2025-04-07,Annual,0,0.27069523710390747,27.07,27.07,Low,Loyal,0.8448000000000001,0.4313333333333334,0,0,0,0,-8,4.9,0,0,Send renewal reminder | Recommend personalized content,Recommend reading/documentary combo | Recommend mobile premium pack | Offer loyalty reward / premium upsell
2302,2303,Sheila Paul,scott86@example.net,scott86,1942-03-13,Male,Nelsonhaven,2024-04-04,2025-04-04,Monthly,0,0.4232638426260133,42.33,42.33,Medium,About to Leave,0.746,0.39333333333333337,1,0,0,0,-11,3.0,0,0,Send renewal reminder | Offer Annual Plan discount | Collect feedback and offer service recovery | Recommend personalized content,
2303,2304,Ronald Bishop,leealicia@example.org,leealicia,1944-08-09,Male,South Stephenbury,2024-01-26,2025-01-25,Monthly,0,0.40217237243467174,40.22,40.22,Medium,About to Leave,0.768,0.6933333333333334,1,0,0,0,-80,4.0,0,0,Send renewal reminder | Offer Annual Plan discount | Recommend personalized content,
2304,2305,April Smith,heathcandice@example.net,heathcandice,1942-10-17,Male,New Adrian,2024-02-02,2025-02-01,Monthly,0,0.4503228236848913,45.03,45.03,Medium,About to Leave,0.7732,0.16613333333333336,1,0,0,0,-73,4.1,0,0,Send renewal reminder | Offer Annual Plan discount | Recommend personalized content,
2305,2306,Lisa Nielsen,michaeljennings@example.org,michaeljennings,1991-08-13,Male,Port Toddbury,2024-01-04,2025-01-03,Annual,0,0.2881150825855711,28.81,28.81,Low,Loyal,0.7691999999999999,0.17933333333333334,0,0,0,0,-102,4.6,0,0,Send renewal reminder | Recommend personalized content,Recommend premium device streaming bundle | Recommend family multi-screen plan | Offer loyalty reward / premium upsell
2306,2307,Tiffany Davis,kennethgarcia@example.com,kennethgarcia,1989-07-12,Female,South Shaneside,2024-04-09,2025-04-09,Monthly,0,0.40966745150676553,40.97,40.97,Medium,About to Leave,0.81,0.3666666666666667,1,0,0,0,-6,5.0,0,0,Send renewal reminder | Offer Annual Plan discount | Recommend personalized content,
2307,2308,Lori Flores,hintonkatherine@example.org,hintonkatherine,1938-12-15,Male,West Sandramouth,2024-01-29,2025-01-28,Annual,0,0.2695773490836962,26.96,26.96,Low,Loyal,0.77,0.30000000000000004,0,0,0,0,-77,5.0,0,0,Send renewal reminder | Recommend personalized content,Recommend premium Action bundle | Recommend premium device streaming bundle | Recommend offline mobile viewing pack | Offer loyalty reward / premium upsell
2308,2309,Jesus Johnson,davisbrian@example.org,davisbrian,1983-02-20,Female,Hamiltonmouth,2024-02-17,2025-02-16,Monthly,0,0.4496184508839659,44.96,44.96,Medium,About to Leave,0.7544000000000001,0.29400000000000004,1,0,0,0,-58,4.7,0,0,Send renewal reminder | Offer Annual Plan discount | Recommend personalized content,
2309,2310,Thomas Gallegos,robertstaylor@example.org,robertstaylor,1959-10-26,Female,Brownburgh,2024-04-09,2025-04-09,Annual,0,0.2587159497771025,25.87,25.87,Low,Loyal,0.7736000000000001,0.3526666666666667,0,0,0,0,-6,4.3,0,0,Send renewal reminder | Recommend personalized content,Recommend premium Comedy bundle | Recommend reading/documentary combo | Recommend offline mobile viewing pack | Offer loyalty reward / premium upsell
2310,2311,Martha Ferguson,urush@example.com,urush,1949-02-03,Female,Maynardport,2024-02-11,2025-02-10,Monthly,0,0.4300062068226373,43.0,43.0,Medium,About to Leave,0.7544000000000001,0.12022222222222223,1,0,0,0,-64,4.7,0,0,Send renewal reminder | Offer Annual Plan discount | Recommend personalized content,
2311,2312,Mrs. Evelyn Schmitt,lkelly@example.com,lkelly,1936-05-24,Male,North Angel,2024-03-16,2025-03-16,Annual,0,0.4510314535864625,45.1,45.1,Medium,About to Leave,0.6828000000000001,0.0765925925925926,0,0,1,0,-30,3.9,0,0,Send renewal reminder | Assign priority support | Recommend personalized content,
2312,2313,Amber Winters,kari41@example.com,kari41,1967-07-04,Female,Longberg,2024-04-01,2025-04-01,Monthly,0,0.6238758411881684,62.39,62.39,Medium,About to Leave,0.6464000000000001,0.07348148148148148,1,0,1,0,-14,3.2,1,0,Send renewal reminder | Offer Annual Plan discount | Assign priority support | Collect feedback and offer service recovery | Recommend personalized content,
2313,2314,Leah Jones,jacquelineruiz@example.net,jacquelineruiz,1960-06-18,Male,Greenmouth,2024-03-09,2025-03-09,Annual,0,0.45734694542613885,45.73,45.73,Medium,About to Leave,0.6884000000000001,0.07013333333333334,0,0,1,0,-37,4.2,0,0,Send renewal reminder | Assign priority support | Recommend personalized content,
2314,2315,Elizabeth Hawkins,obernard@example.org,obernard,1935-04-01,Male,New Joshuafurt,2024-01-03,2025-01-02,Annual,0,0.42331965618260436,42.33,42.33,Medium,About to Leave,0.6840000000000002,0.07250000000000001,0,0,1,0,-103,4.5,0,0,Send renewal reminder | Assign priority support | Recommend personalized content,
2315,2316,Alicia Farrell,smithjames@example.org,smithjames,1958-06-13,Male,Johnsonton,2024-02-16,2025-02-15,Monthly,0,0.5598509021996219,55.99,55.99,Medium,About to Leave,0.7236,0.10076190476190476,1,0,1,0,-59,4.3,1,0,Send renewal reminder | Offer Annual Plan discount | Assign priority support | Recommend personalized content,
2316,2317,Brenda Waller,timothy72@example.org,timothy72,1970-02-03,Female,West Kenneth,2024-01-15,2025-01-14,Annual,0,0.4646601145932957,46.47,46.47,Medium,About to Leave,0.6684000000000001,0.07100000000000001,0,0,1,0,-91,4.2,0,0,Send renewal reminder | Assign priority support | Recommend personalized content,
2317,2318,Philip Smith,jonathan37@example.org,jonathan37,1940-02-01,Male,West Lisastad,2024-04-02,2025-04-02,Monthly,0,0.44267785312712987,44.27,44.27,Medium,About to Leave,0.7984000000000001,0.27822222222222226,1,0,0,0,-13,4.2,0,0,Send renewal reminder | Offer Annual Plan discount | Recommend personalized content,
2318,2319,Jared Thomas,qramsey@example.net,qramsey,1993-08-16,Male,Perkinshaven,2024-03-08,2025-03-08,Annual,0,0.4773600528732805,47.74,47.74,Medium,About to Leave,0.6476000000000001,0.069,0,0,1,0,-38,3.8,1,0,Send renewal reminder | Assign priority support | Recommend personalized content,
2319,2320,Anthony Davis,johnsonsarah@example.com,johnsonsarah,2004-11-27,Male,West Melissa,2024-01-25,2025-01-24,Monthly,0,0.45499964230120943,45.5,45.5,Medium,About to Leave,0.784,0.14111111111111113,1,0,0,0,-81,4.5,0,0,Send renewal reminder | Offer Annual Plan discount | Recommend personalized content,
2320,2321,Dr. Megan Mcgee,teresasutton@example.net,teresasutton,1989-04-05,Female,Perkinsburgh,2024-03-05,2025-03-05,Monthly,0,0.44869754472019296,44.87,44.87,Medium,About to Leave,0.7232,0.11622222222222223,1,0,0,0,-41,4.1,0,0,Send renewal reminder | Offer Annual Plan discount | Recommend personalized content,
2321,2322,Renee Valdez,kathleen08@example.org,kathleen08,2000-04-01,Male,West Paige,2024-02-13,2025-02-12,Annual,0,0.30214807731160587,30.21,30.21,Low,About to Leave,0.6968,0.536,0,0,0,0,-62,3.4,0,0,Send renewal reminder | Collect feedback and offer service recovery | Recommend personalized content,
2322,2323,Lindsay Dyer,timothy71@example.net,timothy71,1997-11-18,Male,West Olivia,2024-03-22,2025-03-22,Annual,0,0.3344045020613961,33.44,33.44,Low,About to Leave,0.716,0.15733333333333335,0,0,0,0,-24,3.0,0,0,Send renewal reminder | Collect feedback and offer service recovery | Recommend personalized content,
2323,2324,Carolyn Williams,angelaray@example.org,angelaray,1935-10-14,Female,Port Jacob,2024-01-25,2025-01-24,Annual,0,0.4179273534525456,41.79,41.79,Medium,About to Leave,0.7144000000000001,0.07213333333333334,0,0,1,0,-81,4.7,0,0,Send renewal reminder | Assign priority support | Recommend personalized content,
2324,2325,Susan Gregory,adamwillis@example.net,adamwillis,1936-06-17,Female,North Pamela,2024-01-27,2025-01-26,Annual,0,0.4661801819114067,46.62,46.62,Medium,About to Leave,0.6724,0.41466666666666663,0,0,0,1,-79,3.7,0,0,Send renewal reminder | Trigger engagement campaign | Recommend personalized content,
2325,2326,Susan Schwartz,kelsey79@example.net,kelsey79,1956-12-12,Female,West Elizabeth,2024-03-29,2025-03-29,Monthly,0,0.6126890258282349,61.27,61.27,Medium,About to Leave,0.678,0.06933333333333333,1,0,1,0,-17,4.0,1,0,Send renewal reminder | Offer Annual Plan discount | Assign priority support | Recommend personalized content,
2326,2327,Jesse Rivera,erinlopez@example.net,erinlopez,1995-08-04,Female,Patriciaburgh,2024-02-08,2025-02-07,Annual,0,0.2950071799469378,29.5,29.5,Low,Loyal,0.7332000000000001,0.5640000000000001,0,0,0,0,-67,4.1,0,0,Send renewal reminder | Recommend personalized content,Recommend premium Sci-Fi bundle | Recommend lifestyle and family content pack | Recommend mobile premium pack
2327,2328,Alison Dorsey,timothypearson@example.net,timothypearson,1969-07-16,Female,Port Tony,2024-01-13,2025-01-12,Annual,0,0.4763887335542734,47.64,47.64,Medium,About to Leave,0.6228,0.05054545454545455,0,0,1,0,-93,3.9,1,0,Send renewal reminder | Assign priority support | Recommend personalized content,
2328,2329,Brandi Howard,pwilkinson@example.org,pwilkinson,1945-02-15,Female,Teresaton,2024-01-27,2025-01-26,Monthly,0,0.582094770989434,58.21,58.21,Medium,About to Leave,0.6848000000000001,0.05960000000000001,1,0,1,0,-79,4.9,1,0,Send renewal reminder | Offer Annual Plan discount | Assign priority support | Recommend personalized content,
2329,2330,Michael Benson,cwhitaker@example.net,cwhitaker,1985-05-15,Male,Elizabethburgh,2024-03-12,2025-03-12,Annual,0,0.39507074384852214,39.51,39.51,Medium,About to Leave,0.7844000000000002,0.12209523809523812,0,0,1,0,-34,4.7,0,0,Send renewal reminder | Assign priority support | Recommend personalized content,
2330,2331,Linda Hicks,raymond68@example.org,raymond68,1982-04-13,Male,Josephview,2024-01-19,2025-01-18,Annual,0,0.2839487170483975,28.39,28.39,Low,Loyal,0.8188000000000001,0.4213333333333334,0,0,0,0,-87,4.4,0,0,Send renewal reminder | Recommend personalized content,Recommend reading/documentary combo | Recommend family multi-screen plan | Offer loyalty reward / premium upsell
2331,2332,David Estrada,charles75@example.org,charles75,1958-01-21,Female,Rachelville,2024-01-19,2025-01-18,Annual,0,0.35230161543238103,35.23,35.23,Medium,About to Leave,0.656,0.17333333333333334,0,0,0,0,-87,3.0,0,0,Send renewal reminder | Collect feedback and offer service recovery | Recommend personalized content,
2332,2333,Elizabeth Alexander,uspencer@example.com,uspencer,1986-02-15,Female,South Georgeborough,2024-04-09,2025-04-09,Annual,0,0.30341442518539546,30.34,30.34,Low,About to Leave,0.776,0.3066666666666667,0,0,0,0,-6,3.0,0,0,Send renewal reminder | Collect feedback and offer service recovery | Recommend personalized content,
2333,2334,Deborah Brown,cooleylisa@example.net,cooleylisa,1990-05-10,Female,North Hollymouth,2024-01-01,2024-12-31,Monthly,0,0.5757247546847187,57.57,57.57,Medium,About to Leave,0.742,0.10444444444444445,1,0,1,0,-105,3.5,1,0,Send renewal reminder | Offer Annual Plan discount | Assign priority support | Recommend personalized content,
2334,2335,Dawn Harrell,christopher18@example.com,christopher18,1941-06-27,Female,Lewisstad,2024-04-10,2025-04-10,Annual,0,0.39903155737496604,39.9,39.9,Medium,About to Leave,0.7348000000000001,0.08103703703703705,0,0,1,0,-5,4.9,0,0,Send renewal reminder | Assign priority support | Recommend personalized content,
2335,2336,Austin Swanson,cheryljohnson@example.org,cheryljohnson,2004-05-15,Male,South Jennifermouth,2024-02-27,2025-02-26,Annual,0,0.29367885150547457,29.37,29.37,Low,Loyal,0.7184,0.18933333333333335,0,0,0,0,-48,4.2,0,0,Send renewal reminder | Recommend personalized content,Recommend premium Comedy bundle | Recommend premium device streaming bundle | Recommend mobile premium pack
2336,2337,Cynthia Coleman,amy18@example.net,amy18,1942-11-15,Male,Markville,2024-02-07,2025-02-06,Annual,0,0.44541993710049776,44.54,44.54,Medium,About to Leave,0.6972,0.08106666666666668,0,0,1,0,-68,3.6,0,0,Send renewal reminder | Assign priority support | Recommend personalized content,
2337,2338,William Buchanan,meganreynolds@example.net,meganreynolds,2003-09-22,Male,North Kathybury,2024-03-14,2025-03-14,Monthly,0,0.5899784695651381,59.0,59.0,Medium,About to Leave,0.6484000000000001,0.0568,1,0,1,0,-32,4.2,1,0,Send renewal reminder | Offer Annual Plan discount | Assign priority support | Recommend personalized content,
2338,2339,Ryan Lucas,rose45@example.net,rose45,1968-09-25,Male,West Natasha,2024-02-20,2025-02-19,Annual,0,0.33709228000307806,33.71,33.71,Low,About to Leave,0.6971999999999999,0.11288888888888889,0,0,0,0,-55,3.6,0,0,Send renewal reminder | Recommend personalized content,
2339,2340,Terri Hill,barnettmichael@example.net,barnettmichael,1966-11-19,Male,Lake Benjaminburgh,2024-02-23,2025-02-22,Monthly,0,0.4589095573052335,45.89,45.89,Medium,About to Leave,0.7164,0.33066666666666666,1,0,0,0,-52,3.2,0,0,Send renewal reminder | Offer Annual Plan discount | Collect feedback and offer service recovery | Recommend personalized content,
2340,2341,Scott Hill,rpeters@example.org,rpeters,1996-05-18,Female,Nicoleton,2024-01-22,2025-01-21,Monthly,0,0.5900577747572057,59.01,59.01,Medium,About to Leave,0.6512,0.08216666666666667,1,0,1,0,-84,3.1,1,0,Send renewal reminder | Offer Annual Plan discount | Assign priority support | Collect feedback and offer service recovery | Recommend personalized content,
2341,2342,Kimberly Harrell,andrea27@example.org,andrea27,1984-01-21,Female,New Johnfort,2024-02-09,2025-02-08,Monthly,0,0.4417444113322822,44.17,44.17,Medium,About to Leave,0.7544000000000001,0.29400000000000004,1,0,0,0,-66,4.7,0,0,Send renewal reminder | Offer Annual Plan discount | Recommend personalized content,
2342,2343,Candace Floyd,patrickvincent@example.org,patrickvincent,1979-12-16,Female,Thomasland,2024-02-29,2025-02-28,Annual,0,0.3244873169462543,32.45,32.45,Low,About to Leave,0.7424000000000001,0.1357777777777778,0,0,0,0,-46,3.7,0,0,Send renewal reminder | Recommend personalized content,
2343,2344,James Clay,kristin18@example.com,kristin18,1991-04-08,Female,North Virginia,2024-03-18,2025-03-18,Monthly,0,0.42102223570825553,42.1,42.1,Medium,About to Leave,0.75,0.15000000000000002,1,0,0,0,-28,5.0,0,0,Send renewal reminder | Offer Annual Plan discount | Recommend personalized content,
2344,2345,Joseph Walton,jill54@example.net,jill54,1953-01-04,Male,Laramouth,2024-01-14,2025-01-13,Annual,0,0.3937695089529629,39.38,39.38,Medium,About to Leave,0.7436,0.0931851851851852,0,0,1,0,-92,4.3,0,0,Send renewal reminder | Assign priority support | Recommend personalized content,
2345,2346,James Mcgee MD,kellylane@example.net,kellylane,1939-02-02,Male,Elizabethside,2024-01-01,2024-12-31,Annual,0,0.26291032479929877,26.29,26.29,Low,Loyal,0.7668,0.4013333333333334,0,0,0,0,-105,3.4,0,0,Send renewal reminder | Collect feedback and offer service recovery | Recommend personalized content,Recommend reading/documentary combo | Recommend offline mobile viewing pack | Offer loyalty reward / premium upsell
2346,2347,Carol Hall,elizabeth97@example.net,elizabeth97,1993-12-04,Male,Wardfurt,2024-03-05,2025-03-05,Annual,0,0.472489247209478,47.25,47.25,Medium,About to Leave,0.6984,0.4346666666666667,0,0,0,1,-41,4.2,0,0,Send renewal reminder | Trigger engagement campaign | Recommend personalized content,
2347,2348,Christina Morrison,stephaniebates@example.org,stephaniebates,2004-02-07,Female,Lake Aaronburgh,2024-01-01,2024-12-31,Annual,0,0.25783291175993944,25.78,25.78,Low,Loyal,0.8064,0.928,0,0,0,0,-105,3.2,0,0,Send renewal reminder | Collect feedback and offer service recovery | Recommend personalized content,Recommend premium Comedy bundle | Recommend reading/documentary combo | Recommend offline mobile viewing pack | Offer loyalty reward / premium upsell
2348,2349,Melissa Mendez,adamsmark@example.net,adamsmark,1939-01-06,Female,Stevenport,2024-02-04,2025-02-03,Annual,0,0.386458082649697,38.65,38.65,Medium,About to Leave,0.7895999999999999,0.12266666666666667,0,0,1,0,-71,4.8,0,0,Send renewal reminder | Assign priority support | Recommend personalized content,
2349,2350,Yvonne Padilla,monica75@example.net,monica75,1938-02-19,Male,North Bryanfurt,2024-03-27,2025-03-27,Annual,0,0.43778537467237566,43.78,43.78,Medium,About to Leave,0.7348000000000001,0.08103703703703705,0,0,1,0,-19,4.9,0,0,Send renewal reminder | Assign priority support | Recommend personalized content,
2350,2351,Micheal Nelson,bradleydavid@example.com,bradleydavid,1939-02-04,Female,North Charlotte,2024-03-15,2025-03-15,Annual,0,0.307746708541329,30.77,30.77,Low,About to Leave,0.782,0.188,0,0,0,0,-31,3.5,0,0,Send renewal reminder | Recommend personalized content,
2351,2352,Alejandro Pruitt,unavarro@example.net,unavarro,2003-11-28,Male,Donnaville,2024-04-09,2025-04-09,Monthly,1,0.773418362207833,77.34,77.34,High,About to Leave,0.6436000000000002,0.06266666666666666,1,0,1,1,-6,4.3,1,1,Send renewal reminder | Offer Annual Plan discount | Assign priority support | Trigger engagement campaign | Recommend personalized content,
2352,2353,Krista Mcintosh,angela02@example.com,angela02,1989-12-07,Male,Ronaldmouth,2024-02-18,2025-02-17,Annual,0,0.44014007119056475,44.01,44.01,Medium,About to Leave,0.7036000000000001,0.43866666666666665,0,0,0,1,-57,4.3,0,0,Send renewal reminder | Trigger engagement campaign | Recommend personalized content,
2353,2354,James Pineda,taylor72@example.com,taylor72,1937-05-01,Female,East Jennifershire,2024-02-21,2025-02-20,Annual,0,0.30813098099742414,30.81,30.81,Low,About to Leave,0.7412,0.2635555555555556,0,0,0,0,-54,3.1,0,0,Send renewal reminder | Collect feedback and offer service recovery | Recommend personalized content,
2354,2355,Jose Gomez,tyler29@example.com,tyler29,1936-04-03,Male,Lindseytown,2024-02-07,2025-02-06,Monthly,0,0.5772260832170351,57.72,57.72,Medium,About to Leave,0.7192000000000001,0.45066666666666666,1,0,0,1,-68,4.6,1,0,Send renewal reminder | Offer Annual Plan discount | Trigger engagement campaign | Recommend personalized content,
2355,2356,Alexis Doyle,knightnatasha@example.com,knightnatasha,1979-06-03,Male,Dylanburgh,2024-02-07,2025-02-06,Annual,0,0.4193918472130541,41.94,41.94,Medium,About to Leave,0.754,0.09407407407407409,0,0,1,0,-68,4.5,0,0,Send renewal reminder | Assign priority support | Recommend personalized content,
2356,2357,Amber Davis,mpage@example.net,mpage,1942-05-15,Male,Hensonburgh,2024-04-02,2025-04-02,Annual,0,0.2684758089822471,26.85,26.85,Low,Loyal,0.7932,0.2768888888888889,0,0,0,0,-13,4.1,0,0,Send renewal reminder | Recommend personalized content,Recommend premium Documentary bundle | Recommend lifestyle and family content pack | Recommend mobile premium pack | Offer loyalty reward / premium upsell
2357,2358,Mitchell Smith,nstanton@example.com,nstanton,1992-03-02,Female,West Travisshire,2024-03-05,2025-03-05,Monthly,0,0.6214480558203729,62.14,62.14,Medium,About to Leave,0.6380000000000001,0.05600000000000001,1,0,1,0,-41,4.0,1,0,Send renewal reminder | Offer Annual Plan discount | Assign priority support | Recommend personalized content,
2358,2359,Christopher Perez,darrellbarrett@example.net,darrellbarrett,2004-03-11,Male,Lake Emilyport,2024-01-30,2025-01-29,Annual,0,0.4413393904290539,44.13,44.13,Medium,About to Leave,0.678,0.21333333333333335,0,0,0,1,-76,4.0,0,0,Send renewal reminder | Trigger engagement campaign | Recommend personalized content,
2359,2360,Jennifer Kennedy,clarktaylor@example.com,clarktaylor,1986-12-12,Female,Floresburgh,2024-03-27,2025-03-27,Monthly,0,0.6065637013528157,60.66,60.66,Medium,About to Leave,0.7024000000000001,0.08146666666666667,1,0,1,0,-19,3.7,1,0,Send renewal reminder | Offer Annual Plan discount | Assign priority support | Recommend personalized content,
2360,2361,Susan Wolf,michaelablevins@example.org,michaelablevins,1949-01-29,Male,West Kevin,2024-02-13,2025-02-12,Monthly,0,0.5920957499700735,59.21,59.21,Medium,About to Leave,0.7348000000000001,0.08103703703703705,1,0,1,0,-62,4.9,1,0,Send renewal reminder | Offer Annual Plan discount | Assign priority support | Recommend personalized content,
2361,2362,Anthony Kennedy,dharrison@example.org,dharrison,1989-11-17,Male,Charlenefurt,2024-01-29,2025-01-28,Monthly,0,0.4405634529365731,44.06,44.06,Medium,About to Leave,0.7624000000000001,0.2036666666666667,1,0,0,0,-77,3.7,0,0,Send renewal reminder | Offer Annual Plan discount | Recommend personalized content,
2362,2363,Brittany Reed,sferrell@example.net,sferrell,1956-09-05,Male,Trevinoland,2024-01-27,2025-01-26,Monthly,0,0.4833014656053208,48.33,48.33,Medium,About to Leave,0.702,0.13466666666666666,1,0,0,0,-79,3.5,1,0,Send renewal reminder | Offer Annual Plan discount | Recommend personalized content,
2363,2364,Kendra Marsh,camachopatricia@example.com,camachopatricia,1987-08-29,Male,Port Sherylstad,2024-01-27,2025-01-26,Annual,0,0.3776693973674887,37.77,37.77,Medium,About to Leave,0.7999999999999999,0.09090909090909091,0,0,1,0,-79,5.0,0,0,Send renewal reminder | Assign priority support | Recommend personalized content,
2364,2365,Kimberly Fischer,hcannon@example.org,hcannon,1981-03-15,Male,Antoniochester,2024-01-27,2025-01-26,Monthly,0,0.42287841923461633,42.29,42.29,Medium,About to Leave,0.7836000000000001,0.16773333333333335,1,0,0,0,-79,4.3,0,0,Send renewal reminder | Offer Annual Plan discount | Recommend personalized content,
2365,2366,Megan Vargas,adamshelen@example.org,adamshelen,1954-01-07,Female,West Bob,2024-04-03,2025-04-03,Annual,0,0.4183045193231328,41.83,41.83,Medium,About to Leave,0.7072,0.09007407407407408,0,0,1,0,-12,3.6,0,0,Send renewal reminder | Assign priority support | Recommend personalized content,
2366,2367,Wendy Cole,zwilson@example.net,zwilson,1990-10-08,Female,Kristaburgh,2024-03-19,2025-03-19,Monthly,0,0.401113493329901,40.11,40.11,Medium,About to Leave,0.8548000000000001,0.8626666666666668,1,0,0,0,-27,4.9,0,0,Send renewal reminder | Offer Annual Plan discount | Recommend personalized content,
2367,2368,William Brown,qstone@example.net,qstone,1973-09-07,Female,Lake Craigview,2024-03-25,2025-03-25,Annual,0,0.32036705265602133,32.04,32.04,Low,About to Leave,0.6964,0.16533333333333333,0,0,0,0,-21,3.2,0,0,Send renewal reminder | Collect feedback and offer service recovery | Recommend personalized content,
2368,2369,Charles Macdonald,michaelwilson@example.net,michaelwilson,1994-05-22,Male,Berryview,2024-02-23,2025-02-22,Annual,0,0.3380139588222646,33.8,33.8,Low,About to Leave,0.676,0.52,0,0,0,0,-52,3.0,0,0,Send renewal reminder | Collect feedback and offer service recovery | Recommend personalized content,
2369,2370,Wendy Fernandez,larryarias@example.net,larryarias,2001-06-14,Male,South Kevin,2024-02-12,2025-02-11,Annual,0,0.3017304392299254,30.17,30.17,Low,About to Leave,0.732,0.33666666666666667,0,0,0,0,-63,3.5,0,0,Send renewal reminder | Recommend personalized content,
2370,2371,Scott Martin,kenneth71@example.net,kenneth71,1988-11-10,Female,East Thomasville,2024-02-26,2025-02-25,Annual,0,0.6495232985032026,64.95,64.95,Medium,About to Leave,0.5928000000000001,0.04226666666666667,0,0,1,1,-49,3.9,1,0,Send renewal reminder | Assign priority support | Trigger engagement campaign | Recommend personalized content,
2371,2372,Ashley Harrington,thomasmorrison@example.org,thomasmorrison,1937-06-24,Female,South Monicatown,2024-01-13,2025-01-12,Monthly,0,0.43069380269616486,43.07,43.07,Medium,About to Leave,0.7936000000000001,0.2096666666666667,1,0,0,0,-93,4.3,0,0,Send renewal reminder | Offer Annual Plan discount | Recommend personalized content,
2372,2373,Stephanie Cooley,moraleschristian@example.com,moraleschristian,1981-04-08,Female,East Michaelchester,2024-04-14,2025-04-14,Annual,0,0.3148521377836832,31.49,31.49,Low,About to Leave,0.718,0.11555555555555556,0,0,0,0,-1,4.0,0,0,Send renewal reminder | Recommend personalized content,
2373,2374,Benjamin Haynes,phicks@example.org,phicks,1999-01-05,Male,North Ericville,2024-02-02,2025-02-01,Monthly,0,0.48599767383023756,48.6,48.6,Medium,About to Leave,0.682,0.18000000000000002,1,0,0,0,-73,3.5,1,0,Send renewal reminder | Offer Annual Plan discount | Recommend personalized content,
2374,2375,Carrie Sandoval,hernandezalan@example.net,hernandezalan,1993-10-08,Female,Sarahfort,2024-01-08,2025-01-07,Monthly,0,0.5661464494446281,56.61,56.61,Medium,About to Leave,0.7216,0.0932,1,0,1,0,-98,3.3,1,0,Send renewal reminder | Offer Annual Plan discount | Assign priority support | Collect feedback and offer service recovery | Recommend personalized content,
2375,2376,Alexander Bradshaw,juan90@example.com,juan90,1970-06-17,Male,Wolfeburgh,2024-04-13,2025-04-13,Annual,0,0.4547369175287076,45.47,45.47,Medium,About to Leave,0.6488,0.05236363636363637,0,0,1,0,-2,4.4,0,0,Send renewal reminder | Assign priority support | Recommend personalized content,
2376,2377,Mark Roberts,timothyedwards@example.com,timothyedwards,1998-07-18,Female,Josephton,2024-03-01,2025-03-01,Annual,0,0.279947195414333,27.99,27.99,Low,Loyal,0.7788,0.14044444444444446,0,0,0,0,-45,4.4,0,0,Send renewal reminder | Recommend personalized content,Recommend premium Documentary bundle | Recommend premium device streaming bundle | Recommend mobile premium pack | Offer loyalty reward / premium upsell
2377,2378,Miss Sarah Marshall MD,oconnorjerry@example.com,oconnorjerry,1966-04-16,Male,West Allen,2024-03-20,2025-03-20,Monthly,0,0.41903849014756517,41.9,41.9,Medium,About to Leave,0.8148000000000001,0.7293333333333334,1,0,0,0,-26,4.9,0,0,Send renewal reminder | Offer Annual Plan discount | Recommend personalized content,
2378,2379,Jamie Garcia,ktate@example.com,ktate,1946-08-24,Female,Pughborough,2024-02-26,2025-02-25,Monthly,0,0.5947845076549855,59.48,59.48,Medium,About to Leave,0.6644000000000001,0.05345454545454546,1,0,1,0,-49,4.7,1,0,Send renewal reminder | Offer Annual Plan discount | Assign priority support | Recommend personalized content,
2379,2380,Michelle Erickson,daviskathryn@example.org,daviskathryn,1963-01-12,Male,North Stephen,2024-02-14,2025-02-13,Annual,0,0.2632396733307102,26.32,26.32,Low,Loyal,0.808,0.8266666666666668,0,0,0,0,-61,4.0,0,0,Send renewal reminder | Recommend personalized content,Recommend premium Comedy bundle | Recommend reading/documentary combo | Recommend mobile premium pack | Offer loyalty reward / premium upsell
2380,2381,Nancy Burton,michele59@example.com,michele59,1936-05-31,Male,South Kristen,2024-01-01,2024-12-31,Monthly,0,0.45668101939348044,45.67,45.67,Medium,About to Leave,0.7376,0.22844444444444445,1,0,0,0,-105,3.8,0,0,Send renewal reminder | Offer Annual Plan discount | Recommend personalized content,
2381,2382,Sarah Gross,victorperez@example.com,victorperez,1991-10-15,Male,South Michelle,2024-04-12,2025-04-12,Monthly,0,0.6032314372420428,60.32,60.32,Medium,About to Leave,0.678,0.06933333333333333,1,0,1,0,-3,4.0,1,0,Send renewal reminder | Offer Annual Plan discount | Assign priority support | Recommend personalized content,
2382,2383,Roberto Stewart,michealhickman@example.org,michealhickman,1982-09-21,Female,New David,2024-03-01,2025-03-01,Monthly,0,0.6570977228270936,65.71,65.71,High,About to Leave,0.6068,0.06711111111111111,1,0,0,1,-45,3.4,1,0,Send renewal reminder | Offer Annual Plan discount | Trigger engagement campaign | Collect feedback and offer service recovery | Recommend personalized content,
2383,2384,Penny Roberts,eric50@example.org,eric50,1967-04-06,Female,Hamptonchester,2024-03-29,2025-03-29,Annual,0,0.2929976926978797,29.3,29.3,Low,Loyal,0.7532,0.23244444444444445,0,0,0,0,-17,4.1,0,0,Send renewal reminder | Recommend personalized content,Recommend premium Drama bundle | Recommend reading/documentary combo | Recommend mobile premium pack
2384,2385,Lisa Villarreal,brownjudith@example.org,brownjudith,1940-03-08,Male,Aguilarburgh,2024-02-07,2025-02-06,Annual,0,0.24676653519930378,24.68,24.68,Low,Loyal,0.8340000000000001,0.196,0,0,0,0,-68,4.5,0,0,Send renewal reminder | Recommend personalized content,Recommend premium Drama bundle | Recommend premium device streaming bundle | Recommend family multi-screen plan | Offer loyalty reward / premium upsell
2385,2386,Brandi Clements,brittneyhunt@example.net,brittneyhunt,1961-03-24,Female,Kimberlyview,2024-01-01,2024-12-31,Monthly,0,0.563551549833645,56.36,56.36,Medium,About to Leave,0.7228000000000001,0.09140740740740742,1,0,1,0,-105,3.9,1,0,Send renewal reminder | Offer Annual Plan discount | Assign priority support | Recommend personalized content,
2386,2387,Billy Young,johnsonmaurice@example.com,johnsonmaurice,2006-01-25,Male,Hernandezmouth,2024-01-31,2025-01-30,Monthly,0,0.4791160603842326,47.91,47.91,Medium,About to Leave,0.692,0.11222222222222222,1,0,0,0,-75,3.5,1,0,Send renewal reminder | Offer Annual Plan discount | Recommend personalized content,
2387,2388,Brenda Graves,catherineallen@example.org,catherineallen,1977-11-30,Female,Jamesberg,2024-01-31,2025-01-30,Monthly,0,0.6176771698132252,61.77,61.77,Medium,About to Leave,0.6612,0.07187878787878789,1,0,1,0,-75,3.1,1,0,Send renewal reminder | Offer Annual Plan discount | Assign priority support | Collect feedback and offer service recovery | Recommend personalized content,
2388,2389,Joshua Price,sburke@example.com,sburke,1934-11-28,Male,New Timothyport,2024-02-17,2025-02-16,Monthly,0,0.447852344563992,44.79,44.79,Medium,About to Leave,0.764,0.17833333333333334,1,0,0,0,-58,4.5,0,0,Send renewal reminder | Offer Annual Plan discount | Recommend personalized content,
2389,2390,Daniel Moore,barberjason@example.com,barberjason,2001-04-05,Male,Lake Robert,2024-03-20,2025-03-20,Monthly,1,0.803377192946696,80.34,80.34,High,About to Leave,0.5811999999999999,0.05580952380952381,1,0,1,1,-26,3.1,1,1,Send renewal reminder | Offer Annual Plan discount | Assign priority support | Trigger engagement campaign | Collect feedback and offer service recovery | Recommend personalized content,
2390,2391,Brian Jones,christopher89@example.net,christopher89,1999-10-28,Male,Michellemouth,2024-01-02,2025-01-01,Annual,0,0.3076293217363846,30.76,30.76,Low,About to Leave,0.7768,0.1872,0,0,0,0,-104,3.4,0,0,Send renewal reminder | Collect feedback and offer service recovery | Recommend personalized content,
2391,2392,Nicholas Gilbert,aharris@example.com,aharris,1998-07-08,Male,Ianbury,2024-01-14,2025-01-13,Monthly,0,0.4386531686416171,43.87,43.87,Medium,About to Leave,0.7768,0.8026666666666668,1,0,0,0,-92,3.4,0,0,Send renewal reminder | Offer Annual Plan discount | Collect feedback and offer service recovery | Recommend personalized content,
2392,2393,Trevor Diaz,sdavidson@example.com,sdavidson,1976-04-04,Female,Lancefort,2024-03-21,2025-03-21,Annual,0,0.4755000772114385,47.55,47.55,Medium,About to Leave,0.684,0.11166666666666666,0,0,0,1,-25,4.5,1,0,Send renewal reminder | Trigger engagement campaign | Recommend personalized content,
2393,2394,Margaret Johnson,seansanders@example.org,seansanders,1997-11-16,Male,East Adamfurt,2024-01-09,2025-01-08,Annual,0,0.40614633109698006,40.61,40.61,Medium,About to Leave,0.7792,0.08945454545454545,0,0,1,0,-97,4.6,0,0,Send renewal reminder | Assign priority support | Recommend personalized content,
2394,2395,Stephanie Moss,vperez@example.org,vperez,1941-08-05,Male,New Alejandra,2024-01-10,2025-01-09,Monthly,0,0.4270132817074033,42.7,42.7,Medium,About to Leave,0.7020000000000001,0.54,1,0,0,0,-96,3.5,0,0,Send renewal reminder | Offer Annual Plan discount | Recommend personalized content,
2395,2396,Lisa Fletcher,peter29@example.net,peter29,1974-05-09,Female,South Walter,2024-03-13,2025-03-13,Annual,0,0.34887259018449324,34.89,34.89,Low,About to Leave,0.6512,0.131,0,0,0,0,-33,3.1,0,0,Send renewal reminder | Collect feedback and offer service recovery | Recommend personalized content,
2396,2397,Travis Gonzales,millerdavid@example.net,millerdavid,1965-01-21,Female,South Christinehaven,2024-04-02,2025-04-02,Monthly,0,0.43404574408324087,43.4,43.4,Medium,About to Leave,0.7928000000000001,0.15933333333333335,1,0,0,0,-13,3.9,0,0,Send renewal reminder | Offer Annual Plan discount | Recommend personalized content,
2397,2398,Katie Keller,christine40@example.com,christine40,1949-10-03,Male,Lake Davidfort,2024-04-08,2025-04-08,Monthly,0,0.44192799781434405,44.19,44.19,Medium,About to Leave,0.7768,0.8026666666666668,1,0,0,0,-7,3.4,0,0,Send renewal reminder | Offer Annual Plan discount | Collect feedback and offer service recovery | Recommend personalized content,
2398,2399,Bryan Schmidt,lunahannah@example.org,lunahannah,1958-04-20,Male,North Allison,2024-01-24,2025-01-23,Annual,0,0.39368056300245124,39.37,39.37,Medium,About to Leave,0.7740000000000001,0.0890909090909091,0,0,1,0,-82,4.5,0,0,Send renewal reminder | Assign priority support | Recommend personalized content,
2399,2400,Francisco Joyce,morgancooley@example.org,morgancooley,2000-05-04,Male,Port Jeffreyville,2024-02-27,2025-02-26,Annual,0,0.44344509321487224,44.34,44.34,Medium,About to Leave,0.6680000000000001,0.08,0,0,1,0,-48,4.0,0,0,Send renewal reminder | Assign priority support | Recommend personalized content,
2400,2401,Stanley Mendoza,hrobertson@example.org,hrobertson,1983-11-21,Female,Kevinhaven,2024-03-12,2025-03-12,Monthly,0,0.5205289973900825,52.05,52.05,Medium,About to Leave,0.6412,0.1048,1,0,0,0,-34,3.1,1,0,Send renewal reminder | Offer Annual Plan discount | Collect feedback and offer service recovery | Recommend personalized content,
2401,2402,Jennifer Love,morganlisa@example.com,morganlisa,1943-05-09,Female,South Jennifer,2024-02-26,2025-02-25,Annual,0,0.33156328506698535,33.16,33.16,Low,About to Leave,0.692,0.11222222222222222,0,0,0,0,-49,3.5,0,0,Send renewal reminder | Recommend personalized content,
2402,2403,Ashley Kelly,smartin@example.org,smartin,1971-04-27,Male,Beckport,2024-03-31,2025-03-31,Annual,0,0.4610612088894964,46.11,46.11,Medium,About to Leave,0.7044000000000001,0.06557575757575758,0,0,1,0,-15,4.7,0,0,Send renewal reminder | Assign priority support | Recommend personalized content,
2403,2404,Wayne Holder,lewiscaitlin@example.org,lewiscaitlin,1939-04-04,Male,Holmesfurt,2024-04-09,2025-04-09,Annual,0,0.27929440958348306,27.93,27.93,Low,Loyal,0.784,0.3566666666666667,0,0,0,0,-6,4.5,0,0,Send renewal reminder | Recommend personalized content,Recommend premium device streaming bundle | Recommend offline mobile viewing pack | Offer loyalty reward / premium upsell
2404,2405,Samantha Williams,vincentbaker@example.com,vincentbaker,1975-11-18,Female,Samuelton,2024-02-23,2025-02-22,Monthly,0,0.6323116795279334,63.23,63.23,Medium,About to Leave,0.6112,0.09766666666666667,1,0,0,1,-52,3.1,1,0,Send renewal reminder | Offer Annual Plan discount | Trigger engagement campaign | Collect feedback and offer service recovery | Recommend personalized content,
2405,2406,Abigail Carroll,bking@example.org,bking,1939-05-04,Male,Ramirezburgh,2024-01-21,2025-01-20,Monthly,0,0.39271076610988054,39.27,39.27,Medium,About to Leave,0.8795999999999999,0.496,1,0,0,0,-85,4.8,0,0,Send renewal reminder | Offer Annual Plan discount | Recommend personalized content,
2406,2407,James Fitzpatrick,asullivan@example.com,asullivan,1982-06-08,Female,West Richard,2024-03-09,2025-03-09,Monthly,0,0.6624483332724818,66.24,66.24,High,About to Leave,0.648,0.08533333333333334,1,0,0,1,-37,4.0,1,0,Send renewal reminder | Offer Annual Plan discount | Trigger engagement campaign | Recommend personalized content,
2407,2408,Christopher Kennedy,khanjoshua@example.org,khanjoshua,1984-10-15,Male,Lake Brandon,2024-04-14,2025-04-14,Monthly,1,0.8078588906970804,80.79,80.79,High,About to Leave,0.5464,0.03587878787878788,1,0,1,1,-1,3.2,1,1,Send renewal reminder | Offer Annual Plan discount | Assign priority support | Trigger engagement campaign | Collect feedback and offer service recovery | Recommend personalized content,
2408,2409,Juan Alexander,elizabethwilkerson@example.com,elizabethwilkerson,1964-12-04,Male,Lake Danielview,2024-02-06,2025-02-05,Annual,0,0.39988136591826895,39.99,39.99,Medium,About to Leave,0.728,0.09185185185185187,0,0,1,0,-69,4.0,0,0,Send renewal reminder | Assign priority support | Recommend personalized content,
2409,2410,Ryan Richardson,jsnow@example.net,jsnow,1958-10-08,Female,North Traci,2024-02-20,2025-02-19,Annual,0,0.4070310679948823,40.7,40.7,Medium,About to Leave,0.7348000000000001,0.46266666666666667,0,0,0,1,-55,4.9,0,0,Send renewal reminder | Trigger engagement campaign | Recommend personalized content,
2410,2411,Lauren Bridges,feliciadavidson@example.org,feliciadavidson,1951-08-15,Male,North Robert,2024-03-13,2025-03-13,Monthly,0,0.6050036169198967,60.5,60.5,Medium,About to Leave,0.6888000000000001,0.06448484848484849,1,0,1,0,-33,4.4,1,0,Send renewal reminder | Offer Annual Plan discount | Assign priority support | Recommend personalized content,
2411,2412,Stephanie Young,jacksonamber@example.org,jacksonamber,1991-06-26,Female,Lake Nancystad,2024-01-07,2025-01-06,Monthly,0,0.46778144473919075,46.78,46.78,Medium,About to Leave,0.6816,0.11088888888888888,1,0,0,0,-99,3.3,0,0,Send renewal reminder | Offer Annual Plan discount | Collect feedback and offer service recovery | Recommend personalized content,
2412,2413,Michael Villegas,freynolds@example.net,freynolds,1971-09-18,Female,Hunterhaven,2024-02-06,2025-02-05,Monthly,0,0.4440547279532353,44.41,44.41,Medium,About to Leave,0.7071999999999999,0.13546666666666668,1,0,0,0,-69,3.6,0,0,Send renewal reminder | Offer Annual Plan discount | Recommend personalized content,
2413,2414,Kimberly Cantu,christopher51@example.net,christopher51,1967-06-16,Female,East Danielle,2024-02-05,2025-02-04,Annual,0,0.45410975088249056,45.41,45.41,Medium,About to Leave,0.6420000000000001,0.07714285714285715,0,0,1,0,-70,3.5,0,0,Send renewal reminder | Assign priority support | Recommend personalized content,
2414,2415,Joshua Willis,westjenny@example.com,westjenny,1958-07-27,Female,Leeburgh,2024-03-01,2025-03-01,Monthly,0,0.5800833787513202,58.01,58.01,Medium,About to Leave,0.7044000000000001,0.06557575757575758,1,0,1,0,-45,4.7,1,0,Send renewal reminder | Offer Annual Plan discount | Assign priority support | Recommend personalized content,
2415,2416,Kathleen Oconnor,ubowman@example.net,ubowman,1962-07-15,Male,Port Ryan,2024-04-12,2025-04-12,Annual,0,0.45219297580707224,45.22,45.22,Medium,About to Leave,0.6420000000000001,0.07714285714285715,0,0,1,0,-3,3.5,0,0,Send renewal reminder | Assign priority support | Recommend personalized content,
2416,2417,David Smith,hartmanaaron@example.com,hartmanaaron,1971-09-25,Male,Anthonyport,2024-02-10,2025-02-09,Annual,0,0.48753700140925904,48.75,48.75,Medium,About to Leave,0.6272,0.060444444444444446,0,0,1,0,-65,3.6,1,0,Send renewal reminder | Assign priority support | Recommend personalized content,
2417,2418,Kevin Carter,robertalvarado@example.org,robertalvarado,1994-08-27,Male,Stephanieborough,2024-01-27,2025-01-26,Annual,0,0.2688945724149269,26.89,26.89,Low,Loyal,0.7788,0.3546666666666667,0,0,0,0,-79,4.4,0,0,Send renewal reminder | Recommend personalized content,Recommend premium Comedy bundle | Recommend reading/documentary combo | Recommend offline mobile viewing pack | Offer loyalty reward / premium upsell
2418,2419,Jeffrey Marquez,tracisanchez@example.org,tracisanchez,1953-05-26,Female,Ericside,2024-02-15,2025-02-14,Monthly,0,0.7281277098257981,72.81,72.81,High,About to Leave,0.6596000000000001,0.05733333333333333,1,0,1,1,-60,4.8,1,0,Send renewal reminder | Offer Annual Plan discount | Assign priority support | Trigger engagement campaign | Recommend personalized content,
2419,2420,Edward Schmidt,wdaugherty@example.net,wdaugherty,1936-11-02,Female,Robertchester,2024-01-24,2025-01-23,Annual,0,0.34590124219105906,34.59,34.59,Low,About to Leave,0.692,0.11222222222222222,0,0,0,0,-82,3.5,0,0,Send renewal reminder | Recommend personalized content,
2420,2421,Hector Ortiz,wilkinsonjames@example.org,wilkinsonjames,2003-11-27,Female,Christopherchester,2024-03-02,2025-03-02,Monthly,0,0.5575879362766926,55.76,55.76,Medium,About to Leave,0.7480000000000001,0.08727272727272728,1,0,1,0,-44,4.0,1,0,Send renewal reminder | Offer Annual Plan discount | Assign priority support | Recommend personalized content,
2421,2422,Christina Fowler,sanchezsara@example.com,sanchezsara,1941-05-23,Male,South Ashley,2024-01-15,2025-01-14,Annual,0,0.3199345031548098,31.99,31.99,Low,About to Leave,0.6864,0.528,0,0,0,0,-91,3.2,0,0,Send renewal reminder | Collect feedback and offer service recovery | Recommend personalized content,
2422,2423,Reginald Davis,ucollins@example.com,ucollins,1974-07-08,Male,Johnsonside,2024-01-29,2025-01-28,Monthly,0,0.45232651980169314,45.23,45.23,Medium,About to Leave,0.7216,0.33266666666666667,1,0,0,0,-77,3.3,0,0,Send renewal reminder | Offer Annual Plan discount | Collect feedback and offer service recovery | Recommend personalized content,
2423,2424,Lauren Johnson,patriciaclarke@example.com,patriciaclarke,2004-09-25,Female,Kimberlyville,2024-02-10,2025-02-09,Monthly,0,0.4578433573243295,45.78,45.78,Medium,About to Leave,0.7784000000000001,0.16693333333333335,1,0,0,0,-65,4.2,0,0,Send renewal reminder | Offer Annual Plan discount | Recommend personalized content,
2424,2425,Bradley Bush,batesedward@example.com,batesedward,1981-02-07,Female,West Beverlyhaven,2024-04-09,2025-04-09,Monthly,0,0.4392759350909504,43.93,43.93,Medium,About to Leave,0.8068000000000001,0.468,1,0,0,0,-6,3.4,0,0,Send renewal reminder | Offer Annual Plan discount | Collect feedback and offer service recovery | Recommend personalized content,
2425,2426,Larry Morrow,teresa72@example.net,teresa72,1963-03-09,Female,Lake Lorimouth,2024-04-12,2025-04-12,Annual,0,0.4163466489569175,41.63,41.63,Medium,About to Leave,0.742,0.10444444444444445,0,0,1,0,-3,3.5,0,0,Send renewal reminder | Assign priority support | Recommend personalized content,
2426,2427,Ruth Murphy,portermarissa@example.net,portermarissa,1976-12-01,Female,New Thomasburgh,2024-03-29,2025-03-29,Monthly,0,0.5327534463071962,53.28,53.28,Medium,About to Leave,0.7948000000000002,0.12323809523809526,1,0,1,0,-17,4.9,1,0,Send renewal reminder | Offer Annual Plan discount | Assign priority support | Recommend personalized content,
2427,2428,Joseph Marquez,aaron39@example.com,aaron39,1973-04-14,Male,Jacobton,2024-04-04,2025-04-04,Monthly,1,0.8177921143993362,81.78,81.78,High,About to Leave,0.5712,0.04883333333333333,1,0,1,1,-11,3.1,1,1,Send renewal reminder | Offer Annual Plan discount | Assign priority support | Trigger engagement campaign | Collect feedback and offer service recovery | Recommend personalized content,
2428,2429,Debra Murillo,maryallen@example.org,maryallen,1966-07-11,Male,North Jeffrey,2024-03-11,2025-03-11,Monthly,0,0.4326635951058472,43.27,43.27,Medium,About to Leave,0.8044000000000001,0.7213333333333334,1,0,0,0,-35,4.7,0,0,Send renewal reminder | Offer Annual Plan discount | Recommend personalized content,
2429,2430,Jamie Shields,harrisstephanie@example.com,harrisstephanie,1992-11-29,Female,East Kyletown,2024-03-24,2025-03-24,Annual,0,0.2690439409069312,26.9,26.9,Low,Loyal,0.8644000000000001,0.32933333333333337,0,0,0,0,-22,4.7,0,0,Send renewal reminder | Recommend personalized content,Recommend premium Drama bundle | Recommend premium device streaming bundle | Recommend family multi-screen plan | Offer loyalty reward / premium upsell
2430,2431,Richard Love,jameswarner@example.org,jameswarner,1972-10-10,Male,Webstertown,2024-02-17,2025-02-16,Monthly,0,0.4352009585218367,43.52,43.52,Medium,About to Leave,0.7168,0.22311111111111112,1,0,0,0,-58,3.4,0,0,Send renewal reminder | Offer Annual Plan discount | Collect feedback and offer service recovery | Recommend personalized content,
2431,2432,Stephanie Trujillo,sperry@example.org,sperry,1968-09-24,Male,Justinstad,2024-03-12,2025-03-12,Annual,0,0.38378380336651147,38.38,38.38,Medium,About to Leave,0.8092,0.123,0,0,1,0,-34,4.6,0,0,Send renewal reminder | Assign priority support | Recommend personalized content,
2432,2433,Pamela Hutchinson,hannah28@example.net,hannah28,1940-08-15,Female,West Lisa,2024-01-30,2025-01-29,Annual,0,0.40838294321779384,40.84,40.84,Medium,About to Leave,0.7032,0.08716666666666667,0,0,1,0,-76,4.1,0,0,Send renewal reminder | Assign priority support | Recommend personalized content,
2433,2434,Chloe Simpson,nathankennedy@example.org,nathankennedy,1997-10-06,Female,East Victoriastad,2024-01-07,2025-01-06,Annual,0,0.4359461862761474,43.59,43.59,Medium,About to Leave,0.6792,0.0648888888888889,0,0,1,0,-99,4.6,0,0,Send renewal reminder | Assign priority support | Recommend personalized content,
2434,2435,Zachary Sanders,aguilarlaura@example.net,aguilarlaura,1947-10-08,Male,South Jessica,2024-01-13,2025-01-12,Annual,0,0.3082447192888304,30.82,30.82,Low,About to Leave,0.7492000000000001,0.29200000000000004,0,0,0,0,-93,4.6,0,0,Send renewal reminder | Recommend personalized content,
2435,2436,Gabriel Hayes,jamie03@example.net,jamie03,1956-07-12,Female,West Jeremiah,2024-02-20,2025-02-19,Annual,0,0.38877383101235474,38.88,38.88,Medium,About to Leave,0.7444000000000002,0.10304761904761905,0,0,1,0,-55,4.7,0,0,Send renewal reminder | Assign priority support | Recommend personalized content,
2436,2437,Jon Carson,parsonssamuel@example.net,parsonssamuel,1975-06-26,Female,West Brian,2024-01-09,2025-01-08,Monthly,0,0.43465958427325346,43.47,43.47,Medium,About to Leave,0.76,0.20000000000000004,1,0,0,0,-97,5.0,0,0,Send renewal reminder | Offer Annual Plan discount | Recommend personalized content,
2437,2438,Charles Smith,pacevedo@example.com,pacevedo,1957-11-20,Female,North Aaronton,2024-03-11,2025-03-11,Monthly,0,0.5969222948881262,59.69,59.69,Medium,About to Leave,0.7028000000000001,0.09847619047619048,1,0,1,0,-35,3.9,1,0,Send renewal reminder | Offer Annual Plan discount | Assign priority support | Recommend personalized content,
2438,2439,Gregory Haney,langlarry@example.org,langlarry,1969-07-30,Female,Garymouth,2024-02-05,2025-02-04,Annual,0,0.44469583643300825,44.47,44.47,Medium,About to Leave,0.6412,0.07303703703703704,0,0,1,0,-70,3.1,0,0,Send renewal reminder | Assign priority support | Collect feedback and offer service recovery | Recommend personalized content,
2439,2440,Dawn Payne,mackenzie51@example.net,mackenzie51,1979-02-21,Male,Williamberg,2024-01-28,2025-01-27,Annual,0,0.38718698949884484,38.72,38.72,Medium,About to Leave,0.794,0.1088888888888889,0,0,1,0,-78,4.5,0,0,Send renewal reminder | Assign priority support | Recommend personalized content,
2440,2441,William Burns,williemiranda@example.com,williemiranda,1955-01-08,Male,Petersonside,2024-03-22,2025-03-22,Monthly,0,0.5767078393060552,57.67,57.67,Medium,About to Leave,0.6559999999999999,0.09333333333333334,1,0,1,0,-24,3.0,1,0,Send renewal reminder | Offer Annual Plan discount | Assign priority support | Collect feedback and offer service recovery | Recommend personalized content,
2441,2442,Christina Valencia,laurasmith@example.com,laurasmith,1972-09-24,Female,South Darleneborough,2024-03-12,2025-03-12,Annual,0,0.4381456639302123,43.81,43.81,Medium,About to Leave,0.6932,0.07748148148148148,0,0,1,0,-34,4.1,0,0,Send renewal reminder | Assign priority support | Recommend personalized content,
2442,2443,Joseph Rogers,jonesrachel@example.org,jonesrachel,1939-07-02,Female,Gibsonbury,2024-04-01,2025-04-01,Monthly,0,0.6214513329144292,62.15,62.15,Medium,About to Leave,0.646,0.08166666666666667,1,0,1,0,-14,3.0,1,0,Send renewal reminder | Offer Annual Plan discount | Assign priority support | Collect feedback and offer service recovery | Recommend personalized content,
2443,2444,Drew Robles,margaretnovak@example.org,margaretnovak,1983-02-28,Male,South Elizabeth,2024-01-15,2025-01-14,Annual,0,0.2544212908196862,25.44,25.44,Low,Loyal,0.8048000000000001,0.3646666666666667,0,0,0,0,-91,4.9,0,0,Send renewal reminder | Recommend personalized content,Recommend premium Sci-Fi bundle | Recommend premium device streaming bundle | Recommend mobile premium pack | Offer loyalty reward / premium upsell
2444,2445,Elizabeth Shaw,hallsean@example.org,hallsean,1961-12-26,Female,Fisherton,2024-02-24,2025-02-23,Monthly,0,0.3805460159673867,38.05,38.05,Medium,About to Leave,0.8536,0.48600000000000004,1,0,0,0,-51,4.3,0,0,Send renewal reminder | Offer Annual Plan discount | Recommend personalized content,
2445,2446,Carol Lawson,graymary@example.net,graymary,1936-09-07,Male,Brianhaven,2024-01-13,2025-01-12,Monthly,0,0.4376459612686766,43.76,43.76,Medium,About to Leave,0.7688,0.23644444444444446,1,0,0,0,-93,4.4,0,0,Send renewal reminder | Offer Annual Plan discount | Recommend personalized content,
2446,2447,Jennifer Franco,cindy32@example.org,cindy32,1959-09-04,Female,Derekberg,2024-02-23,2025-02-22,Monthly,0,0.6001219005451824,60.01,60.01,Medium,About to Leave,0.6368,0.07657142857142858,1,0,1,0,-52,3.4,1,0,Send renewal reminder | Offer Annual Plan discount | Assign priority support | Collect feedback and offer service recovery | Recommend personalized content,
2447,2448,Kenneth Sullivan,boonemario@example.com,boonemario,1960-10-18,Male,Lake Allen,2024-01-26,2025-01-25,Monthly,0,0.5822429697305272,58.22,58.22,Medium,About to Leave,0.6976,0.09790476190476191,1,0,1,0,-80,3.8,1,0,Send renewal reminder | Offer Annual Plan discount | Assign priority support | Recommend personalized content,
2448,2449,Elaine Haney,gclark@example.org,gclark,1935-01-01,Female,Port Wanda,2024-03-07,2025-03-07,Monthly,1,0.7647634311409821,76.48,76.48,High,About to Leave,0.6232000000000001,0.05383333333333333,1,0,1,1,-39,4.1,1,1,Send renewal reminder | Offer Annual Plan discount | Assign priority support | Trigger engagement campaign | Recommend personalized content,
2449,2450,Kendra Mcknight,christopherwood@example.org,christopherwood,1982-05-11,Female,Port Don,2024-03-07,2025-03-07,Annual,0,0.4571262721675166,45.71,45.71,Medium,About to Leave,0.6264000000000001,0.060121212121212124,0,0,1,0,-39,3.2,0,0,Send renewal reminder | Assign priority support | Collect feedback and offer service recovery | Recommend personalized content,
2450,2451,Monica Cook,colemichelle@example.net,colemichelle,1981-03-29,Female,Schwartzbury,2024-02-28,2025-02-27,Annual,0,0.27556356184490927,27.56,27.56,Low,Loyal,0.7732,0.6973333333333334,0,0,0,0,-47,4.1,0,0,Send renewal reminder | Recommend personalized content,Recommend premium Sci-Fi bundle | Recommend lifestyle and family content pack | Recommend family multi-screen plan | Offer loyalty reward / premium upsell
2451,2452,William Walker,antonio21@example.org,antonio21,1999-10-08,Male,Marquezhaven,2024-02-18,2025-02-17,Annual,0,0.4715176938432474,47.15,47.15,Medium,About to Leave,0.6312,0.19533333333333333,0,0,0,1,-57,3.1,0,0,Send renewal reminder | Trigger engagement campaign | Collect feedback and offer service recovery | Recommend personalized content,
2452,2453,Matthew Davis,wustephanie@example.net,wustephanie,1977-09-01,Female,Allisonshire,2024-03-26,2025-03-26,Monthly,0,0.636857057485821,63.69,63.69,Medium,About to Leave,0.6376,0.06133333333333334,1,0,1,0,-20,3.8,1,0,Send renewal reminder | Offer Annual Plan discount | Assign priority support | Recommend personalized content,
2453,2454,Lorraine Sanchez,wparks@example.org,wparks,1939-08-22,Male,North Cathyton,2024-02-23,2025-02-22,Annual,0,0.300626429371607,30.06,30.06,Low,About to Leave,0.7632,0.3486666666666667,0,0,0,0,-52,4.1,0,0,Send renewal reminder | Recommend personalized content,
2454,2455,Vincent Velasquez,jasmine45@example.net,jasmine45,1992-09-05,Male,New Aaron,2024-02-06,2025-02-05,Annual,0,0.4264031500572399,42.64,42.64,Medium,About to Leave,0.7368000000000001,0.10400000000000001,0,0,1,0,-69,3.4,0,0,Send renewal reminder | Assign priority support | Collect feedback and offer service recovery | Recommend personalized content,
2455,2456,Misty Henderson,kjacobson@example.org,kjacobson,1974-11-28,Female,Staceychester,2024-04-12,2025-04-12,Monthly,0,0.432735705522582,43.27,43.27,Medium,About to Leave,0.7436,0.14106666666666667,1,0,0,0,-3,4.3,0,0,Send renewal reminder | Offer Annual Plan discount | Recommend personalized content,
2456,2457,Jeffrey Lane,hansenelizabeth@example.org,hansenelizabeth,1972-05-25,Male,Gonzalezchester,2024-01-26,2025-01-25,Monthly,0,0.5678191491102457,56.78,56.78,Medium,About to Leave,0.7124000000000001,0.09051851851851853,1,0,1,0,-80,3.7,1,0,Send renewal reminder | Offer Annual Plan discount | Assign priority support | Recommend personalized content,
2457,2458,Jody Reyes,christopher21@example.net,christopher21,1963-09-15,Male,Kevinport,2024-01-20,2025-01-19,Monthly,0,0.45584157787638957,45.58,45.58,Medium,About to Leave,0.728,0.13866666666666666,1,0,0,0,-86,4.0,0,0,Send renewal reminder | Offer Annual Plan discount | Recommend personalized content,
2458,2459,Steve Lucero,jennifer43@example.net,jennifer43,1993-06-14,Male,West Jason,2024-03-26,2025-03-26,Annual,0,0.43914233193531144,43.91,43.91,Medium,About to Leave,0.652,0.06733333333333333,0,0,1,0,-20,3.5,0,0,Send renewal reminder | Assign priority support | Recommend personalized content,
2459,2460,Alison Young,lisa22@example.org,lisa22,1985-06-05,Female,Lewisville,2024-02-24,2025-02-23,Monthly,0,0.4210259148938472,42.1,42.1,Medium,About to Leave,0.7396,0.14800000000000002,1,0,0,0,-51,4.8,0,0,Send renewal reminder | Offer Annual Plan discount | Recommend personalized content,
2460,2461,Melissa Smith,valexander@example.org,valexander,1943-11-21,Female,Port Ritaville,2024-03-01,2025-03-01,Monthly,0,0.456670826417216,45.67,45.67,Medium,About to Leave,0.6824,0.137,1,0,0,0,-45,3.7,0,0,Send renewal reminder | Offer Annual Plan discount | Recommend personalized content,
2461,2462,Gerald Porter,monicanguyen@example.org,monicanguyen,1975-10-17,Male,Torresfort,2024-04-07,2025-04-07,Monthly,0,0.5807259847888261,58.07,58.07,Medium,About to Leave,0.6816000000000001,0.07986666666666667,1,0,1,0,-8,3.3,1,0,Send renewal reminder | Offer Annual Plan discount | Assign priority support | Collect feedback and offer service recovery | Recommend personalized content,
2462,2463,Margaret Weaver,hoodmonica@example.net,hoodmonica,1952-04-14,Male,Harrisfurt,2024-03-12,2025-03-12,Annual,0,0.6093245407473084,60.93,60.93,Medium,About to Leave,0.5811999999999999,0.05580952380952381,0,0,1,1,-34,3.1,1,0,Send renewal reminder | Assign priority support | Trigger engagement campaign | Collect feedback and offer service recovery | Recommend personalized content,
2463,2464,Travis Gutierrez,kathrynweiss@example.com,kathrynweiss,1947-01-06,Male,Freemantown,2024-01-22,2025-01-21,Annual,0,0.4761348324000201,47.61,47.61,Medium,About to Leave,0.6316,0.06048484848484848,0,0,1,0,-84,3.3,1,0,Send renewal reminder | Assign priority support | Collect feedback and offer service recovery | Recommend personalized content,
2464,2465,Mallory Buck,mendezjessica@example.net,mendezjessica,1986-01-05,Female,Lake Tommyburgh,2024-01-24,2025-01-23,Annual,0,0.3252025652786454,32.52,32.52,Low,About to Leave,0.7312,0.19766666666666668,0,0,0,0,-82,3.1,0,0,Send renewal reminder | Collect feedback and offer service recovery | Recommend personalized content,
2465,2466,Christopher Lee,ihill@example.org,ihill,1987-10-07,Female,West John,2024-02-23,2025-02-22,Monthly,0,0.6024620105024877,60.25,60.25,Medium,About to Leave,0.6896,0.06577777777777778,1,0,1,0,-52,4.8,1,0,Send renewal reminder | Offer Annual Plan discount | Assign priority support | Recommend personalized content,
2466,2467,John Dixon,williamkoch@example.org,williamkoch,1985-11-14,Female,Wilsonton,2024-02-09,2025-02-08,Monthly,0,0.7309087446138601,73.09,73.09,High,About to Leave,0.6596000000000001,0.05733333333333333,1,0,1,1,-66,4.8,1,0,Send renewal reminder | Offer Annual Plan discount | Assign priority support | Trigger engagement campaign | Recommend personalized content,
2467,2468,Faith Charles,matthew53@example.net,matthew53,1971-02-15,Female,Michaeltown,2024-02-21,2025-02-20,Annual,0,0.32795287744047374,32.8,32.8,Low,About to Leave,0.7232,0.11622222222222223,0,0,0,0,-54,4.1,0,0,Send renewal reminder | Recommend personalized content,
2468,2469,Michael Robles,julierose@example.com,julierose,1951-04-13,Male,Michaelfurt,2024-03-12,2025-03-12,Monthly,0,0.4149308455095699,41.49,41.49,Medium,About to Leave,0.742,0.6733333333333333,1,0,0,0,-34,3.5,0,0,Send renewal reminder | Offer Annual Plan discount | Recommend personalized content,
2469,2470,Susan Singleton,campbelljennifer@example.net,campbelljennifer,1933-10-13,Male,Laurieburgh,2024-03-19,2025-03-19,Annual,0,0.33757820095823676,33.76,33.76,Low,About to Leave,0.6911999999999999,0.16433333333333333,0,0,0,0,-27,3.1,0,0,Send renewal reminder | Collect feedback and offer service recovery | Recommend personalized content,
2470,2471,Richard Dalton,jasonparsons@example.org,jasonparsons,1966-09-16,Female,Port April,2024-02-05,2025-02-04,Annual,0,0.2791310304242113,27.91,27.91,Low,Loyal,0.8188000000000001,0.4213333333333334,0,0,0,0,-70,4.4,0,0,Send renewal reminder | Recommend personalized content,Recommend premium device streaming bundle | Recommend offline mobile viewing pack | Offer loyalty reward / premium upsell
2471,2472,Jeffrey Lam,romerologan@example.org,romerologan,1960-11-03,Male,Robertsview,2024-03-07,2025-03-07,Annual,0,0.2719524277282267,27.2,27.2,Low,Loyal,0.7844000000000001,0.24044444444444446,0,0,0,0,-39,4.7,0,0,Send renewal reminder | Recommend personalized content,Recommend premium Drama bundle | Recommend premium device streaming bundle | Recommend family multi-screen plan | Offer loyalty reward / premium upsell
2472,2473,Kathryn Shaw,mrogers@example.org,mrogers,1938-11-19,Female,West Peter,2024-03-18,2025-03-18,Monthly,1,0.7793533603487489,77.94,77.94,High,About to Leave,0.5972000000000001,0.05133333333333333,1,0,1,1,-28,3.6,1,1,Send renewal reminder | Offer Annual Plan discount | Assign priority support | Trigger engagement campaign | Recommend personalized content,
2473,2474,Kenneth Quinn,hboyd@example.org,hboyd,1944-06-24,Female,North Bryan,2024-02-18,2025-02-17,Annual,0,0.44126196891417163,44.13,44.13,Medium,About to Leave,0.6516,0.07392592592592592,0,0,1,0,-57,3.3,0,0,Send renewal reminder | Assign priority support | Collect feedback and offer service recovery | Recommend personalized content,
2474,2475,Dr. Robert Allison MD,carrie14@example.net,carrie14,1981-02-06,Female,Meyerberg,2024-01-24,2025-01-23,Annual,0,0.4572252429506326,45.72,45.72,Medium,About to Leave,0.6768000000000001,0.09561904761904762,0,0,1,0,-82,3.4,0,0,Send renewal reminder | Assign priority support | Collect feedback and offer service recovery | Recommend personalized content,
2475,2476,Anthony Wood,hansennicole@example.com,hansennicole,1989-12-03,Male,Port Rhonda,2024-01-24,2025-01-23,Annual,0,0.45496134261671956,45.5,45.5,Medium,About to Leave,0.6980000000000001,0.08666666666666667,0,0,1,0,-82,4.0,0,0,Send renewal reminder | Assign priority support | Recommend personalized content,
2476,2477,Aaron Goodman,michaelanderson@example.org,michaelanderson,1961-03-04,Male,Port Sarahview,2024-02-18,2025-02-17,Monthly,0,0.45514389201732214,45.51,45.51,Medium,About to Leave,0.718,0.11555555555555556,1,0,0,0,-57,4.0,0,0,Send renewal reminder | Offer Annual Plan discount | Recommend personalized content,
2477,2478,Alec Alexander,brandtbrian@example.org,brandtbrian,1936-12-03,Female,West Amy,2024-02-17,2025-02-16,Monthly,0,0.7259733404171093,72.6,72.6,High,About to Leave,0.6540000000000001,0.0638095238095238,1,0,1,1,-58,4.5,1,0,Send renewal reminder | Offer Annual Plan discount | Assign priority support | Trigger engagement campaign | Recommend personalized content,
2478,2479,James Patterson III,holly00@example.com,holly00,1996-07-28,Female,Christopherburgh,2024-02-13,2025-02-12,Monthly,0,0.5634229222208783,56.34,56.34,Medium,About to Leave,0.7124000000000001,0.09051851851851853,1,0,1,0,-62,3.7,1,0,Send renewal reminder | Offer Annual Plan discount | Assign priority support | Recommend personalized content,
2479,2480,Mckenzie Nelson,martinezamber@example.net,martinezamber,1947-07-27,Male,Lake Gabrielle,2024-02-04,2025-02-03,Annual,0,0.42258219284798093,42.26,42.26,Medium,About to Leave,0.7184000000000001,0.10019047619047619,0,0,1,0,-71,4.2,0,0,Send renewal reminder | Assign priority support | Recommend personalized content,
2480,2481,Christina Porter,jamesedwards@example.com,jamesedwards,1935-03-15,Male,New Richardville,2024-02-13,2025-02-12,Monthly,0,0.6166583408455337,61.67,61.67,Medium,About to Leave,0.6991999999999999,0.06521212121212122,1,0,1,0,-62,4.6,1,0,Send renewal reminder | Offer Annual Plan discount | Assign priority support | Recommend personalized content,
2481,2482,Katie Gamble,denisejones@example.net,denisejones,1965-04-05,Female,Kevintown,2024-02-12,2025-02-11,Monthly,0,0.4439299839324672,44.39,44.39,Medium,About to Leave,0.7071999999999999,0.13546666666666668,1,0,0,0,-63,3.6,0,0,Send renewal reminder | Offer Annual Plan discount | Recommend personalized content,
2482,2483,Gary White,robert75@example.org,robert75,1965-08-29,Female,Scottville,2024-01-01,2024-12-31,Annual,0,0.3096904788721721,30.97,30.97,Low,About to Leave,0.7176,0.552,0,0,0,0,-105,3.8,0,0,Send renewal reminder | Recommend personalized content,
2483,2484,Samantha Lee,catherinecannon@example.com,catherinecannon,1960-09-23,Female,Edwardstown,2024-02-07,2025-02-06,Annual,0,0.27356520972576226,27.36,27.36,Low,Loyal,0.8,0.24444444444444446,0,0,0,0,-68,5.0,0,0,Send renewal reminder | Recommend personalized content,Recommend premium Sci-Fi bundle | Recommend lifestyle and family content pack | Recommend mobile premium pack | Offer loyalty reward / premium upsell
2484,2485,Samuel Rivera,brandon58@example.org,brandon58,1941-01-15,Female,North Nicoletown,2024-01-03,2025-01-02,Annual,0,0.416703686206117,41.67,41.67,Medium,About to Leave,0.7176,0.09096296296296297,0,0,1,0,-103,3.8,0,0,Send renewal reminder | Assign priority support | Recommend personalized content,
2485,2486,Sonya Garcia,smithgerald@example.org,smithgerald,1955-07-30,Female,Port Carlosville,2024-02-19,2025-02-18,Monthly,0,0.4145108730051484,41.45,41.45,Medium,About to Leave,0.8172,0.47200000000000003,1,0,0,0,-56,3.6,0,0,Send renewal reminder | Offer Annual Plan discount | Recommend personalized content,
2486,2487,Margaret Conner,simpsoncharlotte@example.com,simpsoncharlotte,1982-07-05,Female,Johnview,2024-03-01,2025-03-01,Annual,0,0.4743408464770384,47.43,47.43,Medium,About to Leave,0.6012,0.058222222222222224,0,0,1,0,-45,3.1,1,0,Send renewal reminder | Assign priority support | Collect feedback and offer service recovery | Recommend personalized content,
2487,2488,Anthony Cruz,bradleycordova@example.org,bradleycordova,1973-03-04,Female,Gibsonstad,2024-04-08,2025-04-08,Monthly,0,0.42473813327572113,42.47,42.47,Medium,About to Leave,0.7288,0.19200000000000003,1,0,0,0,-7,4.4,0,0,Send renewal reminder | Offer Annual Plan discount | Recommend personalized content,
2488,2489,Amanda Gardner,sporter@example.net,sporter,2005-05-18,Female,Port Jonathan,2024-03-07,2025-03-07,Annual,0,0.42077940382911544,42.08,42.08,Medium,About to Leave,0.7648000000000001,0.08626666666666669,0,0,1,0,-39,4.9,0,0,Send renewal reminder | Assign priority support | Recommend personalized content,
2489,2490,Jeffery Mcdowell,bradley67@example.net,bradley67,1966-07-07,Female,Jakeside,2024-01-06,2025-01-05,Monthly,0,0.5333189485780142,53.33,53.33,Medium,About to Leave,0.7988000000000002,0.12200000000000001,1,0,1,0,-100,4.4,1,0,Send renewal reminder | Offer Annual Plan discount | Assign priority support | Recommend personalized content,
2490,2491,Shannon Short,guzmanmichelle@example.com,guzmanmichelle,1941-09-08,Male,Garzaburgh,2024-03-17,2025-03-17,Annual,0,0.4348189719016015,43.48,43.48,Medium,About to Leave,0.734,0.10190476190476191,0,0,1,0,-29,4.5,0,0,Send renewal reminder | Assign priority support | Recommend personalized content,
2491,2492,Brian Robertson,jirwin@example.org,jirwin,1982-02-25,Female,Port Cheryltown,2024-02-25,2025-02-24,Monthly,0,0.4569703703179858,45.7,45.7,Medium,About to Leave,0.7332,0.13946666666666668,1,0,0,0,-50,4.1,0,0,Send renewal reminder | Offer Annual Plan discount | Recommend personalized content,
2492,2493,Darrell Krueger,twatkins@example.net,twatkins,1941-01-03,Male,New Jason,2024-01-29,2025-01-28,Monthly,0,0.5519893002324762,55.2,55.2,Medium,About to Leave,0.7044000000000001,0.084,1,0,1,0,-77,4.7,1,0,Send renewal reminder | Offer Annual Plan discount | Assign priority support | Recommend personalized content,
2493,2494,Jerry Bruce,virginia02@example.net,virginia02,1962-07-03,Male,North Tinaborough,2024-04-05,2025-04-05,Annual,0,0.2763489853171284,27.63,27.63,Low,Loyal,0.8200000000000001,0.17333333333333334,0,0,0,0,-10,5.0,0,0,Send renewal reminder | Recommend personalized content,Recommend reading/documentary combo | Recommend family multi-screen plan | Offer loyalty reward / premium upsell
2494,2495,Jennifer Burch,andersonchristina@example.net,andersonchristina,1950-04-18,Female,New Ian,2024-03-06,2025-03-06,Annual,0,0.469903700474581,46.99,46.99,Medium,About to Leave,0.6532,0.06266666666666668,0,0,1,0,-40,4.1,0,0,Send renewal reminder | Assign priority support | Recommend personalized content,
2495,2496,Michael Lopez,williamsroberto@example.org,williamsroberto,1967-08-19,Male,Smithport,2024-01-25,2025-01-24,Annual,0,0.2610706025125239,26.11,26.11,Low,Loyal,0.8348000000000001,0.2875555555555556,0,0,0,0,-81,4.9,0,0,Send renewal reminder | Recommend personalized content,Recommend premium Comedy bundle | Recommend premium device streaming bundle | Recommend offline mobile viewing pack | Offer loyalty reward / premium upsell
2496,2497,Matthew Woodard,lkaiser@example.com,lkaiser,1980-10-23,Male,Ethanport,2024-03-03,2025-03-03,Annual,0,0.2554117222931988,25.54,25.54,Low,Loyal,0.808,0.8266666666666668,0,0,0,0,-43,4.0,0,0,Send renewal reminder | Recommend personalized content,Recommend premium Comedy bundle | Recommend reading/documentary combo | Recommend family multi-screen plan | Offer loyalty reward / premium upsell
2497,2498,Morgan Barnes,erikaholland@example.net,erikaholland,1972-03-31,Female,Alexandraborough,2024-02-09,2025-02-08,Annual,0,0.4239312303919589,42.39,42.39,Medium,About to Leave,0.7348000000000001,0.08103703703703705,0,0,1,0,-66,4.9,0,0,Send renewal reminder | Assign priority support | Recommend personalized content,
2498,2499,Gina Castaneda,reedcourtney@example.net,reedcourtney,1965-08-02,Female,Williammouth,2024-02-18,2025-02-17,Monthly,0,0.5901110319943443,59.01,59.01,Medium,About to Leave,0.7068000000000001,0.10033333333333334,1,0,1,0,-57,3.4,1,0,Send renewal reminder | Offer Annual Plan discount | Assign priority support | Collect feedback and offer service recovery | Recommend personalized content,
2499,2500,Mark Nicholson,martinisaac@example.net,martinisaac,1972-11-13,Female,Estradaborough,2024-01-28,2025-01-27,Annual,0,0.4260155731129857,42.6,42.6,Medium,About to Leave,0.6816000000000001,0.07986666666666667,0,0,1,0,-78,3.3,0,0,Send renewal reminder | Assign priority support | Collect feedback and offer service recovery | Recommend personalized content,
